# https://github.com/mikedh/trimesh
v -0.18000000 0.00000000 0.45000000
v -0.02000000 0.00000000 0.45000000
v -0.02000000 0.00000000 1.45000000
v -0.18000000 0.00000000 1.45000000
v -0.02783096 0.04944272 0.45000000
v -0.02783096 0.04944272 1.45000000
v -0.05055728 0.09404564 0.45000000
v -0.05055728 0.09404564 1.45000000
v -0.08595436 0.12944272 0.45000000
v -0.08595436 0.12944272 1.45000000
v -0.13055728 0.15216904 0.45000000
v -0.13055728 0.15216904 1.45000000
v -0.18000000 0.16000000 0.45000000
v -0.18000000 0.16000000 1.45000000
v -0.22944272 0.15216904 0.45000000
v -0.22944272 0.15216904 1.45000000
v -0.27404564 0.12944272 0.45000000
v -0.27404564 0.12944272 1.45000000
v -0.30944272 0.09404564 0.45000000
v -0.30944272 0.09404564 1.45000000
v -0.33216904 0.04944272 0.45000000
v -0.33216904 0.04944272 1.45000000
v -0.34000000 0.00000000 0.45000000
v -0.34000000 0.00000000 1.45000000
v -0.33216904 -0.04944272 0.45000000
v -0.33216904 -0.04944272 1.45000000
v -0.30944272 -0.09404564 0.45000000
v -0.30944272 -0.09404564 1.45000000
v -0.27404564 -0.12944272 0.45000000
v -0.27404564 -0.12944272 1.45000000
v -0.22944272 -0.15216904 0.45000000
v -0.22944272 -0.15216904 1.45000000
v -0.18000000 -0.16000000 0.45000000
v -0.18000000 -0.16000000 1.45000000
v -0.13055728 -0.15216904 0.45000000
v -0.13055728 -0.15216904 1.45000000
v -0.08595436 -0.12944272 0.45000000
v -0.08595436 -0.12944272 1.45000000
v -0.05055728 -0.09404564 0.45000000
v -0.05055728 -0.09404564 1.45000000
v -0.02783096 -0.04944272 0.45000000
v -0.02783096 -0.04944272 1.45000000
v -0.02880000 0.00000000 -0.08800000
v -0.00246487 0.00000000 -0.08581781
v 0.02315192 0.00000000 -0.07933076
v 0.04735158 0.00000000 -0.06871580
v 0.06947403 0.00000000 -0.05426248
v 0.08891583 0.00000000 -0.03636505
v 0.10514664 0.00000000 -0.01551171
v 0.11772373 0.00000000 0.00772873
v 0.12630404 0.00000000 0.03272232
v 0.13065352 0.00000000 0.05878730
v 0.13065352 0.00000000 0.08521270
v 0.12630404 0.00000000 0.11127768
v 0.11772373 0.00000000 0.13627127
v 0.10514664 0.00000000 0.15951171
v 0.08891583 0.00000000 0.18036505
v 0.06947403 0.00000000 0.19826248
v 0.04735158 0.00000000 0.21271580
v 0.02315192 0.00000000 0.22333076
v -0.00246487 0.00000000 0.22981781
v -0.02880000 0.00000000 0.23200000
v -0.00375380 0.00813800 -0.08581781
v 0.02060921 0.01605402 -0.07933076
v 0.04362446 0.02353213 -0.06871580
v 0.06466416 0.03036835 -0.05426248
v 0.08315440 0.03637619 -0.03636505
v 0.09859082 0.04139179 -0.01551171
v 0.11055235 0.04527832 0.00772873
v 0.11871271 0.04792979 0.03272232
v 0.12284931 0.04927385 0.05878730
v 0.12284931 0.04927385 0.08521270
v 0.11871271 0.04792979 0.11127768
v 0.11055235 0.04527832 0.13627127
v 0.09859082 0.04139179 0.15951171
v 0.08315440 0.03637619 0.18036505
v 0.06466416 0.03036835 0.19826248
v 0.04362446 0.02353213 0.21271580
v 0.02060921 0.01605402 0.22333076
v -0.00375380 0.00813800 0.22981781
v -0.00749443 0.01547940 -0.08581781
v 0.01322998 0.03053657 -0.07933076
v 0.03280792 0.04476078 -0.06871580
v 0.05070536 0.05776403 -0.05426248
v 0.06643410 0.06919163 -0.03636505
v 0.07956511 0.07873186 -0.01551171
v 0.08974019 0.08612449 0.00772873
v 0.09668181 0.09116787 0.03272232
v 0.10020061 0.09372443 0.05878730
v 0.10020061 0.09372443 0.08521270
v 0.09668181 0.09116787 0.11127768
v 0.08974019 0.08612449 0.13627127
v 0.07956511 0.07873186 0.15951171
v 0.06643410 0.06919163 0.18036505
v 0.05070536 0.05776403 0.19826248
v 0.03280792 0.04476078 0.21271580
v 0.01322998 0.03053657 0.22333076
v -0.00749443 0.01547940 0.22981781
v -0.01332060 0.02130557 -0.08581781
v 0.00173657 0.04202998 -0.07933076
v 0.01596078 0.06160792 -0.06871580
v 0.02896403 0.07950536 -0.05426248
v 0.04039163 0.09523410 -0.03636505
v 0.04993186 0.10836511 -0.01551171
v 0.05732449 0.11854019 0.00772873
v 0.06236787 0.12548181 0.03272232
v 0.06492443 0.12900061 0.05878730
v 0.06492443 0.12900061 0.08521270
v 0.06236787 0.12548181 0.11127768
v 0.05732449 0.11854019 0.13627127
v 0.04993186 0.10836511 0.15951171
v 0.04039163 0.09523410 0.18036505
v 0.02896403 0.07950536 0.19826248
v 0.01596078 0.06160792 0.21271580
v 0.00173657 0.04202998 0.22333076
v -0.01332060 0.02130557 0.22981781
v -0.02066200 0.02504620 -0.08581781
v -0.01274598 0.04940921 -0.07933076
v -0.00526787 0.07242446 -0.06871580
v 0.00156835 0.09346416 -0.05426248
v 0.00757619 0.11195440 -0.03636505
v 0.01259179 0.12739082 -0.01551171
v 0.01647832 0.13935235 0.00772873
v 0.01912979 0.14751271 0.03272232
v 0.02047385 0.15164931 0.05878730
v 0.02047385 0.15164931 0.08521270
v 0.01912979 0.14751271 0.11127768
v 0.01647832 0.13935235 0.13627127
v 0.01259179 0.12739082 0.15951171
v 0.00757619 0.11195440 0.18036505
v 0.00156835 0.09346416 0.19826248
v -0.00526787 0.07242446 0.21271580
v -0.01274598 0.04940921 0.22333076
v -0.02066200 0.02504620 0.22981781
v -0.02880000 0.02633513 -0.08581781
v -0.02880000 0.05195192 -0.07933076
v -0.02880000 0.07615158 -0.06871580
v -0.02880000 0.09827403 -0.05426248
v -0.02880000 0.11771583 -0.03636505
v -0.02880000 0.13394664 -0.01551171
v -0.02880000 0.14652373 0.00772873
v -0.02880000 0.15510404 0.03272232
v -0.02880000 0.15945352 0.05878730
v -0.02880000 0.15945352 0.08521270
v -0.02880000 0.15510404 0.11127768
v -0.02880000 0.14652373 0.13627127
v -0.02880000 0.13394664 0.15951171
v -0.02880000 0.11771583 0.18036505
v -0.02880000 0.09827403 0.19826248
v -0.02880000 0.07615158 0.21271580
v -0.02880000 0.05195192 0.22333076
v -0.02880000 0.02633513 0.22981781
v -0.03693800 0.02504620 -0.08581781
v -0.04485402 0.04940921 -0.07933076
v -0.05233213 0.07242446 -0.06871580
v -0.05916835 0.09346416 -0.05426248
v -0.06517619 0.11195440 -0.03636505
v -0.07019179 0.12739082 -0.01551171
v -0.07407832 0.13935235 0.00772873
v -0.07672979 0.14751271 0.03272232
v -0.07807385 0.15164931 0.05878730
v -0.07807385 0.15164931 0.08521270
v -0.07672979 0.14751271 0.11127768
v -0.07407832 0.13935235 0.13627127
v -0.07019179 0.12739082 0.15951171
v -0.06517619 0.11195440 0.18036505
v -0.05916835 0.09346416 0.19826248
v -0.05233213 0.07242446 0.21271580
v -0.04485402 0.04940921 0.22333076
v -0.03693800 0.02504620 0.22981781
v -0.04427940 0.02130557 -0.08581781
v -0.05933657 0.04202998 -0.07933076
v -0.07356078 0.06160792 -0.06871580
v -0.08656403 0.07950536 -0.05426248
v -0.09799163 0.09523410 -0.03636505
v -0.10753186 0.10836511 -0.01551171
v -0.11492449 0.11854019 0.00772873
v -0.11996787 0.12548181 0.03272232
v -0.12252443 0.12900061 0.05878730
v -0.12252443 0.12900061 0.08521270
v -0.11996787 0.12548181 0.11127768
v -0.11492449 0.11854019 0.13627127
v -0.10753186 0.10836511 0.15951171
v -0.09799163 0.09523410 0.18036505
v -0.08656403 0.07950536 0.19826248
v -0.07356078 0.06160792 0.21271580
v -0.05933657 0.04202998 0.22333076
v -0.04427940 0.02130557 0.22981781
v -0.05010557 0.01547940 -0.08581781
v -0.07082998 0.03053657 -0.07933076
v -0.09040792 0.04476078 -0.06871580
v -0.10830536 0.05776403 -0.05426248
v -0.12403410 0.06919163 -0.03636505
v -0.13716511 0.07873186 -0.01551171
v -0.14734019 0.08612449 0.00772873
v -0.15428181 0.09116787 0.03272232
v -0.15780061 0.09372443 0.05878730
v -0.15780061 0.09372443 0.08521270
v -0.15428181 0.09116787 0.11127768
v -0.14734019 0.08612449 0.13627127
v -0.13716511 0.07873186 0.15951171
v -0.12403410 0.06919163 0.18036505
v -0.10830536 0.05776403 0.19826248
v -0.09040792 0.04476078 0.21271580
v -0.07082998 0.03053657 0.22333076
v -0.05010557 0.01547940 0.22981781
v -0.05384620 0.00813800 -0.08581781
v -0.07820921 0.01605402 -0.07933076
v -0.10122446 0.02353213 -0.06871580
v -0.12226416 0.03036835 -0.05426248
v -0.14075440 0.03637619 -0.03636505
v -0.15619082 0.04139179 -0.01551171
v -0.16815235 0.04527832 0.00772873
v -0.17631271 0.04792979 0.03272232
v -0.18044931 0.04927385 0.05878730
v -0.18044931 0.04927385 0.08521270
v -0.17631271 0.04792979 0.11127768
v -0.16815235 0.04527832 0.13627127
v -0.15619082 0.04139179 0.15951171
v -0.14075440 0.03637619 0.18036505
v -0.12226416 0.03036835 0.19826248
v -0.10122446 0.02353213 0.21271580
v -0.07820921 0.01605402 0.22333076
v -0.05384620 0.00813800 0.22981781
v -0.05513513 0.00000000 -0.08581781
v -0.08075192 0.00000000 -0.07933076
v -0.10495158 0.00000000 -0.06871580
v -0.12707403 0.00000000 -0.05426248
v -0.14651583 0.00000000 -0.03636505
v -0.16274664 0.00000000 -0.01551171
v -0.17532373 0.00000000 0.00772873
v -0.18390404 0.00000000 0.03272232
v -0.18825352 0.00000000 0.05878730
v -0.18825352 0.00000000 0.08521270
v -0.18390404 0.00000000 0.11127768
v -0.17532373 0.00000000 0.13627127
v -0.16274664 0.00000000 0.15951171
v -0.14651583 0.00000000 0.18036505
v -0.12707403 0.00000000 0.19826248
v -0.10495158 0.00000000 0.21271580
v -0.08075192 0.00000000 0.22333076
v -0.05513513 0.00000000 0.22981781
v -0.05384620 -0.00813800 -0.08581781
v -0.07820921 -0.01605402 -0.07933076
v -0.10122446 -0.02353213 -0.06871580
v -0.12226416 -0.03036835 -0.05426248
v -0.14075440 -0.03637619 -0.03636505
v -0.15619082 -0.04139179 -0.01551171
v -0.16815235 -0.04527832 0.00772873
v -0.17631271 -0.04792979 0.03272232
v -0.18044931 -0.04927385 0.05878730
v -0.18044931 -0.04927385 0.08521270
v -0.17631271 -0.04792979 0.11127768
v -0.16815235 -0.04527832 0.13627127
v -0.15619082 -0.04139179 0.15951171
v -0.14075440 -0.03637619 0.18036505
v -0.12226416 -0.03036835 0.19826248
v -0.10122446 -0.02353213 0.21271580
v -0.07820921 -0.01605402 0.22333076
v -0.05384620 -0.00813800 0.22981781
v -0.05010557 -0.01547940 -0.08581781
v -0.07082998 -0.03053657 -0.07933076
v -0.09040792 -0.04476078 -0.06871580
v -0.10830536 -0.05776403 -0.05426248
v -0.12403410 -0.06919163 -0.03636505
v -0.13716511 -0.07873186 -0.01551171
v -0.14734019 -0.08612449 0.00772873
v -0.15428181 -0.09116787 0.03272232
v -0.15780061 -0.09372443 0.05878730
v -0.15780061 -0.09372443 0.08521270
v -0.15428181 -0.09116787 0.11127768
v -0.14734019 -0.08612449 0.13627127
v -0.13716511 -0.07873186 0.15951171
v -0.12403410 -0.06919163 0.18036505
v -0.10830536 -0.05776403 0.19826248
v -0.09040792 -0.04476078 0.21271580
v -0.07082998 -0.03053657 0.22333076
v -0.05010557 -0.01547940 0.22981781
v -0.04427940 -0.02130557 -0.08581781
v -0.05933657 -0.04202998 -0.07933076
v -0.07356078 -0.06160792 -0.06871580
v -0.08656403 -0.07950536 -0.05426248
v -0.09799163 -0.09523410 -0.03636505
v -0.10753186 -0.10836511 -0.01551171
v -0.11492449 -0.11854019 0.00772873
v -0.11996787 -0.12548181 0.03272232
v -0.12252443 -0.12900061 0.05878730
v -0.12252443 -0.12900061 0.08521270
v -0.11996787 -0.12548181 0.11127768
v -0.11492449 -0.11854019 0.13627127
v -0.10753186 -0.10836511 0.15951171
v -0.09799163 -0.09523410 0.18036505
v -0.08656403 -0.07950536 0.19826248
v -0.07356078 -0.06160792 0.21271580
v -0.05933657 -0.04202998 0.22333076
v -0.04427940 -0.02130557 0.22981781
v -0.03693800 -0.02504620 -0.08581781
v -0.04485402 -0.04940921 -0.07933076
v -0.05233213 -0.07242446 -0.06871580
v -0.05916835 -0.09346416 -0.05426248
v -0.06517619 -0.11195440 -0.03636505
v -0.07019179 -0.12739082 -0.01551171
v -0.07407832 -0.13935235 0.00772873
v -0.07672979 -0.14751271 0.03272232
v -0.07807385 -0.15164931 0.05878730
v -0.07807385 -0.15164931 0.08521270
v -0.07672979 -0.14751271 0.11127768
v -0.07407832 -0.13935235 0.13627127
v -0.07019179 -0.12739082 0.15951171
v -0.06517619 -0.11195440 0.18036505
v -0.05916835 -0.09346416 0.19826248
v -0.05233213 -0.07242446 0.21271580
v -0.04485402 -0.04940921 0.22333076
v -0.03693800 -0.02504620 0.22981781
v -0.02880000 -0.02633513 -0.08581781
v -0.02880000 -0.05195192 -0.07933076
v -0.02880000 -0.07615158 -0.06871580
v -0.02880000 -0.09827403 -0.05426248
v -0.02880000 -0.11771583 -0.03636505
v -0.02880000 -0.13394664 -0.01551171
v -0.02880000 -0.14652373 0.00772873
v -0.02880000 -0.15510404 0.03272232
v -0.02880000 -0.15945352 0.05878730
v -0.02880000 -0.15945352 0.08521270
v -0.02880000 -0.15510404 0.11127768
v -0.02880000 -0.14652373 0.13627127
v -0.02880000 -0.13394664 0.15951171
v -0.02880000 -0.11771583 0.18036505
v -0.02880000 -0.09827403 0.19826248
v -0.02880000 -0.07615158 0.21271580
v -0.02880000 -0.05195192 0.22333076
v -0.02880000 -0.02633513 0.22981781
v -0.02066200 -0.02504620 -0.08581781
v -0.01274598 -0.04940921 -0.07933076
v -0.00526787 -0.07242446 -0.06871580
v 0.00156835 -0.09346416 -0.05426248
v 0.00757619 -0.11195440 -0.03636505
v 0.01259179 -0.12739082 -0.01551171
v 0.01647832 -0.13935235 0.00772873
v 0.01912979 -0.14751271 0.03272232
v 0.02047385 -0.15164931 0.05878730
v 0.02047385 -0.15164931 0.08521270
v 0.01912979 -0.14751271 0.11127768
v 0.01647832 -0.13935235 0.13627127
v 0.01259179 -0.12739082 0.15951171
v 0.00757619 -0.11195440 0.18036505
v 0.00156835 -0.09346416 0.19826248
v -0.00526787 -0.07242446 0.21271580
v -0.01274598 -0.04940921 0.22333076
v -0.02066200 -0.02504620 0.22981781
v -0.01332060 -0.02130557 -0.08581781
v 0.00173657 -0.04202998 -0.07933076
v 0.01596078 -0.06160792 -0.06871580
v 0.02896403 -0.07950536 -0.05426248
v 0.04039163 -0.09523410 -0.03636505
v 0.04993186 -0.10836511 -0.01551171
v 0.05732449 -0.11854019 0.00772873
v 0.06236787 -0.12548181 0.03272232
v 0.06492443 -0.12900061 0.05878730
v 0.06492443 -0.12900061 0.08521270
v 0.06236787 -0.12548181 0.11127768
v 0.05732449 -0.11854019 0.13627127
v 0.04993186 -0.10836511 0.15951171
v 0.04039163 -0.09523410 0.18036505
v 0.02896403 -0.07950536 0.19826248
v 0.01596078 -0.06160792 0.21271580
v 0.00173657 -0.04202998 0.22333076
v -0.01332060 -0.02130557 0.22981781
v -0.00749443 -0.01547940 -0.08581781
v 0.01322998 -0.03053657 -0.07933076
v 0.03280792 -0.04476078 -0.06871580
v 0.05070536 -0.05776403 -0.05426248
v 0.06643410 -0.06919163 -0.03636505
v 0.07956511 -0.07873186 -0.01551171
v 0.08974019 -0.08612449 0.00772873
v 0.09668181 -0.09116787 0.03272232
v 0.10020061 -0.09372443 0.05878730
v 0.10020061 -0.09372443 0.08521270
v 0.09668181 -0.09116787 0.11127768
v 0.08974019 -0.08612449 0.13627127
v 0.07956511 -0.07873186 0.15951171
v 0.06643410 -0.06919163 0.18036505
v 0.05070536 -0.05776403 0.19826248
v 0.03280792 -0.04476078 0.21271580
v 0.01322998 -0.03053657 0.22333076
v -0.00749443 -0.01547940 0.22981781
v -0.00375380 -0.00813800 -0.08581781
v 0.02060921 -0.01605402 -0.07933076
v 0.04362446 -0.02353213 -0.06871580
v 0.06466416 -0.03036835 -0.05426248
v 0.08315440 -0.03637619 -0.03636505
v 0.09859082 -0.04139179 -0.01551171
v 0.11055235 -0.04527832 0.00772873
v 0.11871271 -0.04792979 0.03272232
v 0.12284931 -0.04927385 0.05878730
v 0.12284931 -0.04927385 0.08521270
v 0.11871271 -0.04792979 0.11127768
v 0.11055235 -0.04527832 0.13627127
v 0.09859082 -0.04139179 0.15951171
v 0.08315440 -0.03637619 0.18036505
v 0.06466416 -0.03036835 0.19826248
v 0.04362446 -0.02353213 0.21271580
v 0.02060921 -0.01605402 0.22333076
v -0.00375380 -0.00813800 0.22981781
v -0.02880000 0.00000000 0.07200000
v -0.00246487 0.00000000 0.07418219
v 0.02315192 0.00000000 0.08066924
v 0.04735158 0.00000000 0.09128420
v 0.06947403 0.00000000 0.10573752
v 0.08891583 0.00000000 0.12363495
v 0.10514664 0.00000000 0.14448829
v 0.11772373 0.00000000 0.16772873
v 0.12630404 0.00000000 0.19272232
v 0.13065352 0.00000000 0.21878730
v 0.13065352 0.00000000 0.24521270
v 0.12630404 0.00000000 0.27127768
v 0.11772373 0.00000000 0.29627127
v 0.10514664 0.00000000 0.31951171
v 0.08891583 0.00000000 0.34036505
v 0.06947403 0.00000000 0.35826248
v 0.04735158 0.00000000 0.37271580
v 0.02315192 0.00000000 0.38333076
v -0.00246487 0.00000000 0.38981781
v -0.02880000 0.00000000 0.39200000
v -0.00375380 0.00813800 0.07418219
v 0.02060921 0.01605402 0.08066924
v 0.04362446 0.02353213 0.09128420
v 0.06466416 0.03036835 0.10573752
v 0.08315440 0.03637619 0.12363495
v 0.09859082 0.04139179 0.14448829
v 0.11055235 0.04527832 0.16772873
v 0.11871271 0.04792979 0.19272232
v 0.12284931 0.04927385 0.21878730
v 0.12284931 0.04927385 0.24521270
v 0.11871271 0.04792979 0.27127768
v 0.11055235 0.04527832 0.29627127
v 0.09859082 0.04139179 0.31951171
v 0.08315440 0.03637619 0.34036505
v 0.06466416 0.03036835 0.35826248
v 0.04362446 0.02353213 0.37271580
v 0.02060921 0.01605402 0.38333076
v -0.00375380 0.00813800 0.38981781
v -0.00749443 0.01547940 0.07418219
v 0.01322998 0.03053657 0.08066924
v 0.03280792 0.04476078 0.09128420
v 0.05070536 0.05776403 0.10573752
v 0.06643410 0.06919163 0.12363495
v 0.07956511 0.07873186 0.14448829
v 0.08974019 0.08612449 0.16772873
v 0.09668181 0.09116787 0.19272232
v 0.10020061 0.09372443 0.21878730
v 0.10020061 0.09372443 0.24521270
v 0.09668181 0.09116787 0.27127768
v 0.08974019 0.08612449 0.29627127
v 0.07956511 0.07873186 0.31951171
v 0.06643410 0.06919163 0.34036505
v 0.05070536 0.05776403 0.35826248
v 0.03280792 0.04476078 0.37271580
v 0.01322998 0.03053657 0.38333076
v -0.00749443 0.01547940 0.38981781
v -0.01332060 0.02130557 0.07418219
v 0.00173657 0.04202998 0.08066924
v 0.01596078 0.06160792 0.09128420
v 0.02896403 0.07950536 0.10573752
v 0.04039163 0.09523410 0.12363495
v 0.04993186 0.10836511 0.14448829
v 0.05732449 0.11854019 0.16772873
v 0.06236787 0.12548181 0.19272232
v 0.06492443 0.12900061 0.21878730
v 0.06492443 0.12900061 0.24521270
v 0.06236787 0.12548181 0.27127768
v 0.05732449 0.11854019 0.29627127
v 0.04993186 0.10836511 0.31951171
v 0.04039163 0.09523410 0.34036505
v 0.02896403 0.07950536 0.35826248
v 0.01596078 0.06160792 0.37271580
v 0.00173657 0.04202998 0.38333076
v -0.01332060 0.02130557 0.38981781
v -0.02066200 0.02504620 0.07418219
v -0.01274598 0.04940921 0.08066924
v -0.00526787 0.07242446 0.09128420
v 0.00156835 0.09346416 0.10573752
v 0.00757619 0.11195440 0.12363495
v 0.01259179 0.12739082 0.14448829
v 0.01647832 0.13935235 0.16772873
v 0.01912979 0.14751271 0.19272232
v 0.02047385 0.15164931 0.21878730
v 0.02047385 0.15164931 0.24521270
v 0.01912979 0.14751271 0.27127768
v 0.01647832 0.13935235 0.29627127
v 0.01259179 0.12739082 0.31951171
v 0.00757619 0.11195440 0.34036505
v 0.00156835 0.09346416 0.35826248
v -0.00526787 0.07242446 0.37271580
v -0.01274598 0.04940921 0.38333076
v -0.02066200 0.02504620 0.38981781
v -0.02880000 0.02633513 0.07418219
v -0.02880000 0.05195192 0.08066924
v -0.02880000 0.07615158 0.09128420
v -0.02880000 0.09827403 0.10573752
v -0.02880000 0.11771583 0.12363495
v -0.02880000 0.13394664 0.14448829
v -0.02880000 0.14652373 0.16772873
v -0.02880000 0.15510404 0.19272232
v -0.02880000 0.15945352 0.21878730
v -0.02880000 0.15945352 0.24521270
v -0.02880000 0.15510404 0.27127768
v -0.02880000 0.14652373 0.29627127
v -0.02880000 0.13394664 0.31951171
v -0.02880000 0.11771583 0.34036505
v -0.02880000 0.09827403 0.35826248
v -0.02880000 0.07615158 0.37271580
v -0.02880000 0.05195192 0.38333076
v -0.02880000 0.02633513 0.38981781
v -0.03693800 0.02504620 0.07418219
v -0.04485402 0.04940921 0.08066924
v -0.05233213 0.07242446 0.09128420
v -0.05916835 0.09346416 0.10573752
v -0.06517619 0.11195440 0.12363495
v -0.07019179 0.12739082 0.14448829
v -0.07407832 0.13935235 0.16772873
v -0.07672979 0.14751271 0.19272232
v -0.07807385 0.15164931 0.21878730
v -0.07807385 0.15164931 0.24521270
v -0.07672979 0.14751271 0.27127768
v -0.07407832 0.13935235 0.29627127
v -0.07019179 0.12739082 0.31951171
v -0.06517619 0.11195440 0.34036505
v -0.05916835 0.09346416 0.35826248
v -0.05233213 0.07242446 0.37271580
v -0.04485402 0.04940921 0.38333076
v -0.03693800 0.02504620 0.38981781
v -0.04427940 0.02130557 0.07418219
v -0.05933657 0.04202998 0.08066924
v -0.07356078 0.06160792 0.09128420
v -0.08656403 0.07950536 0.10573752
v -0.09799163 0.09523410 0.12363495
v -0.10753186 0.10836511 0.14448829
v -0.11492449 0.11854019 0.16772873
v -0.11996787 0.12548181 0.19272232
v -0.12252443 0.12900061 0.21878730
v -0.12252443 0.12900061 0.24521270
v -0.11996787 0.12548181 0.27127768
v -0.11492449 0.11854019 0.29627127
v -0.10753186 0.10836511 0.31951171
v -0.09799163 0.09523410 0.34036505
v -0.08656403 0.07950536 0.35826248
v -0.07356078 0.06160792 0.37271580
v -0.05933657 0.04202998 0.38333076
v -0.04427940 0.02130557 0.38981781
v -0.05010557 0.01547940 0.07418219
v -0.07082998 0.03053657 0.08066924
v -0.09040792 0.04476078 0.09128420
v -0.10830536 0.05776403 0.10573752
v -0.12403410 0.06919163 0.12363495
v -0.13716511 0.07873186 0.14448829
v -0.14734019 0.08612449 0.16772873
v -0.15428181 0.09116787 0.19272232
v -0.15780061 0.09372443 0.21878730
v -0.15780061 0.09372443 0.24521270
v -0.15428181 0.09116787 0.27127768
v -0.14734019 0.08612449 0.29627127
v -0.13716511 0.07873186 0.31951171
v -0.12403410 0.06919163 0.34036505
v -0.10830536 0.05776403 0.35826248
v -0.09040792 0.04476078 0.37271580
v -0.07082998 0.03053657 0.38333076
v -0.05010557 0.01547940 0.38981781
v -0.05384620 0.00813800 0.07418219
v -0.07820921 0.01605402 0.08066924
v -0.10122446 0.02353213 0.09128420
v -0.12226416 0.03036835 0.10573752
v -0.14075440 0.03637619 0.12363495
v -0.15619082 0.04139179 0.14448829
v -0.16815235 0.04527832 0.16772873
v -0.17631271 0.04792979 0.19272232
v -0.18044931 0.04927385 0.21878730
v -0.18044931 0.04927385 0.24521270
v -0.17631271 0.04792979 0.27127768
v -0.16815235 0.04527832 0.29627127
v -0.15619082 0.04139179 0.31951171
v -0.14075440 0.03637619 0.34036505
v -0.12226416 0.03036835 0.35826248
v -0.10122446 0.02353213 0.37271580
v -0.07820921 0.01605402 0.38333076
v -0.05384620 0.00813800 0.38981781
v -0.05513513 0.00000000 0.07418219
v -0.08075192 0.00000000 0.08066924
v -0.10495158 0.00000000 0.09128420
v -0.12707403 0.00000000 0.10573752
v -0.14651583 0.00000000 0.12363495
v -0.16274664 0.00000000 0.14448829
v -0.17532373 0.00000000 0.16772873
v -0.18390404 0.00000000 0.19272232
v -0.18825352 0.00000000 0.21878730
v -0.18825352 0.00000000 0.24521270
v -0.18390404 0.00000000 0.27127768
v -0.17532373 0.00000000 0.29627127
v -0.16274664 0.00000000 0.31951171
v -0.14651583 0.00000000 0.34036505
v -0.12707403 0.00000000 0.35826248
v -0.10495158 0.00000000 0.37271580
v -0.08075192 0.00000000 0.38333076
v -0.05513513 0.00000000 0.38981781
v -0.05384620 -0.00813800 0.07418219
v -0.07820921 -0.01605402 0.08066924
v -0.10122446 -0.02353213 0.09128420
v -0.12226416 -0.03036835 0.10573752
v -0.14075440 -0.03637619 0.12363495
v -0.15619082 -0.04139179 0.14448829
v -0.16815235 -0.04527832 0.16772873
v -0.17631271 -0.04792979 0.19272232
v -0.18044931 -0.04927385 0.21878730
v -0.18044931 -0.04927385 0.24521270
v -0.17631271 -0.04792979 0.27127768
v -0.16815235 -0.04527832 0.29627127
v -0.15619082 -0.04139179 0.31951171
v -0.14075440 -0.03637619 0.34036505
v -0.12226416 -0.03036835 0.35826248
v -0.10122446 -0.02353213 0.37271580
v -0.07820921 -0.01605402 0.38333076
v -0.05384620 -0.00813800 0.38981781
v -0.05010557 -0.01547940 0.07418219
v -0.07082998 -0.03053657 0.08066924
v -0.09040792 -0.04476078 0.09128420
v -0.10830536 -0.05776403 0.10573752
v -0.12403410 -0.06919163 0.12363495
v -0.13716511 -0.07873186 0.14448829
v -0.14734019 -0.08612449 0.16772873
v -0.15428181 -0.09116787 0.19272232
v -0.15780061 -0.09372443 0.21878730
v -0.15780061 -0.09372443 0.24521270
v -0.15428181 -0.09116787 0.27127768
v -0.14734019 -0.08612449 0.29627127
v -0.13716511 -0.07873186 0.31951171
v -0.12403410 -0.06919163 0.34036505
v -0.10830536 -0.05776403 0.35826248
v -0.09040792 -0.04476078 0.37271580
v -0.07082998 -0.03053657 0.38333076
v -0.05010557 -0.01547940 0.38981781
v -0.04427940 -0.02130557 0.07418219
v -0.05933657 -0.04202998 0.08066924
v -0.07356078 -0.06160792 0.09128420
v -0.08656403 -0.07950536 0.10573752
v -0.09799163 -0.09523410 0.12363495
v -0.10753186 -0.10836511 0.14448829
v -0.11492449 -0.11854019 0.16772873
v -0.11996787 -0.12548181 0.19272232
v -0.12252443 -0.12900061 0.21878730
v -0.12252443 -0.12900061 0.24521270
v -0.11996787 -0.12548181 0.27127768
v -0.11492449 -0.11854019 0.29627127
v -0.10753186 -0.10836511 0.31951171
v -0.09799163 -0.09523410 0.34036505
v -0.08656403 -0.07950536 0.35826248
v -0.07356078 -0.06160792 0.37271580
v -0.05933657 -0.04202998 0.38333076
v -0.04427940 -0.02130557 0.38981781
v -0.03693800 -0.02504620 0.07418219
v -0.04485402 -0.04940921 0.08066924
v -0.05233213 -0.07242446 0.09128420
v -0.05916835 -0.09346416 0.10573752
v -0.06517619 -0.11195440 0.12363495
v -0.07019179 -0.12739082 0.14448829
v -0.07407832 -0.13935235 0.16772873
v -0.07672979 -0.14751271 0.19272232
v -0.07807385 -0.15164931 0.21878730
v -0.07807385 -0.15164931 0.24521270
v -0.07672979 -0.14751271 0.27127768
v -0.07407832 -0.13935235 0.29627127
v -0.07019179 -0.12739082 0.31951171
v -0.06517619 -0.11195440 0.34036505
v -0.05916835 -0.09346416 0.35826248
v -0.05233213 -0.07242446 0.37271580
v -0.04485402 -0.04940921 0.38333076
v -0.03693800 -0.02504620 0.38981781
v -0.02880000 -0.02633513 0.07418219
v -0.02880000 -0.05195192 0.08066924
v -0.02880000 -0.07615158 0.09128420
v -0.02880000 -0.09827403 0.10573752
v -0.02880000 -0.11771583 0.12363495
v -0.02880000 -0.13394664 0.14448829
v -0.02880000 -0.14652373 0.16772873
v -0.02880000 -0.15510404 0.19272232
v -0.02880000 -0.15945352 0.21878730
v -0.02880000 -0.15945352 0.24521270
v -0.02880000 -0.15510404 0.27127768
v -0.02880000 -0.14652373 0.29627127
v -0.02880000 -0.13394664 0.31951171
v -0.02880000 -0.11771583 0.34036505
v -0.02880000 -0.09827403 0.35826248
v -0.02880000 -0.07615158 0.37271580
v -0.02880000 -0.05195192 0.38333076
v -0.02880000 -0.02633513 0.38981781
v -0.02066200 -0.02504620 0.07418219
v -0.01274598 -0.04940921 0.08066924
v -0.00526787 -0.07242446 0.09128420
v 0.00156835 -0.09346416 0.10573752
v 0.00757619 -0.11195440 0.12363495
v 0.01259179 -0.12739082 0.14448829
v 0.01647832 -0.13935235 0.16772873
v 0.01912979 -0.14751271 0.19272232
v 0.02047385 -0.15164931 0.21878730
v 0.02047385 -0.15164931 0.24521270
v 0.01912979 -0.14751271 0.27127768
v 0.01647832 -0.13935235 0.29627127
v 0.01259179 -0.12739082 0.31951171
v 0.00757619 -0.11195440 0.34036505
v 0.00156835 -0.09346416 0.35826248
v -0.00526787 -0.07242446 0.37271580
v -0.01274598 -0.04940921 0.38333076
v -0.02066200 -0.02504620 0.38981781
v -0.01332060 -0.02130557 0.07418219
v 0.00173657 -0.04202998 0.08066924
v 0.01596078 -0.06160792 0.09128420
v 0.02896403 -0.07950536 0.10573752
v 0.04039163 -0.09523410 0.12363495
v 0.04993186 -0.10836511 0.14448829
v 0.05732449 -0.11854019 0.16772873
v 0.06236787 -0.12548181 0.19272232
v 0.06492443 -0.12900061 0.21878730
v 0.06492443 -0.12900061 0.24521270
v 0.06236787 -0.12548181 0.27127768
v 0.05732449 -0.11854019 0.29627127
v 0.04993186 -0.10836511 0.31951171
v 0.04039163 -0.09523410 0.34036505
v 0.02896403 -0.07950536 0.35826248
v 0.01596078 -0.06160792 0.37271580
v 0.00173657 -0.04202998 0.38333076
v -0.01332060 -0.02130557 0.38981781
v -0.00749443 -0.01547940 0.07418219
v 0.01322998 -0.03053657 0.08066924
v 0.03280792 -0.04476078 0.09128420
v 0.05070536 -0.05776403 0.10573752
v 0.06643410 -0.06919163 0.12363495
v 0.07956511 -0.07873186 0.14448829
v 0.08974019 -0.08612449 0.16772873
v 0.09668181 -0.09116787 0.19272232
v 0.10020061 -0.09372443 0.21878730
v 0.10020061 -0.09372443 0.24521270
v 0.09668181 -0.09116787 0.27127768
v 0.08974019 -0.08612449 0.29627127
v 0.07956511 -0.07873186 0.31951171
v 0.06643410 -0.06919163 0.34036505
v 0.05070536 -0.05776403 0.35826248
v 0.03280792 -0.04476078 0.37271580
v 0.01322998 -0.03053657 0.38333076
v -0.00749443 -0.01547940 0.38981781
v -0.00375380 -0.00813800 0.07418219
v 0.02060921 -0.01605402 0.08066924
v 0.04362446 -0.02353213 0.09128420
v 0.06466416 -0.03036835 0.10573752
v 0.08315440 -0.03637619 0.12363495
v 0.09859082 -0.04139179 0.14448829
v 0.11055235 -0.04527832 0.16772873
v 0.11871271 -0.04792979 0.19272232
v 0.12284931 -0.04927385 0.21878730
v 0.12284931 -0.04927385 0.24521270
v 0.11871271 -0.04792979 0.27127768
v 0.11055235 -0.04527832 0.29627127
v 0.09859082 -0.04139179 0.31951171
v 0.08315440 -0.03637619 0.34036505
v 0.06466416 -0.03036835 0.35826248
v 0.04362446 -0.02353213 0.37271580
v 0.02060921 -0.01605402 0.38333076
v -0.00375380 -0.00813800 0.38981781
v 0.18000000 0.00000000 0.45000000
v 0.34000000 0.00000000 0.45000000
v 0.34000000 0.00000000 1.45000000
v 0.18000000 0.00000000 1.45000000
v 0.33216904 0.04944272 0.45000000
v 0.33216904 0.04944272 1.45000000
v 0.30944272 0.09404564 0.45000000
v 0.30944272 0.09404564 1.45000000
v 0.27404564 0.12944272 0.45000000
v 0.27404564 0.12944272 1.45000000
v 0.22944272 0.15216904 0.45000000
v 0.22944272 0.15216904 1.45000000
v 0.18000000 0.16000000 0.45000000
v 0.18000000 0.16000000 1.45000000
v 0.13055728 0.15216904 0.45000000
v 0.13055728 0.15216904 1.45000000
v 0.08595436 0.12944272 0.45000000
v 0.08595436 0.12944272 1.45000000
v 0.05055728 0.09404564 0.45000000
v 0.05055728 0.09404564 1.45000000
v 0.02783096 0.04944272 0.45000000
v 0.02783096 0.04944272 1.45000000
v 0.02000000 0.00000000 0.45000000
v 0.02000000 0.00000000 1.45000000
v 0.02783096 -0.04944272 0.45000000
v 0.02783096 -0.04944272 1.45000000
v 0.05055728 -0.09404564 0.45000000
v 0.05055728 -0.09404564 1.45000000
v 0.08595436 -0.12944272 0.45000000
v 0.08595436 -0.12944272 1.45000000
v 0.13055728 -0.15216904 0.45000000
v 0.13055728 -0.15216904 1.45000000
v 0.18000000 -0.16000000 0.45000000
v 0.18000000 -0.16000000 1.45000000
v 0.22944272 -0.15216904 0.45000000
v 0.22944272 -0.15216904 1.45000000
v 0.27404564 -0.12944272 0.45000000
v 0.27404564 -0.12944272 1.45000000
v 0.30944272 -0.09404564 0.45000000
v 0.30944272 -0.09404564 1.45000000
v 0.33216904 -0.04944272 0.45000000
v 0.33216904 -0.04944272 1.45000000
v 0.02880000 0.00000000 -0.08800000
v 0.05513513 0.00000000 -0.08581781
v 0.08075192 0.00000000 -0.07933076
v 0.10495158 0.00000000 -0.06871580
v 0.12707403 0.00000000 -0.05426248
v 0.14651583 0.00000000 -0.03636505
v 0.16274664 0.00000000 -0.01551171
v 0.17532373 0.00000000 0.00772873
v 0.18390404 0.00000000 0.03272232
v 0.18825352 0.00000000 0.05878730
v 0.18825352 0.00000000 0.08521270
v 0.18390404 0.00000000 0.11127768
v 0.17532373 0.00000000 0.13627127
v 0.16274664 0.00000000 0.15951171
v 0.14651583 0.00000000 0.18036505
v 0.12707403 0.00000000 0.19826248
v 0.10495158 0.00000000 0.21271580
v 0.08075192 0.00000000 0.22333076
v 0.05513513 0.00000000 0.22981781
v 0.02880000 0.00000000 0.23200000
v 0.05384620 0.00813800 -0.08581781
v 0.07820921 0.01605402 -0.07933076
v 0.10122446 0.02353213 -0.06871580
v 0.12226416 0.03036835 -0.05426248
v 0.14075440 0.03637619 -0.03636505
v 0.15619082 0.04139179 -0.01551171
v 0.16815235 0.04527832 0.00772873
v 0.17631271 0.04792979 0.03272232
v 0.18044931 0.04927385 0.05878730
v 0.18044931 0.04927385 0.08521270
v 0.17631271 0.04792979 0.11127768
v 0.16815235 0.04527832 0.13627127
v 0.15619082 0.04139179 0.15951171
v 0.14075440 0.03637619 0.18036505
v 0.12226416 0.03036835 0.19826248
v 0.10122446 0.02353213 0.21271580
v 0.07820921 0.01605402 0.22333076
v 0.05384620 0.00813800 0.22981781
v 0.05010557 0.01547940 -0.08581781
v 0.07082998 0.03053657 -0.07933076
v 0.09040792 0.04476078 -0.06871580
v 0.10830536 0.05776403 -0.05426248
v 0.12403410 0.06919163 -0.03636505
v 0.13716511 0.07873186 -0.01551171
v 0.14734019 0.08612449 0.00772873
v 0.15428181 0.09116787 0.03272232
v 0.15780061 0.09372443 0.05878730
v 0.15780061 0.09372443 0.08521270
v 0.15428181 0.09116787 0.11127768
v 0.14734019 0.08612449 0.13627127
v 0.13716511 0.07873186 0.15951171
v 0.12403410 0.06919163 0.18036505
v 0.10830536 0.05776403 0.19826248
v 0.09040792 0.04476078 0.21271580
v 0.07082998 0.03053657 0.22333076
v 0.05010557 0.01547940 0.22981781
v 0.04427940 0.02130557 -0.08581781
v 0.05933657 0.04202998 -0.07933076
v 0.07356078 0.06160792 -0.06871580
v 0.08656403 0.07950536 -0.05426248
v 0.09799163 0.09523410 -0.03636505
v 0.10753186 0.10836511 -0.01551171
v 0.11492449 0.11854019 0.00772873
v 0.11996787 0.12548181 0.03272232
v 0.12252443 0.12900061 0.05878730
v 0.12252443 0.12900061 0.08521270
v 0.11996787 0.12548181 0.11127768
v 0.11492449 0.11854019 0.13627127
v 0.10753186 0.10836511 0.15951171
v 0.09799163 0.09523410 0.18036505
v 0.08656403 0.07950536 0.19826248
v 0.07356078 0.06160792 0.21271580
v 0.05933657 0.04202998 0.22333076
v 0.04427940 0.02130557 0.22981781
v 0.03693800 0.02504620 -0.08581781
v 0.04485402 0.04940921 -0.07933076
v 0.05233213 0.07242446 -0.06871580
v 0.05916835 0.09346416 -0.05426248
v 0.06517619 0.11195440 -0.03636505
v 0.07019179 0.12739082 -0.01551171
v 0.07407832 0.13935235 0.00772873
v 0.07672979 0.14751271 0.03272232
v 0.07807385 0.15164931 0.05878730
v 0.07807385 0.15164931 0.08521270
v 0.07672979 0.14751271 0.11127768
v 0.07407832 0.13935235 0.13627127
v 0.07019179 0.12739082 0.15951171
v 0.06517619 0.11195440 0.18036505
v 0.05916835 0.09346416 0.19826248
v 0.05233213 0.07242446 0.21271580
v 0.04485402 0.04940921 0.22333076
v 0.03693800 0.02504620 0.22981781
v 0.02880000 0.02633513 -0.08581781
v 0.02880000 0.05195192 -0.07933076
v 0.02880000 0.07615158 -0.06871580
v 0.02880000 0.09827403 -0.05426248
v 0.02880000 0.11771583 -0.03636505
v 0.02880000 0.13394664 -0.01551171
v 0.02880000 0.14652373 0.00772873
v 0.02880000 0.15510404 0.03272232
v 0.02880000 0.15945352 0.05878730
v 0.02880000 0.15945352 0.08521270
v 0.02880000 0.15510404 0.11127768
v 0.02880000 0.14652373 0.13627127
v 0.02880000 0.13394664 0.15951171
v 0.02880000 0.11771583 0.18036505
v 0.02880000 0.09827403 0.19826248
v 0.02880000 0.07615158 0.21271580
v 0.02880000 0.05195192 0.22333076
v 0.02880000 0.02633513 0.22981781
v 0.02066200 0.02504620 -0.08581781
v 0.01274598 0.04940921 -0.07933076
v 0.00526787 0.07242446 -0.06871580
v -0.00156835 0.09346416 -0.05426248
v -0.00757619 0.11195440 -0.03636505
v -0.01259179 0.12739082 -0.01551171
v -0.01647832 0.13935235 0.00772873
v -0.01912979 0.14751271 0.03272232
v -0.02047385 0.15164931 0.05878730
v -0.02047385 0.15164931 0.08521270
v -0.01912979 0.14751271 0.11127768
v -0.01647832 0.13935235 0.13627127
v -0.01259179 0.12739082 0.15951171
v -0.00757619 0.11195440 0.18036505
v -0.00156835 0.09346416 0.19826248
v 0.00526787 0.07242446 0.21271580
v 0.01274598 0.04940921 0.22333076
v 0.02066200 0.02504620 0.22981781
v 0.01332060 0.02130557 -0.08581781
v -0.00173657 0.04202998 -0.07933076
v -0.01596078 0.06160792 -0.06871580
v -0.02896403 0.07950536 -0.05426248
v -0.04039163 0.09523410 -0.03636505
v -0.04993186 0.10836511 -0.01551171
v -0.05732449 0.11854019 0.00772873
v -0.06236787 0.12548181 0.03272232
v -0.06492443 0.12900061 0.05878730
v -0.06492443 0.12900061 0.08521270
v -0.06236787 0.12548181 0.11127768
v -0.05732449 0.11854019 0.13627127
v -0.04993186 0.10836511 0.15951171
v -0.04039163 0.09523410 0.18036505
v -0.02896403 0.07950536 0.19826248
v -0.01596078 0.06160792 0.21271580
v -0.00173657 0.04202998 0.22333076
v 0.01332060 0.02130557 0.22981781
v 0.00749443 0.01547940 -0.08581781
v -0.01322998 0.03053657 -0.07933076
v -0.03280792 0.04476078 -0.06871580
v -0.05070536 0.05776403 -0.05426248
v -0.06643410 0.06919163 -0.03636505
v -0.07956511 0.07873186 -0.01551171
v -0.08974019 0.08612449 0.00772873
v -0.09668181 0.09116787 0.03272232
v -0.10020061 0.09372443 0.05878730
v -0.10020061 0.09372443 0.08521270
v -0.09668181 0.09116787 0.11127768
v -0.08974019 0.08612449 0.13627127
v -0.07956511 0.07873186 0.15951171
v -0.06643410 0.06919163 0.18036505
v -0.05070536 0.05776403 0.19826248
v -0.03280792 0.04476078 0.21271580
v -0.01322998 0.03053657 0.22333076
v 0.00749443 0.01547940 0.22981781
v 0.00375380 0.00813800 -0.08581781
v -0.02060921 0.01605402 -0.07933076
v -0.04362446 0.02353213 -0.06871580
v -0.06466416 0.03036835 -0.05426248
v -0.08315440 0.03637619 -0.03636505
v -0.09859082 0.04139179 -0.01551171
v -0.11055235 0.04527832 0.00772873
v -0.11871271 0.04792979 0.03272232
v -0.12284931 0.04927385 0.05878730
v -0.12284931 0.04927385 0.08521270
v -0.11871271 0.04792979 0.11127768
v -0.11055235 0.04527832 0.13627127
v -0.09859082 0.04139179 0.15951171
v -0.08315440 0.03637619 0.18036505
v -0.06466416 0.03036835 0.19826248
v -0.04362446 0.02353213 0.21271580
v -0.02060921 0.01605402 0.22333076
v 0.00375380 0.00813800 0.22981781
v 0.00246487 0.00000000 -0.08581781
v -0.02315192 0.00000000 -0.07933076
v -0.04735158 0.00000000 -0.06871580
v -0.06947403 0.00000000 -0.05426248
v -0.08891583 0.00000000 -0.03636505
v -0.10514664 0.00000000 -0.01551171
v -0.11772373 0.00000000 0.00772873
v -0.12630404 0.00000000 0.03272232
v -0.13065352 0.00000000 0.05878730
v -0.13065352 0.00000000 0.08521270
v -0.12630404 0.00000000 0.11127768
v -0.11772373 0.00000000 0.13627127
v -0.10514664 0.00000000 0.15951171
v -0.08891583 0.00000000 0.18036505
v -0.06947403 0.00000000 0.19826248
v -0.04735158 0.00000000 0.21271580
v -0.02315192 0.00000000 0.22333076
v 0.00246487 0.00000000 0.22981781
v 0.00375380 -0.00813800 -0.08581781
v -0.02060921 -0.01605402 -0.07933076
v -0.04362446 -0.02353213 -0.06871580
v -0.06466416 -0.03036835 -0.05426248
v -0.08315440 -0.03637619 -0.03636505
v -0.09859082 -0.04139179 -0.01551171
v -0.11055235 -0.04527832 0.00772873
v -0.11871271 -0.04792979 0.03272232
v -0.12284931 -0.04927385 0.05878730
v -0.12284931 -0.04927385 0.08521270
v -0.11871271 -0.04792979 0.11127768
v -0.11055235 -0.04527832 0.13627127
v -0.09859082 -0.04139179 0.15951171
v -0.08315440 -0.03637619 0.18036505
v -0.06466416 -0.03036835 0.19826248
v -0.04362446 -0.02353213 0.21271580
v -0.02060921 -0.01605402 0.22333076
v 0.00375380 -0.00813800 0.22981781
v 0.00749443 -0.01547940 -0.08581781
v -0.01322998 -0.03053657 -0.07933076
v -0.03280792 -0.04476078 -0.06871580
v -0.05070536 -0.05776403 -0.05426248
v -0.06643410 -0.06919163 -0.03636505
v -0.07956511 -0.07873186 -0.01551171
v -0.08974019 -0.08612449 0.00772873
v -0.09668181 -0.09116787 0.03272232
v -0.10020061 -0.09372443 0.05878730
v -0.10020061 -0.09372443 0.08521270
v -0.09668181 -0.09116787 0.11127768
v -0.08974019 -0.08612449 0.13627127
v -0.07956511 -0.07873186 0.15951171
v -0.06643410 -0.06919163 0.18036505
v -0.05070536 -0.05776403 0.19826248
v -0.03280792 -0.04476078 0.21271580
v -0.01322998 -0.03053657 0.22333076
v 0.00749443 -0.01547940 0.22981781
v 0.01332060 -0.02130557 -0.08581781
v -0.00173657 -0.04202998 -0.07933076
v -0.01596078 -0.06160792 -0.06871580
v -0.02896403 -0.07950536 -0.05426248
v -0.04039163 -0.09523410 -0.03636505
v -0.04993186 -0.10836511 -0.01551171
v -0.05732449 -0.11854019 0.00772873
v -0.06236787 -0.12548181 0.03272232
v -0.06492443 -0.12900061 0.05878730
v -0.06492443 -0.12900061 0.08521270
v -0.06236787 -0.12548181 0.11127768
v -0.05732449 -0.11854019 0.13627127
v -0.04993186 -0.10836511 0.15951171
v -0.04039163 -0.09523410 0.18036505
v -0.02896403 -0.07950536 0.19826248
v -0.01596078 -0.06160792 0.21271580
v -0.00173657 -0.04202998 0.22333076
v 0.01332060 -0.02130557 0.22981781
v 0.02066200 -0.02504620 -0.08581781
v 0.01274598 -0.04940921 -0.07933076
v 0.00526787 -0.07242446 -0.06871580
v -0.00156835 -0.09346416 -0.05426248
v -0.00757619 -0.11195440 -0.03636505
v -0.01259179 -0.12739082 -0.01551171
v -0.01647832 -0.13935235 0.00772873
v -0.01912979 -0.14751271 0.03272232
v -0.02047385 -0.15164931 0.05878730
v -0.02047385 -0.15164931 0.08521270
v -0.01912979 -0.14751271 0.11127768
v -0.01647832 -0.13935235 0.13627127
v -0.01259179 -0.12739082 0.15951171
v -0.00757619 -0.11195440 0.18036505
v -0.00156835 -0.09346416 0.19826248
v 0.00526787 -0.07242446 0.21271580
v 0.01274598 -0.04940921 0.22333076
v 0.02066200 -0.02504620 0.22981781
v 0.02880000 -0.02633513 -0.08581781
v 0.02880000 -0.05195192 -0.07933076
v 0.02880000 -0.07615158 -0.06871580
v 0.02880000 -0.09827403 -0.05426248
v 0.02880000 -0.11771583 -0.03636505
v 0.02880000 -0.13394664 -0.01551171
v 0.02880000 -0.14652373 0.00772873
v 0.02880000 -0.15510404 0.03272232
v 0.02880000 -0.15945352 0.05878730
v 0.02880000 -0.15945352 0.08521270
v 0.02880000 -0.15510404 0.11127768
v 0.02880000 -0.14652373 0.13627127
v 0.02880000 -0.13394664 0.15951171
v 0.02880000 -0.11771583 0.18036505
v 0.02880000 -0.09827403 0.19826248
v 0.02880000 -0.07615158 0.21271580
v 0.02880000 -0.05195192 0.22333076
v 0.02880000 -0.02633513 0.22981781
v 0.03693800 -0.02504620 -0.08581781
v 0.04485402 -0.04940921 -0.07933076
v 0.05233213 -0.07242446 -0.06871580
v 0.05916835 -0.09346416 -0.05426248
v 0.06517619 -0.11195440 -0.03636505
v 0.07019179 -0.12739082 -0.01551171
v 0.07407832 -0.13935235 0.00772873
v 0.07672979 -0.14751271 0.03272232
v 0.07807385 -0.15164931 0.05878730
v 0.07807385 -0.15164931 0.08521270
v 0.07672979 -0.14751271 0.11127768
v 0.07407832 -0.13935235 0.13627127
v 0.07019179 -0.12739082 0.15951171
v 0.06517619 -0.11195440 0.18036505
v 0.05916835 -0.09346416 0.19826248
v 0.05233213 -0.07242446 0.21271580
v 0.04485402 -0.04940921 0.22333076
v 0.03693800 -0.02504620 0.22981781
v 0.04427940 -0.02130557 -0.08581781
v 0.05933657 -0.04202998 -0.07933076
v 0.07356078 -0.06160792 -0.06871580
v 0.08656403 -0.07950536 -0.05426248
v 0.09799163 -0.09523410 -0.03636505
v 0.10753186 -0.10836511 -0.01551171
v 0.11492449 -0.11854019 0.00772873
v 0.11996787 -0.12548181 0.03272232
v 0.12252443 -0.12900061 0.05878730
v 0.12252443 -0.12900061 0.08521270
v 0.11996787 -0.12548181 0.11127768
v 0.11492449 -0.11854019 0.13627127
v 0.10753186 -0.10836511 0.15951171
v 0.09799163 -0.09523410 0.18036505
v 0.08656403 -0.07950536 0.19826248
v 0.07356078 -0.06160792 0.21271580
v 0.05933657 -0.04202998 0.22333076
v 0.04427940 -0.02130557 0.22981781
v 0.05010557 -0.01547940 -0.08581781
v 0.07082998 -0.03053657 -0.07933076
v 0.09040792 -0.04476078 -0.06871580
v 0.10830536 -0.05776403 -0.05426248
v 0.12403410 -0.06919163 -0.03636505
v 0.13716511 -0.07873186 -0.01551171
v 0.14734019 -0.08612449 0.00772873
v 0.15428181 -0.09116787 0.03272232
v 0.15780061 -0.09372443 0.05878730
v 0.15780061 -0.09372443 0.08521270
v 0.15428181 -0.09116787 0.11127768
v 0.14734019 -0.08612449 0.13627127
v 0.13716511 -0.07873186 0.15951171
v 0.12403410 -0.06919163 0.18036505
v 0.10830536 -0.05776403 0.19826248
v 0.09040792 -0.04476078 0.21271580
v 0.07082998 -0.03053657 0.22333076
v 0.05010557 -0.01547940 0.22981781
v 0.05384620 -0.00813800 -0.08581781
v 0.07820921 -0.01605402 -0.07933076
v 0.10122446 -0.02353213 -0.06871580
v 0.12226416 -0.03036835 -0.05426248
v 0.14075440 -0.03637619 -0.03636505
v 0.15619082 -0.04139179 -0.01551171
v 0.16815235 -0.04527832 0.00772873
v 0.17631271 -0.04792979 0.03272232
v 0.18044931 -0.04927385 0.05878730
v 0.18044931 -0.04927385 0.08521270
v 0.17631271 -0.04792979 0.11127768
v 0.16815235 -0.04527832 0.13627127
v 0.15619082 -0.04139179 0.15951171
v 0.14075440 -0.03637619 0.18036505
v 0.12226416 -0.03036835 0.19826248
v 0.10122446 -0.02353213 0.21271580
v 0.07820921 -0.01605402 0.22333076
v 0.05384620 -0.00813800 0.22981781
v 0.02880000 0.00000000 0.07200000
v 0.05513513 0.00000000 0.07418219
v 0.08075192 0.00000000 0.08066924
v 0.10495158 0.00000000 0.09128420
v 0.12707403 0.00000000 0.10573752
v 0.14651583 0.00000000 0.12363495
v 0.16274664 0.00000000 0.14448829
v 0.17532373 0.00000000 0.16772873
v 0.18390404 0.00000000 0.19272232
v 0.18825352 0.00000000 0.21878730
v 0.18825352 0.00000000 0.24521270
v 0.18390404 0.00000000 0.27127768
v 0.17532373 0.00000000 0.29627127
v 0.16274664 0.00000000 0.31951171
v 0.14651583 0.00000000 0.34036505
v 0.12707403 0.00000000 0.35826248
v 0.10495158 0.00000000 0.37271580
v 0.08075192 0.00000000 0.38333076
v 0.05513513 0.00000000 0.38981781
v 0.02880000 0.00000000 0.39200000
v 0.05384620 0.00813800 0.07418219
v 0.07820921 0.01605402 0.08066924
v 0.10122446 0.02353213 0.09128420
v 0.12226416 0.03036835 0.10573752
v 0.14075440 0.03637619 0.12363495
v 0.15619082 0.04139179 0.14448829
v 0.16815235 0.04527832 0.16772873
v 0.17631271 0.04792979 0.19272232
v 0.18044931 0.04927385 0.21878730
v 0.18044931 0.04927385 0.24521270
v 0.17631271 0.04792979 0.27127768
v 0.16815235 0.04527832 0.29627127
v 0.15619082 0.04139179 0.31951171
v 0.14075440 0.03637619 0.34036505
v 0.12226416 0.03036835 0.35826248
v 0.10122446 0.02353213 0.37271580
v 0.07820921 0.01605402 0.38333076
v 0.05384620 0.00813800 0.38981781
v 0.05010557 0.01547940 0.07418219
v 0.07082998 0.03053657 0.08066924
v 0.09040792 0.04476078 0.09128420
v 0.10830536 0.05776403 0.10573752
v 0.12403410 0.06919163 0.12363495
v 0.13716511 0.07873186 0.14448829
v 0.14734019 0.08612449 0.16772873
v 0.15428181 0.09116787 0.19272232
v 0.15780061 0.09372443 0.21878730
v 0.15780061 0.09372443 0.24521270
v 0.15428181 0.09116787 0.27127768
v 0.14734019 0.08612449 0.29627127
v 0.13716511 0.07873186 0.31951171
v 0.12403410 0.06919163 0.34036505
v 0.10830536 0.05776403 0.35826248
v 0.09040792 0.04476078 0.37271580
v 0.07082998 0.03053657 0.38333076
v 0.05010557 0.01547940 0.38981781
v 0.04427940 0.02130557 0.07418219
v 0.05933657 0.04202998 0.08066924
v 0.07356078 0.06160792 0.09128420
v 0.08656403 0.07950536 0.10573752
v 0.09799163 0.09523410 0.12363495
v 0.10753186 0.10836511 0.14448829
v 0.11492449 0.11854019 0.16772873
v 0.11996787 0.12548181 0.19272232
v 0.12252443 0.12900061 0.21878730
v 0.12252443 0.12900061 0.24521270
v 0.11996787 0.12548181 0.27127768
v 0.11492449 0.11854019 0.29627127
v 0.10753186 0.10836511 0.31951171
v 0.09799163 0.09523410 0.34036505
v 0.08656403 0.07950536 0.35826248
v 0.07356078 0.06160792 0.37271580
v 0.05933657 0.04202998 0.38333076
v 0.04427940 0.02130557 0.38981781
v 0.03693800 0.02504620 0.07418219
v 0.04485402 0.04940921 0.08066924
v 0.05233213 0.07242446 0.09128420
v 0.05916835 0.09346416 0.10573752
v 0.06517619 0.11195440 0.12363495
v 0.07019179 0.12739082 0.14448829
v 0.07407832 0.13935235 0.16772873
v 0.07672979 0.14751271 0.19272232
v 0.07807385 0.15164931 0.21878730
v 0.07807385 0.15164931 0.24521270
v 0.07672979 0.14751271 0.27127768
v 0.07407832 0.13935235 0.29627127
v 0.07019179 0.12739082 0.31951171
v 0.06517619 0.11195440 0.34036505
v 0.05916835 0.09346416 0.35826248
v 0.05233213 0.07242446 0.37271580
v 0.04485402 0.04940921 0.38333076
v 0.03693800 0.02504620 0.38981781
v 0.02880000 0.02633513 0.07418219
v 0.02880000 0.05195192 0.08066924
v 0.02880000 0.07615158 0.09128420
v 0.02880000 0.09827403 0.10573752
v 0.02880000 0.11771583 0.12363495
v 0.02880000 0.13394664 0.14448829
v 0.02880000 0.14652373 0.16772873
v 0.02880000 0.15510404 0.19272232
v 0.02880000 0.15945352 0.21878730
v 0.02880000 0.15945352 0.24521270
v 0.02880000 0.15510404 0.27127768
v 0.02880000 0.14652373 0.29627127
v 0.02880000 0.13394664 0.31951171
v 0.02880000 0.11771583 0.34036505
v 0.02880000 0.09827403 0.35826248
v 0.02880000 0.07615158 0.37271580
v 0.02880000 0.05195192 0.38333076
v 0.02880000 0.02633513 0.38981781
v 0.02066200 0.02504620 0.07418219
v 0.01274598 0.04940921 0.08066924
v 0.00526787 0.07242446 0.09128420
v -0.00156835 0.09346416 0.10573752
v -0.00757619 0.11195440 0.12363495
v -0.01259179 0.12739082 0.14448829
v -0.01647832 0.13935235 0.16772873
v -0.01912979 0.14751271 0.19272232
v -0.02047385 0.15164931 0.21878730
v -0.02047385 0.15164931 0.24521270
v -0.01912979 0.14751271 0.27127768
v -0.01647832 0.13935235 0.29627127
v -0.01259179 0.12739082 0.31951171
v -0.00757619 0.11195440 0.34036505
v -0.00156835 0.09346416 0.35826248
v 0.00526787 0.07242446 0.37271580
v 0.01274598 0.04940921 0.38333076
v 0.02066200 0.02504620 0.38981781
v 0.01332060 0.02130557 0.07418219
v -0.00173657 0.04202998 0.08066924
v -0.01596078 0.06160792 0.09128420
v -0.02896403 0.07950536 0.10573752
v -0.04039163 0.09523410 0.12363495
v -0.04993186 0.10836511 0.14448829
v -0.05732449 0.11854019 0.16772873
v -0.06236787 0.12548181 0.19272232
v -0.06492443 0.12900061 0.21878730
v -0.06492443 0.12900061 0.24521270
v -0.06236787 0.12548181 0.27127768
v -0.05732449 0.11854019 0.29627127
v -0.04993186 0.10836511 0.31951171
v -0.04039163 0.09523410 0.34036505
v -0.02896403 0.07950536 0.35826248
v -0.01596078 0.06160792 0.37271580
v -0.00173657 0.04202998 0.38333076
v 0.01332060 0.02130557 0.38981781
v 0.00749443 0.01547940 0.07418219
v -0.01322998 0.03053657 0.08066924
v -0.03280792 0.04476078 0.09128420
v -0.05070536 0.05776403 0.10573752
v -0.06643410 0.06919163 0.12363495
v -0.07956511 0.07873186 0.14448829
v -0.08974019 0.08612449 0.16772873
v -0.09668181 0.09116787 0.19272232
v -0.10020061 0.09372443 0.21878730
v -0.10020061 0.09372443 0.24521270
v -0.09668181 0.09116787 0.27127768
v -0.08974019 0.08612449 0.29627127
v -0.07956511 0.07873186 0.31951171
v -0.06643410 0.06919163 0.34036505
v -0.05070536 0.05776403 0.35826248
v -0.03280792 0.04476078 0.37271580
v -0.01322998 0.03053657 0.38333076
v 0.00749443 0.01547940 0.38981781
v 0.00375380 0.00813800 0.07418219
v -0.02060921 0.01605402 0.08066924
v -0.04362446 0.02353213 0.09128420
v -0.06466416 0.03036835 0.10573752
v -0.08315440 0.03637619 0.12363495
v -0.09859082 0.04139179 0.14448829
v -0.11055235 0.04527832 0.16772873
v -0.11871271 0.04792979 0.19272232
v -0.12284931 0.04927385 0.21878730
v -0.12284931 0.04927385 0.24521270
v -0.11871271 0.04792979 0.27127768
v -0.11055235 0.04527832 0.29627127
v -0.09859082 0.04139179 0.31951171
v -0.08315440 0.03637619 0.34036505
v -0.06466416 0.03036835 0.35826248
v -0.04362446 0.02353213 0.37271580
v -0.02060921 0.01605402 0.38333076
v 0.00375380 0.00813800 0.38981781
v 0.00246487 0.00000000 0.07418219
v -0.02315192 0.00000000 0.08066924
v -0.04735158 0.00000000 0.09128420
v -0.06947403 0.00000000 0.10573752
v -0.08891583 0.00000000 0.12363495
v -0.10514664 0.00000000 0.14448829
v -0.11772373 0.00000000 0.16772873
v -0.12630404 0.00000000 0.19272232
v -0.13065352 0.00000000 0.21878730
v -0.13065352 0.00000000 0.24521270
v -0.12630404 0.00000000 0.27127768
v -0.11772373 0.00000000 0.29627127
v -0.10514664 0.00000000 0.31951171
v -0.08891583 0.00000000 0.34036505
v -0.06947403 0.00000000 0.35826248
v -0.04735158 0.00000000 0.37271580
v -0.02315192 0.00000000 0.38333076
v 0.00246487 0.00000000 0.38981781
v 0.00375380 -0.00813800 0.07418219
v -0.02060921 -0.01605402 0.08066924
v -0.04362446 -0.02353213 0.09128420
v -0.06466416 -0.03036835 0.10573752
v -0.08315440 -0.03637619 0.12363495
v -0.09859082 -0.04139179 0.14448829
v -0.11055235 -0.04527832 0.16772873
v -0.11871271 -0.04792979 0.19272232
v -0.12284931 -0.04927385 0.21878730
v -0.12284931 -0.04927385 0.24521270
v -0.11871271 -0.04792979 0.27127768
v -0.11055235 -0.04527832 0.29627127
v -0.09859082 -0.04139179 0.31951171
v -0.08315440 -0.03637619 0.34036505
v -0.06466416 -0.03036835 0.35826248
v -0.04362446 -0.02353213 0.37271580
v -0.02060921 -0.01605402 0.38333076
v 0.00375380 -0.00813800 0.38981781
v 0.00749443 -0.01547940 0.07418219
v -0.01322998 -0.03053657 0.08066924
v -0.03280792 -0.04476078 0.09128420
v -0.05070536 -0.05776403 0.10573752
v -0.06643410 -0.06919163 0.12363495
v -0.07956511 -0.07873186 0.14448829
v -0.08974019 -0.08612449 0.16772873
v -0.09668181 -0.09116787 0.19272232
v -0.10020061 -0.09372443 0.21878730
v -0.10020061 -0.09372443 0.24521270
v -0.09668181 -0.09116787 0.27127768
v -0.08974019 -0.08612449 0.29627127
v -0.07956511 -0.07873186 0.31951171
v -0.06643410 -0.06919163 0.34036505
v -0.05070536 -0.05776403 0.35826248
v -0.03280792 -0.04476078 0.37271580
v -0.01322998 -0.03053657 0.38333076
v 0.00749443 -0.01547940 0.38981781
v 0.01332060 -0.02130557 0.07418219
v -0.00173657 -0.04202998 0.08066924
v -0.01596078 -0.06160792 0.09128420
v -0.02896403 -0.07950536 0.10573752
v -0.04039163 -0.09523410 0.12363495
v -0.04993186 -0.10836511 0.14448829
v -0.05732449 -0.11854019 0.16772873
v -0.06236787 -0.12548181 0.19272232
v -0.06492443 -0.12900061 0.21878730
v -0.06492443 -0.12900061 0.24521270
v -0.06236787 -0.12548181 0.27127768
v -0.05732449 -0.11854019 0.29627127
v -0.04993186 -0.10836511 0.31951171
v -0.04039163 -0.09523410 0.34036505
v -0.02896403 -0.07950536 0.35826248
v -0.01596078 -0.06160792 0.37271580
v -0.00173657 -0.04202998 0.38333076
v 0.01332060 -0.02130557 0.38981781
v 0.02066200 -0.02504620 0.07418219
v 0.01274598 -0.04940921 0.08066924
v 0.00526787 -0.07242446 0.09128420
v -0.00156835 -0.09346416 0.10573752
v -0.00757619 -0.11195440 0.12363495
v -0.01259179 -0.12739082 0.14448829
v -0.01647832 -0.13935235 0.16772873
v -0.01912979 -0.14751271 0.19272232
v -0.02047385 -0.15164931 0.21878730
v -0.02047385 -0.15164931 0.24521270
v -0.01912979 -0.14751271 0.27127768
v -0.01647832 -0.13935235 0.29627127
v -0.01259179 -0.12739082 0.31951171
v -0.00757619 -0.11195440 0.34036505
v -0.00156835 -0.09346416 0.35826248
v 0.00526787 -0.07242446 0.37271580
v 0.01274598 -0.04940921 0.38333076
v 0.02066200 -0.02504620 0.38981781
v 0.02880000 -0.02633513 0.07418219
v 0.02880000 -0.05195192 0.08066924
v 0.02880000 -0.07615158 0.09128420
v 0.02880000 -0.09827403 0.10573752
v 0.02880000 -0.11771583 0.12363495
v 0.02880000 -0.13394664 0.14448829
v 0.02880000 -0.14652373 0.16772873
v 0.02880000 -0.15510404 0.19272232
v 0.02880000 -0.15945352 0.21878730
v 0.02880000 -0.15945352 0.24521270
v 0.02880000 -0.15510404 0.27127768
v 0.02880000 -0.14652373 0.29627127
v 0.02880000 -0.13394664 0.31951171
v 0.02880000 -0.11771583 0.34036505
v 0.02880000 -0.09827403 0.35826248
v 0.02880000 -0.07615158 0.37271580
v 0.02880000 -0.05195192 0.38333076
v 0.02880000 -0.02633513 0.38981781
v 0.03693800 -0.02504620 0.07418219
v 0.04485402 -0.04940921 0.08066924
v 0.05233213 -0.07242446 0.09128420
v 0.05916835 -0.09346416 0.10573752
v 0.06517619 -0.11195440 0.12363495
v 0.07019179 -0.12739082 0.14448829
v 0.07407832 -0.13935235 0.16772873
v 0.07672979 -0.14751271 0.19272232
v 0.07807385 -0.15164931 0.21878730
v 0.07807385 -0.15164931 0.24521270
v 0.07672979 -0.14751271 0.27127768
v 0.07407832 -0.13935235 0.29627127
v 0.07019179 -0.12739082 0.31951171
v 0.06517619 -0.11195440 0.34036505
v 0.05916835 -0.09346416 0.35826248
v 0.05233213 -0.07242446 0.37271580
v 0.04485402 -0.04940921 0.38333076
v 0.03693800 -0.02504620 0.38981781
v 0.04427940 -0.02130557 0.07418219
v 0.05933657 -0.04202998 0.08066924
v 0.07356078 -0.06160792 0.09128420
v 0.08656403 -0.07950536 0.10573752
v 0.09799163 -0.09523410 0.12363495
v 0.10753186 -0.10836511 0.14448829
v 0.11492449 -0.11854019 0.16772873
v 0.11996787 -0.12548181 0.19272232
v 0.12252443 -0.12900061 0.21878730
v 0.12252443 -0.12900061 0.24521270
v 0.11996787 -0.12548181 0.27127768
v 0.11492449 -0.11854019 0.29627127
v 0.10753186 -0.10836511 0.31951171
v 0.09799163 -0.09523410 0.34036505
v 0.08656403 -0.07950536 0.35826248
v 0.07356078 -0.06160792 0.37271580
v 0.05933657 -0.04202998 0.38333076
v 0.04427940 -0.02130557 0.38981781
v 0.05010557 -0.01547940 0.07418219
v 0.07082998 -0.03053657 0.08066924
v 0.09040792 -0.04476078 0.09128420
v 0.10830536 -0.05776403 0.10573752
v 0.12403410 -0.06919163 0.12363495
v 0.13716511 -0.07873186 0.14448829
v 0.14734019 -0.08612449 0.16772873
v 0.15428181 -0.09116787 0.19272232
v 0.15780061 -0.09372443 0.21878730
v 0.15780061 -0.09372443 0.24521270
v 0.15428181 -0.09116787 0.27127768
v 0.14734019 -0.08612449 0.29627127
v 0.13716511 -0.07873186 0.31951171
v 0.12403410 -0.06919163 0.34036505
v 0.10830536 -0.05776403 0.35826248
v 0.09040792 -0.04476078 0.37271580
v 0.07082998 -0.03053657 0.38333076
v 0.05010557 -0.01547940 0.38981781
v 0.05384620 -0.00813800 0.07418219
v 0.07820921 -0.01605402 0.08066924
v 0.10122446 -0.02353213 0.09128420
v 0.12226416 -0.03036835 0.10573752
v 0.14075440 -0.03637619 0.12363495
v 0.15619082 -0.04139179 0.14448829
v 0.16815235 -0.04527832 0.16772873
v 0.17631271 -0.04792979 0.19272232
v 0.18044931 -0.04927385 0.21878730
v 0.18044931 -0.04927385 0.24521270
v 0.17631271 -0.04792979 0.27127768
v 0.16815235 -0.04527832 0.29627127
v 0.15619082 -0.04139179 0.31951171
v 0.14075440 -0.03637619 0.34036505
v 0.12226416 -0.03036835 0.35826248
v 0.10122446 -0.02353213 0.37271580
v 0.07820921 -0.01605402 0.38333076
v 0.05384620 -0.00813800 0.38981781
v -0.03960000 -0.02040000 -0.09680000
v -0.00964334 -0.02040000 -0.09577545
v 0.01975529 -0.02040000 -0.09272090
v 0.04804824 -0.02040000 -0.08769324
v 0.07470847 -0.02040000 -0.08078613
v 0.09923935 -0.02040000 -0.07212824
v 0.12118391 -0.02040000 -0.06188085
v 0.14013338 -0.02040000 -0.05023484
v 0.15573475 -0.02040000 -0.03740715
v 0.16769740 -0.02040000 -0.02363676
v 0.17579850 -0.02040000 -0.00918016
v 0.17988713 -0.02040000 0.00569333
v 0.17988713 -0.02040000 0.02070667
v 0.17579850 -0.02040000 0.03558016
v 0.16769740 -0.02040000 0.05003676
v 0.15573475 -0.02040000 0.06380715
v 0.14013338 -0.02040000 0.07663484
v 0.12118391 -0.02040000 0.08828085
v 0.09923935 -0.02040000 0.09852824
v 0.07470847 -0.02040000 0.10718613
v 0.04804824 -0.02040000 0.11409324
v 0.01975529 -0.02040000 0.11912090
v -0.00964334 -0.02040000 0.12217545
v -0.03960000 -0.02040000 0.12320000
v -0.01066409 -0.00841754 -0.09577545
v 0.01773281 0.00334170 -0.09272090
v 0.04506170 0.01465869 -0.08769324
v 0.07081350 0.02532260 -0.08078613
v 0.09450851 0.03513478 -0.07212824
v 0.11570533 0.04391245 -0.06188085
v 0.13400911 0.05149210 -0.05023484
v 0.14907888 0.05773255 -0.03740715
v 0.16063392 0.06251752 -0.02363676
v 0.16845897 0.06575791 -0.00918016
v 0.17240829 0.06739333 0.00569333
v 0.17240829 0.06739333 0.02070667
v 0.16845897 0.06575791 0.03558016
v 0.16063392 0.06251752 0.05003676
v 0.14907888 0.05773255 0.06380715
v 0.13400911 0.05149210 0.07663484
v 0.11570533 0.04391245 0.08828085
v 0.09450851 0.03513478 0.09852824
v 0.07081350 0.02532260 0.10718613
v 0.04506170 0.01465869 0.11409324
v 0.01773281 0.00334170 0.11912090
v -0.01066409 -0.00841754 0.12217545
v -0.01365677 0.00274833 -0.09577545
v 0.01180319 0.02546545 -0.09272090
v 0.03630560 0.04732819 -0.08769324
v 0.05939404 0.06792927 -0.08078613
v 0.08063840 0.08688495 -0.07212824
v 0.09964295 0.10384211 -0.06188085
v 0.11605367 0.11848488 -0.05023484
v 0.12956485 0.13054049 -0.03740715
v 0.13992482 0.13978436 -0.02363676
v 0.14694057 0.14604429 -0.00918016
v 0.15048143 0.14920369 0.00569333
v 0.15048143 0.14920369 0.02070667
v 0.14694057 0.14604429 0.03558016
v 0.13992482 0.13978436 0.05003676
v 0.12956485 0.13054049 0.06380715
v 0.11605367 0.11848488 0.07663484
v 0.09964295 0.10384211 0.08828085
v 0.08063840 0.08688495 0.09852824
v 0.05939404 0.06792927 0.10718613
v 0.03630560 0.04732819 0.11409324
v 0.01180319 0.02546545 0.11912090
v -0.01365677 0.00274833 0.12217545
v -0.01841744 0.01233668 -0.09577545
v 0.00237053 0.04446354 -0.09272090
v 0.02237666 0.07538212 -0.08769324
v 0.04122829 0.10451645 -0.08078613
v 0.05857424 0.13132383 -0.07212824
v 0.07409139 0.15530488 -0.06188085
v 0.08749069 0.17601288 -0.05023484
v 0.09852252 0.19306208 -0.03740715
v 0.10698140 0.20613489 -0.02363676
v 0.11270974 0.21498778 -0.00918016
v 0.11560084 0.21945584 0.00569333
v 0.11560084 0.21945584 0.02070667
v 0.11270974 0.21498778 0.03558016
v 0.10698140 0.20613489 0.05003676
v 0.09852252 0.19306208 0.06380715
v 0.08749069 0.17601288 0.07663484
v 0.07409139 0.15530488 0.08828085
v 0.05857424 0.13132383 0.09852824
v 0.04122829 0.10451645 0.10718613
v 0.02237666 0.07538212 0.11409324
v 0.00237053 0.04446354 0.11912090
v -0.01841744 0.01233668 0.12217545
v -0.02462167 0.01969408 -0.09577545
v -0.00992236 0.05904129 -0.09272090
v 0.00422412 0.09690866 -0.08769324
v 0.01755423 0.13259079 -0.08078613
v 0.02981967 0.16542299 -0.07212824
v 0.04079196 0.19479365 -0.06188085
v 0.05026669 0.22015567 -0.05023484
v 0.05806737 0.24103659 -0.03740715
v 0.06404870 0.25704744 -0.02363676
v 0.06809925 0.26788998 -0.00918016
v 0.07014356 0.27336221 0.00569333
v 0.07014356 0.27336221 0.02070667
v 0.06809925 0.26788998 0.03558016
v 0.06404870 0.25704744 0.05003676
v 0.05806737 0.24103659 0.06380715
v 0.05026669 0.22015567 0.07663484
v 0.04079196 0.19479365 0.08828085
v 0.02981967 0.16542299 0.09852824
v 0.01755423 0.13259079 0.10718613
v 0.00422412 0.09690866 0.11409324
v -0.00992236 0.05904129 0.11912090
v -0.02462167 0.01969408 0.12217545
v -0.03184665 0.02431914 -0.09577545
v -0.02423772 0.06820525 -0.09272090
v -0.01691497 0.11044081 -0.08769324
v -0.01001479 0.15023905 -0.08078613
v -0.00366573 0.18685861 -0.07212824
v 0.00201394 0.21961733 -0.06188085
v 0.00691842 0.24790499 -0.05023484
v 0.01095635 0.27119463 -0.03740715
v 0.01405252 0.28905241 -0.02363676
v 0.01614923 0.30114569 -0.00918016
v 0.01720745 0.30724917 0.00569333
v 0.01720745 0.30724917 0.02070667
v 0.01614923 0.30114569 0.03558016
v 0.01405252 0.28905241 0.05003676
v 0.01095635 0.27119463 0.06380715
v 0.00691842 0.24790499 0.07663484
v 0.00201394 0.21961733 0.08828085
v -0.00366573 0.18685861 0.09852824
v -0.01001479 0.15023905 0.10718613
v -0.01691497 0.11044081 0.11409324
v -0.02423772 0.06820525 0.11912090
v -0.03184665 0.02431914 0.12217545
v -0.03960000 0.02589666 -0.09577545
v -0.03960000 0.07133090 -0.09272090
v -0.03960000 0.11505637 -0.08769324
v -0.03960000 0.15625854 -0.08078613
v -0.03960000 0.19416990 -0.07212824
v -0.03960000 0.22808423 -0.06188085
v -0.03960000 0.25736976 -0.05023484
v -0.03960000 0.28148097 -0.03740715
v -0.03960000 0.29996871 -0.02363676
v -0.03960000 0.31248859 -0.00918016
v -0.03960000 0.31880738 0.00569333
v -0.03960000 0.31880738 0.02070667
v -0.03960000 0.31248859 0.03558016
v -0.03960000 0.29996871 0.05003676
v -0.03960000 0.28148097 0.06380715
v -0.03960000 0.25736976 0.07663484
v -0.03960000 0.22808423 0.08828085
v -0.03960000 0.19416990 0.09852824
v -0.03960000 0.15625854 0.10718613
v -0.03960000 0.11505637 0.11409324
v -0.03960000 0.07133090 0.11912090
v -0.03960000 0.02589666 0.12217545
v -0.04735335 0.02431914 -0.09577545
v -0.05496228 0.06820525 -0.09272090
v -0.06228503 0.11044081 -0.08769324
v -0.06918521 0.15023905 -0.08078613
v -0.07553427 0.18685861 -0.07212824
v -0.08121394 0.21961733 -0.06188085
v -0.08611842 0.24790499 -0.05023484
v -0.09015635 0.27119463 -0.03740715
v -0.09325252 0.28905241 -0.02363676
v -0.09534923 0.30114569 -0.00918016
v -0.09640745 0.30724917 0.00569333
v -0.09640745 0.30724917 0.02070667
v -0.09534923 0.30114569 0.03558016
v -0.09325252 0.28905241 0.05003676
v -0.09015635 0.27119463 0.06380715
v -0.08611842 0.24790499 0.07663484
v -0.08121394 0.21961733 0.08828085
v -0.07553427 0.18685861 0.09852824
v -0.06918521 0.15023905 0.10718613
v -0.06228503 0.11044081 0.11409324
v -0.05496228 0.06820525 0.11912090
v -0.04735335 0.02431914 0.12217545
v -0.05457833 0.01969408 -0.09577545
v -0.06927764 0.05904129 -0.09272090
v -0.08342412 0.09690866 -0.08769324
v -0.09675423 0.13259079 -0.08078613
v -0.10901967 0.16542299 -0.07212824
v -0.11999196 0.19479365 -0.06188085
v -0.12946669 0.22015567 -0.05023484
v -0.13726737 0.24103659 -0.03740715
v -0.14324870 0.25704744 -0.02363676
v -0.14729925 0.26788998 -0.00918016
v -0.14934356 0.27336221 0.00569333
v -0.14934356 0.27336221 0.02070667
v -0.14729925 0.26788998 0.03558016
v -0.14324870 0.25704744 0.05003676
v -0.13726737 0.24103659 0.06380715
v -0.12946669 0.22015567 0.07663484
v -0.11999196 0.19479365 0.08828085
v -0.10901967 0.16542299 0.09852824
v -0.09675423 0.13259079 0.10718613
v -0.08342412 0.09690866 0.11409324
v -0.06927764 0.05904129 0.11912090
v -0.05457833 0.01969408 0.12217545
v -0.06078256 0.01233668 -0.09577545
v -0.08157053 0.04446354 -0.09272090
v -0.10157666 0.07538212 -0.08769324
v -0.12042829 0.10451645 -0.08078613
v -0.13777424 0.13132383 -0.07212824
v -0.15329139 0.15530488 -0.06188085
v -0.16669069 0.17601288 -0.05023484
v -0.17772252 0.19306208 -0.03740715
v -0.18618140 0.20613489 -0.02363676
v -0.19190974 0.21498778 -0.00918016
v -0.19480084 0.21945584 0.00569333
v -0.19480084 0.21945584 0.02070667
v -0.19190974 0.21498778 0.03558016
v -0.18618140 0.20613489 0.05003676
v -0.17772252 0.19306208 0.06380715
v -0.16669069 0.17601288 0.07663484
v -0.15329139 0.15530488 0.08828085
v -0.13777424 0.13132383 0.09852824
v -0.12042829 0.10451645 0.10718613
v -0.10157666 0.07538212 0.11409324
v -0.08157053 0.04446354 0.11912090
v -0.06078256 0.01233668 0.12217545
v -0.06554323 0.00274833 -0.09577545
v -0.09100319 0.02546545 -0.09272090
v -0.11550560 0.04732819 -0.08769324
v -0.13859404 0.06792927 -0.08078613
v -0.15983840 0.08688495 -0.07212824
v -0.17884295 0.10384211 -0.06188085
v -0.19525367 0.11848488 -0.05023484
v -0.20876485 0.13054049 -0.03740715
v -0.21912482 0.13978436 -0.02363676
v -0.22614057 0.14604429 -0.00918016
v -0.22968143 0.14920369 0.00569333
v -0.22968143 0.14920369 0.02070667
v -0.22614057 0.14604429 0.03558016
v -0.21912482 0.13978436 0.05003676
v -0.20876485 0.13054049 0.06380715
v -0.19525367 0.11848488 0.07663484
v -0.17884295 0.10384211 0.08828085
v -0.15983840 0.08688495 0.09852824
v -0.13859404 0.06792927 0.10718613
v -0.11550560 0.04732819 0.11409324
v -0.09100319 0.02546545 0.11912090
v -0.06554323 0.00274833 0.12217545
v -0.06853591 -0.00841754 -0.09577545
v -0.09693281 0.00334170 -0.09272090
v -0.12426170 0.01465869 -0.08769324
v -0.15001350 0.02532260 -0.08078613
v -0.17370851 0.03513478 -0.07212824
v -0.19490533 0.04391245 -0.06188085
v -0.21320911 0.05149210 -0.05023484
v -0.22827888 0.05773255 -0.03740715
v -0.23983392 0.06251752 -0.02363676
v -0.24765897 0.06575791 -0.00918016
v -0.25160829 0.06739333 0.00569333
v -0.25160829 0.06739333 0.02070667
v -0.24765897 0.06575791 0.03558016
v -0.23983392 0.06251752 0.05003676
v -0.22827888 0.05773255 0.06380715
v -0.21320911 0.05149210 0.07663484
v -0.19490533 0.04391245 0.08828085
v -0.17370851 0.03513478 0.09852824
v -0.15001350 0.02532260 0.10718613
v -0.12426170 0.01465869 0.11409324
v -0.09693281 0.00334170 0.11912090
v -0.06853591 -0.00841754 0.12217545
v -0.06955666 -0.02040000 -0.09577545
v -0.09895529 -0.02040000 -0.09272090
v -0.12724824 -0.02040000 -0.08769324
v -0.15390847 -0.02040000 -0.08078613
v -0.17843935 -0.02040000 -0.07212824
v -0.20038391 -0.02040000 -0.06188085
v -0.21933338 -0.02040000 -0.05023484
v -0.23493475 -0.02040000 -0.03740715
v -0.24689740 -0.02040000 -0.02363676
v -0.25499850 -0.02040000 -0.00918016
v -0.25908713 -0.02040000 0.00569333
v -0.25908713 -0.02040000 0.02070667
v -0.25499850 -0.02040000 0.03558016
v -0.24689740 -0.02040000 0.05003676
v -0.23493475 -0.02040000 0.06380715
v -0.21933338 -0.02040000 0.07663484
v -0.20038391 -0.02040000 0.08828085
v -0.17843935 -0.02040000 0.09852824
v -0.15390847 -0.02040000 0.10718613
v -0.12724824 -0.02040000 0.11409324
v -0.09895529 -0.02040000 0.11912090
v -0.06955666 -0.02040000 0.12217545
v -0.06853591 -0.03238246 -0.09577545
v -0.09693281 -0.04414170 -0.09272090
v -0.12426170 -0.05545869 -0.08769324
v -0.15001350 -0.06612260 -0.08078613
v -0.17370851 -0.07593478 -0.07212824
v -0.19490533 -0.08471245 -0.06188085
v -0.21320911 -0.09229210 -0.05023484
v -0.22827888 -0.09853255 -0.03740715
v -0.23983392 -0.10331752 -0.02363676
v -0.24765897 -0.10655791 -0.00918016
v -0.25160829 -0.10819333 0.00569333
v -0.25160829 -0.10819333 0.02070667
v -0.24765897 -0.10655791 0.03558016
v -0.23983392 -0.10331752 0.05003676
v -0.22827888 -0.09853255 0.06380715
v -0.21320911 -0.09229210 0.07663484
v -0.19490533 -0.08471245 0.08828085
v -0.17370851 -0.07593478 0.09852824
v -0.15001350 -0.06612260 0.10718613
v -0.12426170 -0.05545869 0.11409324
v -0.09693281 -0.04414170 0.11912090
v -0.06853591 -0.03238246 0.12217545
v -0.06554323 -0.04354833 -0.09577545
v -0.09100319 -0.06626545 -0.09272090
v -0.11550560 -0.08812819 -0.08769324
v -0.13859404 -0.10872927 -0.08078613
v -0.15983840 -0.12768495 -0.07212824
v -0.17884295 -0.14464211 -0.06188085
v -0.19525367 -0.15928488 -0.05023484
v -0.20876485 -0.17134049 -0.03740715
v -0.21912482 -0.18058436 -0.02363676
v -0.22614057 -0.18684429 -0.00918016
v -0.22968143 -0.19000369 0.00569333
v -0.22968143 -0.19000369 0.02070667
v -0.22614057 -0.18684429 0.03558016
v -0.21912482 -0.18058436 0.05003676
v -0.20876485 -0.17134049 0.06380715
v -0.19525367 -0.15928488 0.07663484
v -0.17884295 -0.14464211 0.08828085
v -0.15983840 -0.12768495 0.09852824
v -0.13859404 -0.10872927 0.10718613
v -0.11550560 -0.08812819 0.11409324
v -0.09100319 -0.06626545 0.11912090
v -0.06554323 -0.04354833 0.12217545
v -0.06078256 -0.05313668 -0.09577545
v -0.08157053 -0.08526354 -0.09272090
v -0.10157666 -0.11618212 -0.08769324
v -0.12042829 -0.14531645 -0.08078613
v -0.13777424 -0.17212383 -0.07212824
v -0.15329139 -0.19610488 -0.06188085
v -0.16669069 -0.21681288 -0.05023484
v -0.17772252 -0.23386208 -0.03740715
v -0.18618140 -0.24693489 -0.02363676
v -0.19190974 -0.25578778 -0.00918016
v -0.19480084 -0.26025584 0.00569333
v -0.19480084 -0.26025584 0.02070667
v -0.19190974 -0.25578778 0.03558016
v -0.18618140 -0.24693489 0.05003676
v -0.17772252 -0.23386208 0.06380715
v -0.16669069 -0.21681288 0.07663484
v -0.15329139 -0.19610488 0.08828085
v -0.13777424 -0.17212383 0.09852824
v -0.12042829 -0.14531645 0.10718613
v -0.10157666 -0.11618212 0.11409324
v -0.08157053 -0.08526354 0.11912090
v -0.06078256 -0.05313668 0.12217545
v -0.05457833 -0.06049408 -0.09577545
v -0.06927764 -0.09984129 -0.09272090
v -0.08342412 -0.13770866 -0.08769324
v -0.09675423 -0.17339079 -0.08078613
v -0.10901967 -0.20622299 -0.07212824
v -0.11999196 -0.23559365 -0.06188085
v -0.12946669 -0.26095567 -0.05023484
v -0.13726737 -0.28183659 -0.03740715
v -0.14324870 -0.29784744 -0.02363676
v -0.14729925 -0.30868998 -0.00918016
v -0.14934356 -0.31416221 0.00569333
v -0.14934356 -0.31416221 0.02070667
v -0.14729925 -0.30868998 0.03558016
v -0.14324870 -0.29784744 0.05003676
v -0.13726737 -0.28183659 0.06380715
v -0.12946669 -0.26095567 0.07663484
v -0.11999196 -0.23559365 0.08828085
v -0.10901967 -0.20622299 0.09852824
v -0.09675423 -0.17339079 0.10718613
v -0.08342412 -0.13770866 0.11409324
v -0.06927764 -0.09984129 0.11912090
v -0.05457833 -0.06049408 0.12217545
v -0.04735335 -0.06511914 -0.09577545
v -0.05496228 -0.10900525 -0.09272090
v -0.06228503 -0.15124081 -0.08769324
v -0.06918521 -0.19103905 -0.08078613
v -0.07553427 -0.22765861 -0.07212824
v -0.08121394 -0.26041733 -0.06188085
v -0.08611842 -0.28870499 -0.05023484
v -0.09015635 -0.31199463 -0.03740715
v -0.09325252 -0.32985241 -0.02363676
v -0.09534923 -0.34194569 -0.00918016
v -0.09640745 -0.34804917 0.00569333
v -0.09640745 -0.34804917 0.02070667
v -0.09534923 -0.34194569 0.03558016
v -0.09325252 -0.32985241 0.05003676
v -0.09015635 -0.31199463 0.06380715
v -0.08611842 -0.28870499 0.07663484
v -0.08121394 -0.26041733 0.08828085
v -0.07553427 -0.22765861 0.09852824
v -0.06918521 -0.19103905 0.10718613
v -0.06228503 -0.15124081 0.11409324
v -0.05496228 -0.10900525 0.11912090
v -0.04735335 -0.06511914 0.12217545
v -0.03960000 -0.06669666 -0.09577545
v -0.03960000 -0.11213090 -0.09272090
v -0.03960000 -0.15585637 -0.08769324
v -0.03960000 -0.19705854 -0.08078613
v -0.03960000 -0.23496990 -0.07212824
v -0.03960000 -0.26888423 -0.06188085
v -0.03960000 -0.29816976 -0.05023484
v -0.03960000 -0.32228097 -0.03740715
v -0.03960000 -0.34076871 -0.02363676
v -0.03960000 -0.35328859 -0.00918016
v -0.03960000 -0.35960738 0.00569333
v -0.03960000 -0.35960738 0.02070667
v -0.03960000 -0.35328859 0.03558016
v -0.03960000 -0.34076871 0.05003676
v -0.03960000 -0.32228097 0.06380715
v -0.03960000 -0.29816976 0.07663484
v -0.03960000 -0.26888423 0.08828085
v -0.03960000 -0.23496990 0.09852824
v -0.03960000 -0.19705854 0.10718613
v -0.03960000 -0.15585637 0.11409324
v -0.03960000 -0.11213090 0.11912090
v -0.03960000 -0.06669666 0.12217545
v -0.03184665 -0.06511914 -0.09577545
v -0.02423772 -0.10900525 -0.09272090
v -0.01691497 -0.15124081 -0.08769324
v -0.01001479 -0.19103905 -0.08078613
v -0.00366573 -0.22765861 -0.07212824
v 0.00201394 -0.26041733 -0.06188085
v 0.00691842 -0.28870499 -0.05023484
v 0.01095635 -0.31199463 -0.03740715
v 0.01405252 -0.32985241 -0.02363676
v 0.01614923 -0.34194569 -0.00918016
v 0.01720745 -0.34804917 0.00569333
v 0.01720745 -0.34804917 0.02070667
v 0.01614923 -0.34194569 0.03558016
v 0.01405252 -0.32985241 0.05003676
v 0.01095635 -0.31199463 0.06380715
v 0.00691842 -0.28870499 0.07663484
v 0.00201394 -0.26041733 0.08828085
v -0.00366573 -0.22765861 0.09852824
v -0.01001479 -0.19103905 0.10718613
v -0.01691497 -0.15124081 0.11409324
v -0.02423772 -0.10900525 0.11912090
v -0.03184665 -0.06511914 0.12217545
v -0.02462167 -0.06049408 -0.09577545
v -0.00992236 -0.09984129 -0.09272090
v 0.00422412 -0.13770866 -0.08769324
v 0.01755423 -0.17339079 -0.08078613
v 0.02981967 -0.20622299 -0.07212824
v 0.04079196 -0.23559365 -0.06188085
v 0.05026669 -0.26095567 -0.05023484
v 0.05806737 -0.28183659 -0.03740715
v 0.06404870 -0.29784744 -0.02363676
v 0.06809925 -0.30868998 -0.00918016
v 0.07014356 -0.31416221 0.00569333
v 0.07014356 -0.31416221 0.02070667
v 0.06809925 -0.30868998 0.03558016
v 0.06404870 -0.29784744 0.05003676
v 0.05806737 -0.28183659 0.06380715
v 0.05026669 -0.26095567 0.07663484
v 0.04079196 -0.23559365 0.08828085
v 0.02981967 -0.20622299 0.09852824
v 0.01755423 -0.17339079 0.10718613
v 0.00422412 -0.13770866 0.11409324
v -0.00992236 -0.09984129 0.11912090
v -0.02462167 -0.06049408 0.12217545
v -0.01841744 -0.05313668 -0.09577545
v 0.00237053 -0.08526354 -0.09272090
v 0.02237666 -0.11618212 -0.08769324
v 0.04122829 -0.14531645 -0.08078613
v 0.05857424 -0.17212383 -0.07212824
v 0.07409139 -0.19610488 -0.06188085
v 0.08749069 -0.21681288 -0.05023484
v 0.09852252 -0.23386208 -0.03740715
v 0.10698140 -0.24693489 -0.02363676
v 0.11270974 -0.25578778 -0.00918016
v 0.11560084 -0.26025584 0.00569333
v 0.11560084 -0.26025584 0.02070667
v 0.11270974 -0.25578778 0.03558016
v 0.10698140 -0.24693489 0.05003676
v 0.09852252 -0.23386208 0.06380715
v 0.08749069 -0.21681288 0.07663484
v 0.07409139 -0.19610488 0.08828085
v 0.05857424 -0.17212383 0.09852824
v 0.04122829 -0.14531645 0.10718613
v 0.02237666 -0.11618212 0.11409324
v 0.00237053 -0.08526354 0.11912090
v -0.01841744 -0.05313668 0.12217545
v -0.01365677 -0.04354833 -0.09577545
v 0.01180319 -0.06626545 -0.09272090
v 0.03630560 -0.08812819 -0.08769324
v 0.05939404 -0.10872927 -0.08078613
v 0.08063840 -0.12768495 -0.07212824
v 0.09964295 -0.14464211 -0.06188085
v 0.11605367 -0.15928488 -0.05023484
v 0.12956485 -0.17134049 -0.03740715
v 0.13992482 -0.18058436 -0.02363676
v 0.14694057 -0.18684429 -0.00918016
v 0.15048143 -0.19000369 0.00569333
v 0.15048143 -0.19000369 0.02070667
v 0.14694057 -0.18684429 0.03558016
v 0.13992482 -0.18058436 0.05003676
v 0.12956485 -0.17134049 0.06380715
v 0.11605367 -0.15928488 0.07663484
v 0.09964295 -0.14464211 0.08828085
v 0.08063840 -0.12768495 0.09852824
v 0.05939404 -0.10872927 0.10718613
v 0.03630560 -0.08812819 0.11409324
v 0.01180319 -0.06626545 0.11912090
v -0.01365677 -0.04354833 0.12217545
v -0.01066409 -0.03238246 -0.09577545
v 0.01773281 -0.04414170 -0.09272090
v 0.04506170 -0.05545869 -0.08769324
v 0.07081350 -0.06612260 -0.08078613
v 0.09450851 -0.07593478 -0.07212824
v 0.11570533 -0.08471245 -0.06188085
v 0.13400911 -0.09229210 -0.05023484
v 0.14907888 -0.09853255 -0.03740715
v 0.16063392 -0.10331752 -0.02363676
v 0.16845897 -0.10655791 -0.00918016
v 0.17240829 -0.10819333 0.00569333
v 0.17240829 -0.10819333 0.02070667
v 0.16845897 -0.10655791 0.03558016
v 0.16063392 -0.10331752 0.05003676
v 0.14907888 -0.09853255 0.06380715
v 0.13400911 -0.09229210 0.07663484
v 0.11570533 -0.08471245 0.08828085
v 0.09450851 -0.07593478 0.09852824
v 0.07081350 -0.06612260 0.10718613
v 0.04506170 -0.05545869 0.11409324
v 0.01773281 -0.04414170 0.11912090
v -0.01066409 -0.03238246 0.12217545
v 0.03960000 -0.02040000 -0.09680000
v 0.06955666 -0.02040000 -0.09577545
v 0.09895529 -0.02040000 -0.09272090
v 0.12724824 -0.02040000 -0.08769324
v 0.15390847 -0.02040000 -0.08078613
v 0.17843935 -0.02040000 -0.07212824
v 0.20038391 -0.02040000 -0.06188085
v 0.21933338 -0.02040000 -0.05023484
v 0.23493475 -0.02040000 -0.03740715
v 0.24689740 -0.02040000 -0.02363676
v 0.25499850 -0.02040000 -0.00918016
v 0.25908713 -0.02040000 0.00569333
v 0.25908713 -0.02040000 0.02070667
v 0.25499850 -0.02040000 0.03558016
v 0.24689740 -0.02040000 0.05003676
v 0.23493475 -0.02040000 0.06380715
v 0.21933338 -0.02040000 0.07663484
v 0.20038391 -0.02040000 0.08828085
v 0.17843935 -0.02040000 0.09852824
v 0.15390847 -0.02040000 0.10718613
v 0.12724824 -0.02040000 0.11409324
v 0.09895529 -0.02040000 0.11912090
v 0.06955666 -0.02040000 0.12217545
v 0.03960000 -0.02040000 0.12320000
v 0.06853591 -0.00841754 -0.09577545
v 0.09693281 0.00334170 -0.09272090
v 0.12426170 0.01465869 -0.08769324
v 0.15001350 0.02532260 -0.08078613
v 0.17370851 0.03513478 -0.07212824
v 0.19490533 0.04391245 -0.06188085
v 0.21320911 0.05149210 -0.05023484
v 0.22827888 0.05773255 -0.03740715
v 0.23983392 0.06251752 -0.02363676
v 0.24765897 0.06575791 -0.00918016
v 0.25160829 0.06739333 0.00569333
v 0.25160829 0.06739333 0.02070667
v 0.24765897 0.06575791 0.03558016
v 0.23983392 0.06251752 0.05003676
v 0.22827888 0.05773255 0.06380715
v 0.21320911 0.05149210 0.07663484
v 0.19490533 0.04391245 0.08828085
v 0.17370851 0.03513478 0.09852824
v 0.15001350 0.02532260 0.10718613
v 0.12426170 0.01465869 0.11409324
v 0.09693281 0.00334170 0.11912090
v 0.06853591 -0.00841754 0.12217545
v 0.06554323 0.00274833 -0.09577545
v 0.09100319 0.02546545 -0.09272090
v 0.11550560 0.04732819 -0.08769324
v 0.13859404 0.06792927 -0.08078613
v 0.15983840 0.08688495 -0.07212824
v 0.17884295 0.10384211 -0.06188085
v 0.19525367 0.11848488 -0.05023484
v 0.20876485 0.13054049 -0.03740715
v 0.21912482 0.13978436 -0.02363676
v 0.22614057 0.14604429 -0.00918016
v 0.22968143 0.14920369 0.00569333
v 0.22968143 0.14920369 0.02070667
v 0.22614057 0.14604429 0.03558016
v 0.21912482 0.13978436 0.05003676
v 0.20876485 0.13054049 0.06380715
v 0.19525367 0.11848488 0.07663484
v 0.17884295 0.10384211 0.08828085
v 0.15983840 0.08688495 0.09852824
v 0.13859404 0.06792927 0.10718613
v 0.11550560 0.04732819 0.11409324
v 0.09100319 0.02546545 0.11912090
v 0.06554323 0.00274833 0.12217545
v 0.06078256 0.01233668 -0.09577545
v 0.08157053 0.04446354 -0.09272090
v 0.10157666 0.07538212 -0.08769324
v 0.12042829 0.10451645 -0.08078613
v 0.13777424 0.13132383 -0.07212824
v 0.15329139 0.15530488 -0.06188085
v 0.16669069 0.17601288 -0.05023484
v 0.17772252 0.19306208 -0.03740715
v 0.18618140 0.20613489 -0.02363676
v 0.19190974 0.21498778 -0.00918016
v 0.19480084 0.21945584 0.00569333
v 0.19480084 0.21945584 0.02070667
v 0.19190974 0.21498778 0.03558016
v 0.18618140 0.20613489 0.05003676
v 0.17772252 0.19306208 0.06380715
v 0.16669069 0.17601288 0.07663484
v 0.15329139 0.15530488 0.08828085
v 0.13777424 0.13132383 0.09852824
v 0.12042829 0.10451645 0.10718613
v 0.10157666 0.07538212 0.11409324
v 0.08157053 0.04446354 0.11912090
v 0.06078256 0.01233668 0.12217545
v 0.05457833 0.01969408 -0.09577545
v 0.06927764 0.05904129 -0.09272090
v 0.08342412 0.09690866 -0.08769324
v 0.09675423 0.13259079 -0.08078613
v 0.10901967 0.16542299 -0.07212824
v 0.11999196 0.19479365 -0.06188085
v 0.12946669 0.22015567 -0.05023484
v 0.13726737 0.24103659 -0.03740715
v 0.14324870 0.25704744 -0.02363676
v 0.14729925 0.26788998 -0.00918016
v 0.14934356 0.27336221 0.00569333
v 0.14934356 0.27336221 0.02070667
v 0.14729925 0.26788998 0.03558016
v 0.14324870 0.25704744 0.05003676
v 0.13726737 0.24103659 0.06380715
v 0.12946669 0.22015567 0.07663484
v 0.11999196 0.19479365 0.08828085
v 0.10901967 0.16542299 0.09852824
v 0.09675423 0.13259079 0.10718613
v 0.08342412 0.09690866 0.11409324
v 0.06927764 0.05904129 0.11912090
v 0.05457833 0.01969408 0.12217545
v 0.04735335 0.02431914 -0.09577545
v 0.05496228 0.06820525 -0.09272090
v 0.06228503 0.11044081 -0.08769324
v 0.06918521 0.15023905 -0.08078613
v 0.07553427 0.18685861 -0.07212824
v 0.08121394 0.21961733 -0.06188085
v 0.08611842 0.24790499 -0.05023484
v 0.09015635 0.27119463 -0.03740715
v 0.09325252 0.28905241 -0.02363676
v 0.09534923 0.30114569 -0.00918016
v 0.09640745 0.30724917 0.00569333
v 0.09640745 0.30724917 0.02070667
v 0.09534923 0.30114569 0.03558016
v 0.09325252 0.28905241 0.05003676
v 0.09015635 0.27119463 0.06380715
v 0.08611842 0.24790499 0.07663484
v 0.08121394 0.21961733 0.08828085
v 0.07553427 0.18685861 0.09852824
v 0.06918521 0.15023905 0.10718613
v 0.06228503 0.11044081 0.11409324
v 0.05496228 0.06820525 0.11912090
v 0.04735335 0.02431914 0.12217545
v 0.03960000 0.02589666 -0.09577545
v 0.03960000 0.07133090 -0.09272090
v 0.03960000 0.11505637 -0.08769324
v 0.03960000 0.15625854 -0.08078613
v 0.03960000 0.19416990 -0.07212824
v 0.03960000 0.22808423 -0.06188085
v 0.03960000 0.25736976 -0.05023484
v 0.03960000 0.28148097 -0.03740715
v 0.03960000 0.29996871 -0.02363676
v 0.03960000 0.31248859 -0.00918016
v 0.03960000 0.31880738 0.00569333
v 0.03960000 0.31880738 0.02070667
v 0.03960000 0.31248859 0.03558016
v 0.03960000 0.29996871 0.05003676
v 0.03960000 0.28148097 0.06380715
v 0.03960000 0.25736976 0.07663484
v 0.03960000 0.22808423 0.08828085
v 0.03960000 0.19416990 0.09852824
v 0.03960000 0.15625854 0.10718613
v 0.03960000 0.11505637 0.11409324
v 0.03960000 0.07133090 0.11912090
v 0.03960000 0.02589666 0.12217545
v 0.03184665 0.02431914 -0.09577545
v 0.02423772 0.06820525 -0.09272090
v 0.01691497 0.11044081 -0.08769324
v 0.01001479 0.15023905 -0.08078613
v 0.00366573 0.18685861 -0.07212824
v -0.00201394 0.21961733 -0.06188085
v -0.00691842 0.24790499 -0.05023484
v -0.01095635 0.27119463 -0.03740715
v -0.01405252 0.28905241 -0.02363676
v -0.01614923 0.30114569 -0.00918016
v -0.01720745 0.30724917 0.00569333
v -0.01720745 0.30724917 0.02070667
v -0.01614923 0.30114569 0.03558016
v -0.01405252 0.28905241 0.05003676
v -0.01095635 0.27119463 0.06380715
v -0.00691842 0.24790499 0.07663484
v -0.00201394 0.21961733 0.08828085
v 0.00366573 0.18685861 0.09852824
v 0.01001479 0.15023905 0.10718613
v 0.01691497 0.11044081 0.11409324
v 0.02423772 0.06820525 0.11912090
v 0.03184665 0.02431914 0.12217545
v 0.02462167 0.01969408 -0.09577545
v 0.00992236 0.05904129 -0.09272090
v -0.00422412 0.09690866 -0.08769324
v -0.01755423 0.13259079 -0.08078613
v -0.02981967 0.16542299 -0.07212824
v -0.04079196 0.19479365 -0.06188085
v -0.05026669 0.22015567 -0.05023484
v -0.05806737 0.24103659 -0.03740715
v -0.06404870 0.25704744 -0.02363676
v -0.06809925 0.26788998 -0.00918016
v -0.07014356 0.27336221 0.00569333
v -0.07014356 0.27336221 0.02070667
v -0.06809925 0.26788998 0.03558016
v -0.06404870 0.25704744 0.05003676
v -0.05806737 0.24103659 0.06380715
v -0.05026669 0.22015567 0.07663484
v -0.04079196 0.19479365 0.08828085
v -0.02981967 0.16542299 0.09852824
v -0.01755423 0.13259079 0.10718613
v -0.00422412 0.09690866 0.11409324
v 0.00992236 0.05904129 0.11912090
v 0.02462167 0.01969408 0.12217545
v 0.01841744 0.01233668 -0.09577545
v -0.00237053 0.04446354 -0.09272090
v -0.02237666 0.07538212 -0.08769324
v -0.04122829 0.10451645 -0.08078613
v -0.05857424 0.13132383 -0.07212824
v -0.07409139 0.15530488 -0.06188085
v -0.08749069 0.17601288 -0.05023484
v -0.09852252 0.19306208 -0.03740715
v -0.10698140 0.20613489 -0.02363676
v -0.11270974 0.21498778 -0.00918016
v -0.11560084 0.21945584 0.00569333
v -0.11560084 0.21945584 0.02070667
v -0.11270974 0.21498778 0.03558016
v -0.10698140 0.20613489 0.05003676
v -0.09852252 0.19306208 0.06380715
v -0.08749069 0.17601288 0.07663484
v -0.07409139 0.15530488 0.08828085
v -0.05857424 0.13132383 0.09852824
v -0.04122829 0.10451645 0.10718613
v -0.02237666 0.07538212 0.11409324
v -0.00237053 0.04446354 0.11912090
v 0.01841744 0.01233668 0.12217545
v 0.01365677 0.00274833 -0.09577545
v -0.01180319 0.02546545 -0.09272090
v -0.03630560 0.04732819 -0.08769324
v -0.05939404 0.06792927 -0.08078613
v -0.08063840 0.08688495 -0.07212824
v -0.09964295 0.10384211 -0.06188085
v -0.11605367 0.11848488 -0.05023484
v -0.12956485 0.13054049 -0.03740715
v -0.13992482 0.13978436 -0.02363676
v -0.14694057 0.14604429 -0.00918016
v -0.15048143 0.14920369 0.00569333
v -0.15048143 0.14920369 0.02070667
v -0.14694057 0.14604429 0.03558016
v -0.13992482 0.13978436 0.05003676
v -0.12956485 0.13054049 0.06380715
v -0.11605367 0.11848488 0.07663484
v -0.09964295 0.10384211 0.08828085
v -0.08063840 0.08688495 0.09852824
v -0.05939404 0.06792927 0.10718613
v -0.03630560 0.04732819 0.11409324
v -0.01180319 0.02546545 0.11912090
v 0.01365677 0.00274833 0.12217545
v 0.01066409 -0.00841754 -0.09577545
v -0.01773281 0.00334170 -0.09272090
v -0.04506170 0.01465869 -0.08769324
v -0.07081350 0.02532260 -0.08078613
v -0.09450851 0.03513478 -0.07212824
v -0.11570533 0.04391245 -0.06188085
v -0.13400911 0.05149210 -0.05023484
v -0.14907888 0.05773255 -0.03740715
v -0.16063392 0.06251752 -0.02363676
v -0.16845897 0.06575791 -0.00918016
v -0.17240829 0.06739333 0.00569333
v -0.17240829 0.06739333 0.02070667
v -0.16845897 0.06575791 0.03558016
v -0.16063392 0.06251752 0.05003676
v -0.14907888 0.05773255 0.06380715
v -0.13400911 0.05149210 0.07663484
v -0.11570533 0.04391245 0.08828085
v -0.09450851 0.03513478 0.09852824
v -0.07081350 0.02532260 0.10718613
v -0.04506170 0.01465869 0.11409324
v -0.01773281 0.00334170 0.11912090
v 0.01066409 -0.00841754 0.12217545
v 0.00964334 -0.02040000 -0.09577545
v -0.01975529 -0.02040000 -0.09272090
v -0.04804824 -0.02040000 -0.08769324
v -0.07470847 -0.02040000 -0.08078613
v -0.09923935 -0.02040000 -0.07212824
v -0.12118391 -0.02040000 -0.06188085
v -0.14013338 -0.02040000 -0.05023484
v -0.15573475 -0.02040000 -0.03740715
v -0.16769740 -0.02040000 -0.02363676
v -0.17579850 -0.02040000 -0.00918016
v -0.17988713 -0.02040000 0.00569333
v -0.17988713 -0.02040000 0.02070667
v -0.17579850 -0.02040000 0.03558016
v -0.16769740 -0.02040000 0.05003676
v -0.15573475 -0.02040000 0.06380715
v -0.14013338 -0.02040000 0.07663484
v -0.12118391 -0.02040000 0.08828085
v -0.09923935 -0.02040000 0.09852824
v -0.07470847 -0.02040000 0.10718613
v -0.04804824 -0.02040000 0.11409324
v -0.01975529 -0.02040000 0.11912090
v 0.00964334 -0.02040000 0.12217545
v 0.01066409 -0.03238246 -0.09577545
v -0.01773281 -0.04414170 -0.09272090
v -0.04506170 -0.05545869 -0.08769324
v -0.07081350 -0.06612260 -0.08078613
v -0.09450851 -0.07593478 -0.07212824
v -0.11570533 -0.08471245 -0.06188085
v -0.13400911 -0.09229210 -0.05023484
v -0.14907888 -0.09853255 -0.03740715
v -0.16063392 -0.10331752 -0.02363676
v -0.16845897 -0.10655791 -0.00918016
v -0.17240829 -0.10819333 0.00569333
v -0.17240829 -0.10819333 0.02070667
v -0.16845897 -0.10655791 0.03558016
v -0.16063392 -0.10331752 0.05003676
v -0.14907888 -0.09853255 0.06380715
v -0.13400911 -0.09229210 0.07663484
v -0.11570533 -0.08471245 0.08828085
v -0.09450851 -0.07593478 0.09852824
v -0.07081350 -0.06612260 0.10718613
v -0.04506170 -0.05545869 0.11409324
v -0.01773281 -0.04414170 0.11912090
v 0.01066409 -0.03238246 0.12217545
v 0.01365677 -0.04354833 -0.09577545
v -0.01180319 -0.06626545 -0.09272090
v -0.03630560 -0.08812819 -0.08769324
v -0.05939404 -0.10872927 -0.08078613
v -0.08063840 -0.12768495 -0.07212824
v -0.09964295 -0.14464211 -0.06188085
v -0.11605367 -0.15928488 -0.05023484
v -0.12956485 -0.17134049 -0.03740715
v -0.13992482 -0.18058436 -0.02363676
v -0.14694057 -0.18684429 -0.00918016
v -0.15048143 -0.19000369 0.00569333
v -0.15048143 -0.19000369 0.02070667
v -0.14694057 -0.18684429 0.03558016
v -0.13992482 -0.18058436 0.05003676
v -0.12956485 -0.17134049 0.06380715
v -0.11605367 -0.15928488 0.07663484
v -0.09964295 -0.14464211 0.08828085
v -0.08063840 -0.12768495 0.09852824
v -0.05939404 -0.10872927 0.10718613
v -0.03630560 -0.08812819 0.11409324
v -0.01180319 -0.06626545 0.11912090
v 0.01365677 -0.04354833 0.12217545
v 0.01841744 -0.05313668 -0.09577545
v -0.00237053 -0.08526354 -0.09272090
v -0.02237666 -0.11618212 -0.08769324
v -0.04122829 -0.14531645 -0.08078613
v -0.05857424 -0.17212383 -0.07212824
v -0.07409139 -0.19610488 -0.06188085
v -0.08749069 -0.21681288 -0.05023484
v -0.09852252 -0.23386208 -0.03740715
v -0.10698140 -0.24693489 -0.02363676
v -0.11270974 -0.25578778 -0.00918016
v -0.11560084 -0.26025584 0.00569333
v -0.11560084 -0.26025584 0.02070667
v -0.11270974 -0.25578778 0.03558016
v -0.10698140 -0.24693489 0.05003676
v -0.09852252 -0.23386208 0.06380715
v -0.08749069 -0.21681288 0.07663484
v -0.07409139 -0.19610488 0.08828085
v -0.05857424 -0.17212383 0.09852824
v -0.04122829 -0.14531645 0.10718613
v -0.02237666 -0.11618212 0.11409324
v -0.00237053 -0.08526354 0.11912090
v 0.01841744 -0.05313668 0.12217545
v 0.02462167 -0.06049408 -0.09577545
v 0.00992236 -0.09984129 -0.09272090
v -0.00422412 -0.13770866 -0.08769324
v -0.01755423 -0.17339079 -0.08078613
v -0.02981967 -0.20622299 -0.07212824
v -0.04079196 -0.23559365 -0.06188085
v -0.05026669 -0.26095567 -0.05023484
v -0.05806737 -0.28183659 -0.03740715
v -0.06404870 -0.29784744 -0.02363676
v -0.06809925 -0.30868998 -0.00918016
v -0.07014356 -0.31416221 0.00569333
v -0.07014356 -0.31416221 0.02070667
v -0.06809925 -0.30868998 0.03558016
v -0.06404870 -0.29784744 0.05003676
v -0.05806737 -0.28183659 0.06380715
v -0.05026669 -0.26095567 0.07663484
v -0.04079196 -0.23559365 0.08828085
v -0.02981967 -0.20622299 0.09852824
v -0.01755423 -0.17339079 0.10718613
v -0.00422412 -0.13770866 0.11409324
v 0.00992236 -0.09984129 0.11912090
v 0.02462167 -0.06049408 0.12217545
v 0.03184665 -0.06511914 -0.09577545
v 0.02423772 -0.10900525 -0.09272090
v 0.01691497 -0.15124081 -0.08769324
v 0.01001479 -0.19103905 -0.08078613
v 0.00366573 -0.22765861 -0.07212824
v -0.00201394 -0.26041733 -0.06188085
v -0.00691842 -0.28870499 -0.05023484
v -0.01095635 -0.31199463 -0.03740715
v -0.01405252 -0.32985241 -0.02363676
v -0.01614923 -0.34194569 -0.00918016
v -0.01720745 -0.34804917 0.00569333
v -0.01720745 -0.34804917 0.02070667
v -0.01614923 -0.34194569 0.03558016
v -0.01405252 -0.32985241 0.05003676
v -0.01095635 -0.31199463 0.06380715
v -0.00691842 -0.28870499 0.07663484
v -0.00201394 -0.26041733 0.08828085
v 0.00366573 -0.22765861 0.09852824
v 0.01001479 -0.19103905 0.10718613
v 0.01691497 -0.15124081 0.11409324
v 0.02423772 -0.10900525 0.11912090
v 0.03184665 -0.06511914 0.12217545
v 0.03960000 -0.06669666 -0.09577545
v 0.03960000 -0.11213090 -0.09272090
v 0.03960000 -0.15585637 -0.08769324
v 0.03960000 -0.19705854 -0.08078613
v 0.03960000 -0.23496990 -0.07212824
v 0.03960000 -0.26888423 -0.06188085
v 0.03960000 -0.29816976 -0.05023484
v 0.03960000 -0.32228097 -0.03740715
v 0.03960000 -0.34076871 -0.02363676
v 0.03960000 -0.35328859 -0.00918016
v 0.03960000 -0.35960738 0.00569333
v 0.03960000 -0.35960738 0.02070667
v 0.03960000 -0.35328859 0.03558016
v 0.03960000 -0.34076871 0.05003676
v 0.03960000 -0.32228097 0.06380715
v 0.03960000 -0.29816976 0.07663484
v 0.03960000 -0.26888423 0.08828085
v 0.03960000 -0.23496990 0.09852824
v 0.03960000 -0.19705854 0.10718613
v 0.03960000 -0.15585637 0.11409324
v 0.03960000 -0.11213090 0.11912090
v 0.03960000 -0.06669666 0.12217545
v 0.04735335 -0.06511914 -0.09577545
v 0.05496228 -0.10900525 -0.09272090
v 0.06228503 -0.15124081 -0.08769324
v 0.06918521 -0.19103905 -0.08078613
v 0.07553427 -0.22765861 -0.07212824
v 0.08121394 -0.26041733 -0.06188085
v 0.08611842 -0.28870499 -0.05023484
v 0.09015635 -0.31199463 -0.03740715
v 0.09325252 -0.32985241 -0.02363676
v 0.09534923 -0.34194569 -0.00918016
v 0.09640745 -0.34804917 0.00569333
v 0.09640745 -0.34804917 0.02070667
v 0.09534923 -0.34194569 0.03558016
v 0.09325252 -0.32985241 0.05003676
v 0.09015635 -0.31199463 0.06380715
v 0.08611842 -0.28870499 0.07663484
v 0.08121394 -0.26041733 0.08828085
v 0.07553427 -0.22765861 0.09852824
v 0.06918521 -0.19103905 0.10718613
v 0.06228503 -0.15124081 0.11409324
v 0.05496228 -0.10900525 0.11912090
v 0.04735335 -0.06511914 0.12217545
v 0.05457833 -0.06049408 -0.09577545
v 0.06927764 -0.09984129 -0.09272090
v 0.08342412 -0.13770866 -0.08769324
v 0.09675423 -0.17339079 -0.08078613
v 0.10901967 -0.20622299 -0.07212824
v 0.11999196 -0.23559365 -0.06188085
v 0.12946669 -0.26095567 -0.05023484
v 0.13726737 -0.28183659 -0.03740715
v 0.14324870 -0.29784744 -0.02363676
v 0.14729925 -0.30868998 -0.00918016
v 0.14934356 -0.31416221 0.00569333
v 0.14934356 -0.31416221 0.02070667
v 0.14729925 -0.30868998 0.03558016
v 0.14324870 -0.29784744 0.05003676
v 0.13726737 -0.28183659 0.06380715
v 0.12946669 -0.26095567 0.07663484
v 0.11999196 -0.23559365 0.08828085
v 0.10901967 -0.20622299 0.09852824
v 0.09675423 -0.17339079 0.10718613
v 0.08342412 -0.13770866 0.11409324
v 0.06927764 -0.09984129 0.11912090
v 0.05457833 -0.06049408 0.12217545
v 0.06078256 -0.05313668 -0.09577545
v 0.08157053 -0.08526354 -0.09272090
v 0.10157666 -0.11618212 -0.08769324
v 0.12042829 -0.14531645 -0.08078613
v 0.13777424 -0.17212383 -0.07212824
v 0.15329139 -0.19610488 -0.06188085
v 0.16669069 -0.21681288 -0.05023484
v 0.17772252 -0.23386208 -0.03740715
v 0.18618140 -0.24693489 -0.02363676
v 0.19190974 -0.25578778 -0.00918016
v 0.19480084 -0.26025584 0.00569333
v 0.19480084 -0.26025584 0.02070667
v 0.19190974 -0.25578778 0.03558016
v 0.18618140 -0.24693489 0.05003676
v 0.17772252 -0.23386208 0.06380715
v 0.16669069 -0.21681288 0.07663484
v 0.15329139 -0.19610488 0.08828085
v 0.13777424 -0.17212383 0.09852824
v 0.12042829 -0.14531645 0.10718613
v 0.10157666 -0.11618212 0.11409324
v 0.08157053 -0.08526354 0.11912090
v 0.06078256 -0.05313668 0.12217545
v 0.06554323 -0.04354833 -0.09577545
v 0.09100319 -0.06626545 -0.09272090
v 0.11550560 -0.08812819 -0.08769324
v 0.13859404 -0.10872927 -0.08078613
v 0.15983840 -0.12768495 -0.07212824
v 0.17884295 -0.14464211 -0.06188085
v 0.19525367 -0.15928488 -0.05023484
v 0.20876485 -0.17134049 -0.03740715
v 0.21912482 -0.18058436 -0.02363676
v 0.22614057 -0.18684429 -0.00918016
v 0.22968143 -0.19000369 0.00569333
v 0.22968143 -0.19000369 0.02070667
v 0.22614057 -0.18684429 0.03558016
v 0.21912482 -0.18058436 0.05003676
v 0.20876485 -0.17134049 0.06380715
v 0.19525367 -0.15928488 0.07663484
v 0.17884295 -0.14464211 0.08828085
v 0.15983840 -0.12768495 0.09852824
v 0.13859404 -0.10872927 0.10718613
v 0.11550560 -0.08812819 0.11409324
v 0.09100319 -0.06626545 0.11912090
v 0.06554323 -0.04354833 0.12217545
v 0.06853591 -0.03238246 -0.09577545
v 0.09693281 -0.04414170 -0.09272090
v 0.12426170 -0.05545869 -0.08769324
v 0.15001350 -0.06612260 -0.08078613
v 0.17370851 -0.07593478 -0.07212824
v 0.19490533 -0.08471245 -0.06188085
v 0.21320911 -0.09229210 -0.05023484
v 0.22827888 -0.09853255 -0.03740715
v 0.23983392 -0.10331752 -0.02363676
v 0.24765897 -0.10655791 -0.00918016
v 0.25160829 -0.10819333 0.00569333
v 0.25160829 -0.10819333 0.02070667
v 0.24765897 -0.10655791 0.03558016
v 0.23983392 -0.10331752 0.05003676
v 0.22827888 -0.09853255 0.06380715
v 0.21320911 -0.09229210 0.07663484
v 0.19490533 -0.08471245 0.08828085
v 0.17370851 -0.07593478 0.09852824
v 0.15001350 -0.06612260 0.10718613
v 0.12426170 -0.05545869 0.11409324
v 0.09693281 -0.04414170 0.11912090
v 0.06853591 -0.03238246 0.12217545
v 0.00000000 0.00000000 0.17680000
v 0.05718999 0.00000000 0.17996678
v 0.11331464 0.00000000 0.18940812
v 0.16732846 0.00000000 0.20494816
v 0.21822526 0.00000000 0.22629740
v 0.26505694 0.00000000 0.25305816
v 0.30695110 0.00000000 0.28473193
v 0.34312736 0.00000000 0.32072869
v 0.37291179 0.00000000 0.36037789
v 0.39574959 0.00000000 0.40294093
v 0.41121532 0.00000000 0.44762496
v 0.41902088 0.00000000 0.49359758
v 0.41902088 0.00000000 0.54000242
v 0.41121532 0.00000000 0.58597504
v 0.39574959 0.00000000 0.63065907
v 0.37291179 0.00000000 0.67322211
v 0.34312736 0.00000000 0.71287131
v 0.30695110 0.00000000 0.74886807
v 0.26505694 0.00000000 0.78054184
v 0.21822526 0.00000000 0.80730260
v 0.16732846 0.00000000 0.82865184
v 0.11331464 0.00000000 0.84419188
v 0.05718999 0.00000000 0.85363322
v 0.00000000 0.00000000 0.85680000
v 0.05524129 0.00881063 0.17996678
v 0.10945354 0.01745714 0.18940812
v 0.16162688 0.02577845 0.20494816
v 0.21078941 0.03361956 0.22629740
v 0.25602534 0.04083439 0.25305816
v 0.29649200 0.04728857 0.28473193
v 0.33143557 0.05286184 0.32072869
v 0.36020513 0.05745040 0.36037789
v 0.38226475 0.06096877 0.40294093
v 0.39720349 0.06335140 0.44762496
v 0.40474309 0.06455392 0.49359758
v 0.40474309 0.06455392 0.54000242
v 0.39720349 0.06335140 0.58597504
v 0.38226475 0.06096877 0.63065907
v 0.36020513 0.05745040 0.67322211
v 0.33143557 0.05286184 0.71287131
v 0.29649200 0.04728857 0.74886807
v 0.25602534 0.04083439 0.78054184
v 0.21078941 0.03361956 0.80730260
v 0.16162688 0.02577845 0.82865184
v 0.10945354 0.01745714 0.84419188
v 0.05524129 0.00881063 0.85363322
v 0.04952799 0.01702083 0.17996678
v 0.09813336 0.03372460 0.18940812
v 0.14491070 0.04980014 0.20494816
v 0.18898862 0.06494799 0.22629740
v 0.22954604 0.07888599 0.25305816
v 0.26582745 0.09135450 0.28473193
v 0.29715701 0.10212124 0.32072869
v 0.32295109 0.11098565 0.36037789
v 0.34272920 0.11778262 0.40294093
v 0.35612291 0.12238551 0.44762496
v 0.36288273 0.12470860 0.49359758
v 0.36288273 0.12470860 0.54000242
v 0.35612291 0.12238551 0.58597504
v 0.34272920 0.11778262 0.63065907
v 0.32295109 0.11098565 0.67322211
v 0.29715701 0.10212124 0.71287131
v 0.26582745 0.09135450 0.74886807
v 0.22954604 0.07888599 0.78054184
v 0.18898862 0.06494799 0.80730260
v 0.14491070 0.04980014 0.82865184
v 0.09813336 0.03372460 0.84419188
v 0.04952799 0.01702083 0.85363322
v 0.04043943 0.02407109 0.17996678
v 0.08012555 0.04769378 0.18940812
v 0.11831909 0.07042803 0.20494816
v 0.15430856 0.09185033 0.22629740
v 0.18742356 0.11156164 0.25305816
v 0.21704721 0.12919477 0.28473193
v 0.24262768 0.14442124 0.32072869
v 0.26368846 0.15695741 0.36037789
v 0.27983722 0.16656977 0.40294093
v 0.29077314 0.17307925 0.44762496
v 0.29629251 0.17636459 0.49359758
v 0.29629251 0.17636459 0.54000242
v 0.29077314 0.17307925 0.58597504
v 0.27983722 0.16656977 0.63065907
v 0.26368846 0.15695741 0.67322211
v 0.24262768 0.14442124 0.71287131
v 0.21704721 0.12919477 0.74886807
v 0.18742356 0.11156164 0.78054184
v 0.15430856 0.09185033 0.80730260
v 0.11831909 0.07042803 0.82865184
v 0.08012555 0.04769378 0.84419188
v 0.04043943 0.02407109 0.85363322
v 0.02859500 0.02948094 0.17996678
v 0.05665732 0.05841271 0.18940812
v 0.08366423 0.08625637 0.20494816
v 0.10911263 0.11249323 0.22629740
v 0.13252847 0.13663455 0.25305816
v 0.15347555 0.15823063 0.28473193
v 0.17156368 0.17687917 0.32072869
v 0.18645590 0.19223279 0.36037789
v 0.19787479 0.20400547 0.40294093
v 0.20560766 0.21197792 0.44762496
v 0.20951044 0.21600162 0.49359758
v 0.20951044 0.21600162 0.54000242
v 0.20560766 0.21197792 0.58597504
v 0.19787479 0.20400547 0.63065907
v 0.18645590 0.19223279 0.67322211
v 0.17156368 0.17687917 0.71287131
v 0.15347555 0.15823063 0.74886807
v 0.13252847 0.13663455 0.78054184
v 0.10911263 0.11249323 0.80730260
v 0.08366423 0.08625637 0.82865184
v 0.05665732 0.05841271 0.84419188
v 0.02859500 0.02948094 0.85363322
v 0.01480186 0.03288172 0.17996678
v 0.02932799 0.06515092 0.18940812
v 0.04330779 0.09620648 0.20494816
v 0.05648085 0.12546989 0.22629740
v 0.06860178 0.15239604 0.25305816
v 0.07944479 0.17648333 0.28473193
v 0.08880789 0.19728308 0.32072869
v 0.09651667 0.21440782 0.36037789
v 0.10242753 0.22753854 0.40294093
v 0.10643036 0.23643065 0.44762496
v 0.10845058 0.24091851 0.49359758
v 0.10845058 0.24091851 0.54000242
v 0.10643036 0.23643065 0.58597504
v 0.10242753 0.22753854 0.63065907
v 0.09651667 0.21440782 0.67322211
v 0.08880789 0.19728308 0.71287131
v 0.07944479 0.17648333 0.74886807
v 0.06860178 0.15239604 0.78054184
v 0.05648085 0.12546989 0.80730260
v 0.04330779 0.09620648 0.82865184
v 0.02932799 0.06515092 0.84419188
v 0.01480186 0.03288172 0.85363322
v 0.00000000 0.03404166 0.17996678
v 0.00000000 0.06744919 0.18940812
v 0.00000000 0.09960027 0.20494816
v 0.00000000 0.12989599 0.22629740
v 0.00000000 0.15777199 0.25305816
v 0.00000000 0.18270899 0.28473193
v 0.00000000 0.20424247 0.32072869
v 0.00000000 0.22197130 0.36037789
v 0.00000000 0.23556523 0.40294093
v 0.00000000 0.24477102 0.44762496
v 0.00000000 0.24941719 0.49359758
v 0.00000000 0.24941719 0.54000242
v 0.00000000 0.24477102 0.58597504
v 0.00000000 0.23556523 0.63065907
v 0.00000000 0.22197130 0.67322211
v 0.00000000 0.20424247 0.71287131
v 0.00000000 0.18270899 0.74886807
v 0.00000000 0.15777199 0.78054184
v 0.00000000 0.12989599 0.80730260
v 0.00000000 0.09960027 0.82865184
v 0.00000000 0.06744919 0.84419188
v 0.00000000 0.03404166 0.85363322
v -0.01480186 0.03288172 0.17996678
v -0.02932799 0.06515092 0.18940812
v -0.04330779 0.09620648 0.20494816
v -0.05648085 0.12546989 0.22629740
v -0.06860178 0.15239604 0.25305816
v -0.07944479 0.17648333 0.28473193
v -0.08880789 0.19728308 0.32072869
v -0.09651667 0.21440782 0.36037789
v -0.10242753 0.22753854 0.40294093
v -0.10643036 0.23643065 0.44762496
v -0.10845058 0.24091851 0.49359758
v -0.10845058 0.24091851 0.54000242
v -0.10643036 0.23643065 0.58597504
v -0.10242753 0.22753854 0.63065907
v -0.09651667 0.21440782 0.67322211
v -0.08880789 0.19728308 0.71287131
v -0.07944479 0.17648333 0.74886807
v -0.06860178 0.15239604 0.78054184
v -0.05648085 0.12546989 0.80730260
v -0.04330779 0.09620648 0.82865184
v -0.02932799 0.06515092 0.84419188
v -0.01480186 0.03288172 0.85363322
v -0.02859500 0.02948094 0.17996678
v -0.05665732 0.05841271 0.18940812
v -0.08366423 0.08625637 0.20494816
v -0.10911263 0.11249323 0.22629740
v -0.13252847 0.13663455 0.25305816
v -0.15347555 0.15823063 0.28473193
v -0.17156368 0.17687917 0.32072869
v -0.18645590 0.19223279 0.36037789
v -0.19787479 0.20400547 0.40294093
v -0.20560766 0.21197792 0.44762496
v -0.20951044 0.21600162 0.49359758
v -0.20951044 0.21600162 0.54000242
v -0.20560766 0.21197792 0.58597504
v -0.19787479 0.20400547 0.63065907
v -0.18645590 0.19223279 0.67322211
v -0.17156368 0.17687917 0.71287131
v -0.15347555 0.15823063 0.74886807
v -0.13252847 0.13663455 0.78054184
v -0.10911263 0.11249323 0.80730260
v -0.08366423 0.08625637 0.82865184
v -0.05665732 0.05841271 0.84419188
v -0.02859500 0.02948094 0.85363322
v -0.04043943 0.02407109 0.17996678
v -0.08012555 0.04769378 0.18940812
v -0.11831909 0.07042803 0.20494816
v -0.15430856 0.09185033 0.22629740
v -0.18742356 0.11156164 0.25305816
v -0.21704721 0.12919477 0.28473193
v -0.24262768 0.14442124 0.32072869
v -0.26368846 0.15695741 0.36037789
v -0.27983722 0.16656977 0.40294093
v -0.29077314 0.17307925 0.44762496
v -0.29629251 0.17636459 0.49359758
v -0.29629251 0.17636459 0.54000242
v -0.29077314 0.17307925 0.58597504
v -0.27983722 0.16656977 0.63065907
v -0.26368846 0.15695741 0.67322211
v -0.24262768 0.14442124 0.71287131
v -0.21704721 0.12919477 0.74886807
v -0.18742356 0.11156164 0.78054184
v -0.15430856 0.09185033 0.80730260
v -0.11831909 0.07042803 0.82865184
v -0.08012555 0.04769378 0.84419188
v -0.04043943 0.02407109 0.85363322
v -0.04952799 0.01702083 0.17996678
v -0.09813336 0.03372460 0.18940812
v -0.14491070 0.04980014 0.20494816
v -0.18898862 0.06494799 0.22629740
v -0.22954604 0.07888599 0.25305816
v -0.26582745 0.09135450 0.28473193
v -0.29715701 0.10212124 0.32072869
v -0.32295109 0.11098565 0.36037789
v -0.34272920 0.11778262 0.40294093
v -0.35612291 0.12238551 0.44762496
v -0.36288273 0.12470860 0.49359758
v -0.36288273 0.12470860 0.54000242
v -0.35612291 0.12238551 0.58597504
v -0.34272920 0.11778262 0.63065907
v -0.32295109 0.11098565 0.67322211
v -0.29715701 0.10212124 0.71287131
v -0.26582745 0.09135450 0.74886807
v -0.22954604 0.07888599 0.78054184
v -0.18898862 0.06494799 0.80730260
v -0.14491070 0.04980014 0.82865184
v -0.09813336 0.03372460 0.84419188
v -0.04952799 0.01702083 0.85363322
v -0.05524129 0.00881063 0.17996678
v -0.10945354 0.01745714 0.18940812
v -0.16162688 0.02577845 0.20494816
v -0.21078941 0.03361956 0.22629740
v -0.25602534 0.04083439 0.25305816
v -0.29649200 0.04728857 0.28473193
v -0.33143557 0.05286184 0.32072869
v -0.36020513 0.05745040 0.36037789
v -0.38226475 0.06096877 0.40294093
v -0.39720349 0.06335140 0.44762496
v -0.40474309 0.06455392 0.49359758
v -0.40474309 0.06455392 0.54000242
v -0.39720349 0.06335140 0.58597504
v -0.38226475 0.06096877 0.63065907
v -0.36020513 0.05745040 0.67322211
v -0.33143557 0.05286184 0.71287131
v -0.29649200 0.04728857 0.74886807
v -0.25602534 0.04083439 0.78054184
v -0.21078941 0.03361956 0.80730260
v -0.16162688 0.02577845 0.82865184
v -0.10945354 0.01745714 0.84419188
v -0.05524129 0.00881063 0.85363322
v -0.05718999 0.00000000 0.17996678
v -0.11331464 0.00000000 0.18940812
v -0.16732846 0.00000000 0.20494816
v -0.21822526 0.00000000 0.22629740
v -0.26505694 0.00000000 0.25305816
v -0.30695110 0.00000000 0.28473193
v -0.34312736 0.00000000 0.32072869
v -0.37291179 0.00000000 0.36037789
v -0.39574959 0.00000000 0.40294093
v -0.41121532 0.00000000 0.44762496
v -0.41902088 0.00000000 0.49359758
v -0.41902088 0.00000000 0.54000242
v -0.41121532 0.00000000 0.58597504
v -0.39574959 0.00000000 0.63065907
v -0.37291179 0.00000000 0.67322211
v -0.34312736 0.00000000 0.71287131
v -0.30695110 0.00000000 0.74886807
v -0.26505694 0.00000000 0.78054184
v -0.21822526 0.00000000 0.80730260
v -0.16732846 0.00000000 0.82865184
v -0.11331464 0.00000000 0.84419188
v -0.05718999 0.00000000 0.85363322
v -0.05524129 -0.00881063 0.17996678
v -0.10945354 -0.01745714 0.18940812
v -0.16162688 -0.02577845 0.20494816
v -0.21078941 -0.03361956 0.22629740
v -0.25602534 -0.04083439 0.25305816
v -0.29649200 -0.04728857 0.28473193
v -0.33143557 -0.05286184 0.32072869
v -0.36020513 -0.05745040 0.36037789
v -0.38226475 -0.06096877 0.40294093
v -0.39720349 -0.06335140 0.44762496
v -0.40474309 -0.06455392 0.49359758
v -0.40474309 -0.06455392 0.54000242
v -0.39720349 -0.06335140 0.58597504
v -0.38226475 -0.06096877 0.63065907
v -0.36020513 -0.05745040 0.67322211
v -0.33143557 -0.05286184 0.71287131
v -0.29649200 -0.04728857 0.74886807
v -0.25602534 -0.04083439 0.78054184
v -0.21078941 -0.03361956 0.80730260
v -0.16162688 -0.02577845 0.82865184
v -0.10945354 -0.01745714 0.84419188
v -0.05524129 -0.00881063 0.85363322
v -0.04952799 -0.01702083 0.17996678
v -0.09813336 -0.03372460 0.18940812
v -0.14491070 -0.04980014 0.20494816
v -0.18898862 -0.06494799 0.22629740
v -0.22954604 -0.07888599 0.25305816
v -0.26582745 -0.09135450 0.28473193
v -0.29715701 -0.10212124 0.32072869
v -0.32295109 -0.11098565 0.36037789
v -0.34272920 -0.11778262 0.40294093
v -0.35612291 -0.12238551 0.44762496
v -0.36288273 -0.12470860 0.49359758
v -0.36288273 -0.12470860 0.54000242
v -0.35612291 -0.12238551 0.58597504
v -0.34272920 -0.11778262 0.63065907
v -0.32295109 -0.11098565 0.67322211
v -0.29715701 -0.10212124 0.71287131
v -0.26582745 -0.09135450 0.74886807
v -0.22954604 -0.07888599 0.78054184
v -0.18898862 -0.06494799 0.80730260
v -0.14491070 -0.04980014 0.82865184
v -0.09813336 -0.03372460 0.84419188
v -0.04952799 -0.01702083 0.85363322
v -0.04043943 -0.02407109 0.17996678
v -0.08012555 -0.04769378 0.18940812
v -0.11831909 -0.07042803 0.20494816
v -0.15430856 -0.09185033 0.22629740
v -0.18742356 -0.11156164 0.25305816
v -0.21704721 -0.12919477 0.28473193
v -0.24262768 -0.14442124 0.32072869
v -0.26368846 -0.15695741 0.36037789
v -0.27983722 -0.16656977 0.40294093
v -0.29077314 -0.17307925 0.44762496
v -0.29629251 -0.17636459 0.49359758
v -0.29629251 -0.17636459 0.54000242
v -0.29077314 -0.17307925 0.58597504
v -0.27983722 -0.16656977 0.63065907
v -0.26368846 -0.15695741 0.67322211
v -0.24262768 -0.14442124 0.71287131
v -0.21704721 -0.12919477 0.74886807
v -0.18742356 -0.11156164 0.78054184
v -0.15430856 -0.09185033 0.80730260
v -0.11831909 -0.07042803 0.82865184
v -0.08012555 -0.04769378 0.84419188
v -0.04043943 -0.02407109 0.85363322
v -0.02859500 -0.02948094 0.17996678
v -0.05665732 -0.05841271 0.18940812
v -0.08366423 -0.08625637 0.20494816
v -0.10911263 -0.11249323 0.22629740
v -0.13252847 -0.13663455 0.25305816
v -0.15347555 -0.15823063 0.28473193
v -0.17156368 -0.17687917 0.32072869
v -0.18645590 -0.19223279 0.36037789
v -0.19787479 -0.20400547 0.40294093
v -0.20560766 -0.21197792 0.44762496
v -0.20951044 -0.21600162 0.49359758
v -0.20951044 -0.21600162 0.54000242
v -0.20560766 -0.21197792 0.58597504
v -0.19787479 -0.20400547 0.63065907
v -0.18645590 -0.19223279 0.67322211
v -0.17156368 -0.17687917 0.71287131
v -0.15347555 -0.15823063 0.74886807
v -0.13252847 -0.13663455 0.78054184
v -0.10911263 -0.11249323 0.80730260
v -0.08366423 -0.08625637 0.82865184
v -0.05665732 -0.05841271 0.84419188
v -0.02859500 -0.02948094 0.85363322
v -0.01480186 -0.03288172 0.17996678
v -0.02932799 -0.06515092 0.18940812
v -0.04330779 -0.09620648 0.20494816
v -0.05648085 -0.12546989 0.22629740
v -0.06860178 -0.15239604 0.25305816
v -0.07944479 -0.17648333 0.28473193
v -0.08880789 -0.19728308 0.32072869
v -0.09651667 -0.21440782 0.36037789
v -0.10242753 -0.22753854 0.40294093
v -0.10643036 -0.23643065 0.44762496
v -0.10845058 -0.24091851 0.49359758
v -0.10845058 -0.24091851 0.54000242
v -0.10643036 -0.23643065 0.58597504
v -0.10242753 -0.22753854 0.63065907
v -0.09651667 -0.21440782 0.67322211
v -0.08880789 -0.19728308 0.71287131
v -0.07944479 -0.17648333 0.74886807
v -0.06860178 -0.15239604 0.78054184
v -0.05648085 -0.12546989 0.80730260
v -0.04330779 -0.09620648 0.82865184
v -0.02932799 -0.06515092 0.84419188
v -0.01480186 -0.03288172 0.85363322
v -0.00000000 -0.03404166 0.17996678
v -0.00000000 -0.06744919 0.18940812
v -0.00000000 -0.09960027 0.20494816
v -0.00000000 -0.12989599 0.22629740
v -0.00000000 -0.15777199 0.25305816
v -0.00000000 -0.18270899 0.28473193
v -0.00000000 -0.20424247 0.32072869
v -0.00000000 -0.22197130 0.36037789
v -0.00000000 -0.23556523 0.40294093
v -0.00000000 -0.24477102 0.44762496
v -0.00000000 -0.24941719 0.49359758
v -0.00000000 -0.24941719 0.54000242
v -0.00000000 -0.24477102 0.58597504
v -0.00000000 -0.23556523 0.63065907
v -0.00000000 -0.22197130 0.67322211
v -0.00000000 -0.20424247 0.71287131
v -0.00000000 -0.18270899 0.74886807
v -0.00000000 -0.15777199 0.78054184
v -0.00000000 -0.12989599 0.80730260
v -0.00000000 -0.09960027 0.82865184
v -0.00000000 -0.06744919 0.84419188
v -0.00000000 -0.03404166 0.85363322
v 0.01480186 -0.03288172 0.17996678
v 0.02932799 -0.06515092 0.18940812
v 0.04330779 -0.09620648 0.20494816
v 0.05648085 -0.12546989 0.22629740
v 0.06860178 -0.15239604 0.25305816
v 0.07944479 -0.17648333 0.28473193
v 0.08880789 -0.19728308 0.32072869
v 0.09651667 -0.21440782 0.36037789
v 0.10242753 -0.22753854 0.40294093
v 0.10643036 -0.23643065 0.44762496
v 0.10845058 -0.24091851 0.49359758
v 0.10845058 -0.24091851 0.54000242
v 0.10643036 -0.23643065 0.58597504
v 0.10242753 -0.22753854 0.63065907
v 0.09651667 -0.21440782 0.67322211
v 0.08880789 -0.19728308 0.71287131
v 0.07944479 -0.17648333 0.74886807
v 0.06860178 -0.15239604 0.78054184
v 0.05648085 -0.12546989 0.80730260
v 0.04330779 -0.09620648 0.82865184
v 0.02932799 -0.06515092 0.84419188
v 0.01480186 -0.03288172 0.85363322
v 0.02859500 -0.02948094 0.17996678
v 0.05665732 -0.05841271 0.18940812
v 0.08366423 -0.08625637 0.20494816
v 0.10911263 -0.11249323 0.22629740
v 0.13252847 -0.13663455 0.25305816
v 0.15347555 -0.15823063 0.28473193
v 0.17156368 -0.17687917 0.32072869
v 0.18645590 -0.19223279 0.36037789
v 0.19787479 -0.20400547 0.40294093
v 0.20560766 -0.21197792 0.44762496
v 0.20951044 -0.21600162 0.49359758
v 0.20951044 -0.21600162 0.54000242
v 0.20560766 -0.21197792 0.58597504
v 0.19787479 -0.20400547 0.63065907
v 0.18645590 -0.19223279 0.67322211
v 0.17156368 -0.17687917 0.71287131
v 0.15347555 -0.15823063 0.74886807
v 0.13252847 -0.13663455 0.78054184
v 0.10911263 -0.11249323 0.80730260
v 0.08366423 -0.08625637 0.82865184
v 0.05665732 -0.05841271 0.84419188
v 0.02859500 -0.02948094 0.85363322
v 0.04043943 -0.02407109 0.17996678
v 0.08012555 -0.04769378 0.18940812
v 0.11831909 -0.07042803 0.20494816
v 0.15430856 -0.09185033 0.22629740
v 0.18742356 -0.11156164 0.25305816
v 0.21704721 -0.12919477 0.28473193
v 0.24262768 -0.14442124 0.32072869
v 0.26368846 -0.15695741 0.36037789
v 0.27983722 -0.16656977 0.40294093
v 0.29077314 -0.17307925 0.44762496
v 0.29629251 -0.17636459 0.49359758
v 0.29629251 -0.17636459 0.54000242
v 0.29077314 -0.17307925 0.58597504
v 0.27983722 -0.16656977 0.63065907
v 0.26368846 -0.15695741 0.67322211
v 0.24262768 -0.14442124 0.71287131
v 0.21704721 -0.12919477 0.74886807
v 0.18742356 -0.11156164 0.78054184
v 0.15430856 -0.09185033 0.80730260
v 0.11831909 -0.07042803 0.82865184
v 0.08012555 -0.04769378 0.84419188
v 0.04043943 -0.02407109 0.85363322
v 0.04952799 -0.01702083 0.17996678
v 0.09813336 -0.03372460 0.18940812
v 0.14491070 -0.04980014 0.20494816
v 0.18898862 -0.06494799 0.22629740
v 0.22954604 -0.07888599 0.25305816
v 0.26582745 -0.09135450 0.28473193
v 0.29715701 -0.10212124 0.32072869
v 0.32295109 -0.11098565 0.36037789
v 0.34272920 -0.11778262 0.40294093
v 0.35612291 -0.12238551 0.44762496
v 0.36288273 -0.12470860 0.49359758
v 0.36288273 -0.12470860 0.54000242
v 0.35612291 -0.12238551 0.58597504
v 0.34272920 -0.11778262 0.63065907
v 0.32295109 -0.11098565 0.67322211
v 0.29715701 -0.10212124 0.71287131
v 0.26582745 -0.09135450 0.74886807
v 0.22954604 -0.07888599 0.78054184
v 0.18898862 -0.06494799 0.80730260
v 0.14491070 -0.04980014 0.82865184
v 0.09813336 -0.03372460 0.84419188
v 0.04952799 -0.01702083 0.85363322
v 0.05524129 -0.00881063 0.17996678
v 0.10945354 -0.01745714 0.18940812
v 0.16162688 -0.02577845 0.20494816
v 0.21078941 -0.03361956 0.22629740
v 0.25602534 -0.04083439 0.25305816
v 0.29649200 -0.04728857 0.28473193
v 0.33143557 -0.05286184 0.32072869
v 0.36020513 -0.05745040 0.36037789
v 0.38226475 -0.06096877 0.40294093
v 0.39720349 -0.06335140 0.44762496
v 0.40474309 -0.06455392 0.49359758
v 0.40474309 -0.06455392 0.54000242
v 0.39720349 -0.06335140 0.58597504
v 0.38226475 -0.06096877 0.63065907
v 0.36020513 -0.05745040 0.67322211
v 0.33143557 -0.05286184 0.71287131
v 0.29649200 -0.04728857 0.74886807
v 0.25602534 -0.04083439 0.78054184
v 0.21078941 -0.03361956 0.80730260
v 0.16162688 -0.02577845 0.82865184
v 0.10945354 -0.01745714 0.84419188
v 0.05524129 -0.00881063 0.85363322
v 0.00000000 0.00000000 0.66960000
v 0.06535999 0.00000000 0.67537471
v 0.12950245 0.00000000 0.69259128
v 0.19123252 0.00000000 0.72092899
v 0.24940030 0.00000000 0.75985997
v 0.30292221 0.00000000 0.80865900
v 0.35080126 0.00000000 0.86641705
v 0.39214555 0.00000000 0.93205820
v 0.42618490 0.00000000 1.00435968
v 0.45228524 0.00000000 1.08197464
v 0.46996036 0.00000000 1.16345727
v 0.47888101 0.00000000 1.24728970
v 0.47888101 0.00000000 1.33191030
v 0.46996036 0.00000000 1.41574273
v 0.45228524 0.00000000 1.49722536
v 0.42618490 0.00000000 1.57484032
v 0.39214555 0.00000000 1.64714180
v 0.35080126 0.00000000 1.71278295
v 0.30292221 0.00000000 1.77054100
v 0.24940030 0.00000000 1.81934003
v 0.19123252 0.00000000 1.85827101
v 0.12950245 0.00000000 1.88660872
v 0.06535999 0.00000000 1.90382529
v 0.00000000 0.00000000 1.90960000
v 0.06313290 0.00951548 0.67537471
v 0.12508976 0.01885371 0.69259128
v 0.18471643 0.02784072 0.72092899
v 0.24090219 0.03630912 0.75985997
v 0.29260039 0.04410115 0.80865900
v 0.33884800 0.05107165 0.86641705
v 0.37878351 0.05709079 0.93205820
v 0.41166301 0.06204643 1.00435968
v 0.43687400 0.06584627 1.08197464
v 0.45394685 0.06841951 1.16345727
v 0.46256353 0.06971823 1.24728970
v 0.46256353 0.06971823 1.33191030
v 0.45394685 0.06841951 1.41574273
v 0.43687400 0.06584627 1.49722536
v 0.41166301 0.06204643 1.57484032
v 0.37878351 0.05709079 1.64714180
v 0.33884800 0.05107165 1.71278295
v 0.29260039 0.04410115 1.77054100
v 0.24090219 0.03630912 1.81934003
v 0.18471643 0.02784072 1.85827101
v 0.12508976 0.01885371 1.88660872
v 0.06313290 0.00951548 1.90382529
v 0.05660341 0.01838250 0.67537471
v 0.11215241 0.03642256 0.69259128
v 0.16561222 0.05378415 0.72092899
v 0.21598699 0.07014383 0.75985997
v 0.26233833 0.08519687 0.80865900
v 0.30380281 0.09866286 0.86641705
v 0.33960801 0.11029094 0.93205820
v 0.36908695 0.11986450 1.00435968
v 0.39169051 0.12720522 1.08197464
v 0.40699761 0.13217635 1.16345727
v 0.41472312 0.13468528 1.24728970
v 0.41472312 0.13468528 1.33191030
v 0.40699761 0.13217635 1.41574273
v 0.39169051 0.12720522 1.49722536
v 0.36908695 0.11986450 1.57484032
v 0.33960801 0.11029094 1.64714180
v 0.30380281 0.09866286 1.71278295
v 0.26233833 0.08519687 1.77054100
v 0.21598699 0.07014383 1.81934003
v 0.16561222 0.05378415 1.85827101
v 0.11215241 0.03642256 1.88660872
v 0.05660341 0.01838250 1.90382529
v 0.04621649 0.02599678 0.67537471
v 0.09157206 0.05150928 0.69259128
v 0.13522181 0.07606227 0.72092899
v 0.17635264 0.09919836 0.75985997
v 0.21419835 0.12048657 0.80865900
v 0.24805395 0.13953035 0.86641705
v 0.27728878 0.15597494 0.93205820
v 0.30135824 0.16951401 1.00435968
v 0.31981396 0.17989535 1.08197464
v 0.33231216 0.18692559 1.16345727
v 0.33862001 0.19047376 1.24728970
v 0.33862001 0.19047376 1.33191030
v 0.33231216 0.18692559 1.41574273
v 0.31981396 0.17989535 1.49722536
v 0.30135824 0.16951401 1.57484032
v 0.27728878 0.15597494 1.64714180
v 0.24805395 0.13953035 1.71278295
v 0.21419835 0.12048657 1.77054100
v 0.17635264 0.09919836 1.81934003
v 0.13522181 0.07606227 1.85827101
v 0.09157206 0.05150928 1.88660872
v 0.04621649 0.02599678 1.90382529
v 0.03268000 0.03183942 0.67537471
v 0.06475123 0.06308573 0.69259128
v 0.09561626 0.09315688 0.72092899
v 0.12470015 0.12149268 0.75985997
v 0.15146111 0.14756531 0.80865900
v 0.17540063 0.17088908 0.86641705
v 0.19607277 0.19102950 0.93205820
v 0.21309245 0.20761141 1.00435968
v 0.22614262 0.22032591 1.08197464
v 0.23498018 0.22893616 1.16345727
v 0.23944050 0.23328175 1.24728970
v 0.23944050 0.23328175 1.33191030
v 0.23498018 0.22893616 1.41574273
v 0.22614262 0.22032591 1.49722536
v 0.21309245 0.20761141 1.57484032
v 0.19607277 0.19102950 1.64714180
v 0.17540063 0.17088908 1.71278295
v 0.15146111 0.14756531 1.77054100
v 0.12470015 0.12149268 1.81934003
v 0.09561626 0.09315688 1.85827101
v 0.06475123 0.06308573 1.88660872
v 0.03268000 0.03183942 1.90382529
v 0.01691641 0.03551226 0.67537471
v 0.03351770 0.07036299 0.69259128
v 0.04949462 0.10390299 0.72092899
v 0.06454955 0.13550748 0.75985997
v 0.07840204 0.16458772 0.80865900
v 0.09079405 0.19060200 0.86641705
v 0.10149474 0.21306573 0.93205820
v 0.11030477 0.23156044 1.00435968
v 0.11706003 0.24574162 1.08197464
v 0.12163469 0.25534510 1.16345727
v 0.12394353 0.26019199 1.24728970
v 0.12394353 0.26019199 1.33191030
v 0.12163469 0.25534510 1.41574273
v 0.11706003 0.24574162 1.49722536
v 0.11030477 0.23156044 1.57484032
v 0.10149474 0.21306573 1.64714180
v 0.09079405 0.19060200 1.71278295
v 0.07840204 0.16458772 1.77054100
v 0.06454955 0.13550748 1.81934003
v 0.04949462 0.10390299 1.85827101
v 0.03351770 0.07036299 1.88660872
v 0.01691641 0.03551226 1.90382529
v 0.00000000 0.03676500 0.67537471
v 0.00000000 0.07284513 0.69259128
v 0.00000000 0.10756829 0.72092899
v 0.00000000 0.14028767 0.75985997
v 0.00000000 0.17039374 0.80865900
v 0.00000000 0.19732571 0.86641705
v 0.00000000 0.22058187 0.93205820
v 0.00000000 0.23972901 1.00435968
v 0.00000000 0.25441045 1.08197464
v 0.00000000 0.26435270 1.16345727
v 0.00000000 0.26937057 1.24728970
v 0.00000000 0.26937057 1.33191030
v 0.00000000 0.26435270 1.41574273
v 0.00000000 0.25441045 1.49722536
v 0.00000000 0.23972901 1.57484032
v 0.00000000 0.22058187 1.64714180
v 0.00000000 0.19732571 1.71278295
v 0.00000000 0.17039374 1.77054100
v 0.00000000 0.14028767 1.81934003
v 0.00000000 0.10756829 1.85827101
v 0.00000000 0.07284513 1.88660872
v 0.00000000 0.03676500 1.90382529
v -0.01691641 0.03551226 0.67537471
v -0.03351770 0.07036299 0.69259128
v -0.04949462 0.10390299 0.72092899
v -0.06454955 0.13550748 0.75985997
v -0.07840204 0.16458772 0.80865900
v -0.09079405 0.19060200 0.86641705
v -0.10149474 0.21306573 0.93205820
v -0.11030477 0.23156044 1.00435968
v -0.11706003 0.24574162 1.08197464
v -0.12163469 0.25534510 1.16345727
v -0.12394353 0.26019199 1.24728970
v -0.12394353 0.26019199 1.33191030
v -0.12163469 0.25534510 1.41574273
v -0.11706003 0.24574162 1.49722536
v -0.11030477 0.23156044 1.57484032
v -0.10149474 0.21306573 1.64714180
v -0.09079405 0.19060200 1.71278295
v -0.07840204 0.16458772 1.77054100
v -0.06454955 0.13550748 1.81934003
v -0.04949462 0.10390299 1.85827101
v -0.03351770 0.07036299 1.88660872
v -0.01691641 0.03551226 1.90382529
v -0.03268000 0.03183942 0.67537471
v -0.06475123 0.06308573 0.69259128
v -0.09561626 0.09315688 0.72092899
v -0.12470015 0.12149268 0.75985997
v -0.15146111 0.14756531 0.80865900
v -0.17540063 0.17088908 0.86641705
v -0.19607277 0.19102950 0.93205820
v -0.21309245 0.20761141 1.00435968
v -0.22614262 0.22032591 1.08197464
v -0.23498018 0.22893616 1.16345727
v -0.23944050 0.23328175 1.24728970
v -0.23944050 0.23328175 1.33191030
v -0.23498018 0.22893616 1.41574273
v -0.22614262 0.22032591 1.49722536
v -0.21309245 0.20761141 1.57484032
v -0.19607277 0.19102950 1.64714180
v -0.17540063 0.17088908 1.71278295
v -0.15146111 0.14756531 1.77054100
v -0.12470015 0.12149268 1.81934003
v -0.09561626 0.09315688 1.85827101
v -0.06475123 0.06308573 1.88660872
v -0.03268000 0.03183942 1.90382529
v -0.04621649 0.02599678 0.67537471
v -0.09157206 0.05150928 0.69259128
v -0.13522181 0.07606227 0.72092899
v -0.17635264 0.09919836 0.75985997
v -0.21419835 0.12048657 0.80865900
v -0.24805395 0.13953035 0.86641705
v -0.27728878 0.15597494 0.93205820
v -0.30135824 0.16951401 1.00435968
v -0.31981396 0.17989535 1.08197464
v -0.33231216 0.18692559 1.16345727
v -0.33862001 0.19047376 1.24728970
v -0.33862001 0.19047376 1.33191030
v -0.33231216 0.18692559 1.41574273
v -0.31981396 0.17989535 1.49722536
v -0.30135824 0.16951401 1.57484032
v -0.27728878 0.15597494 1.64714180
v -0.24805395 0.13953035 1.71278295
v -0.21419835 0.12048657 1.77054100
v -0.17635264 0.09919836 1.81934003
v -0.13522181 0.07606227 1.85827101
v -0.09157206 0.05150928 1.88660872
v -0.04621649 0.02599678 1.90382529
v -0.05660341 0.01838250 0.67537471
v -0.11215241 0.03642256 0.69259128
v -0.16561222 0.05378415 0.72092899
v -0.21598699 0.07014383 0.75985997
v -0.26233833 0.08519687 0.80865900
v -0.30380281 0.09866286 0.86641705
v -0.33960801 0.11029094 0.93205820
v -0.36908695 0.11986450 1.00435968
v -0.39169051 0.12720522 1.08197464
v -0.40699761 0.13217635 1.16345727
v -0.41472312 0.13468528 1.24728970
v -0.41472312 0.13468528 1.33191030
v -0.40699761 0.13217635 1.41574273
v -0.39169051 0.12720522 1.49722536
v -0.36908695 0.11986450 1.57484032
v -0.33960801 0.11029094 1.64714180
v -0.30380281 0.09866286 1.71278295
v -0.26233833 0.08519687 1.77054100
v -0.21598699 0.07014383 1.81934003
v -0.16561222 0.05378415 1.85827101
v -0.11215241 0.03642256 1.88660872
v -0.05660341 0.01838250 1.90382529
v -0.06313290 0.00951548 0.67537471
v -0.12508976 0.01885371 0.69259128
v -0.18471643 0.02784072 0.72092899
v -0.24090219 0.03630912 0.75985997
v -0.29260039 0.04410115 0.80865900
v -0.33884800 0.05107165 0.86641705
v -0.37878351 0.05709079 0.93205820
v -0.41166301 0.06204643 1.00435968
v -0.43687400 0.06584627 1.08197464
v -0.45394685 0.06841951 1.16345727
v -0.46256353 0.06971823 1.24728970
v -0.46256353 0.06971823 1.33191030
v -0.45394685 0.06841951 1.41574273
v -0.43687400 0.06584627 1.49722536
v -0.41166301 0.06204643 1.57484032
v -0.37878351 0.05709079 1.64714180
v -0.33884800 0.05107165 1.71278295
v -0.29260039 0.04410115 1.77054100
v -0.24090219 0.03630912 1.81934003
v -0.18471643 0.02784072 1.85827101
v -0.12508976 0.01885371 1.88660872
v -0.06313290 0.00951548 1.90382529
v -0.06535999 0.00000000 0.67537471
v -0.12950245 0.00000000 0.69259128
v -0.19123252 0.00000000 0.72092899
v -0.24940030 0.00000000 0.75985997
v -0.30292221 0.00000000 0.80865900
v -0.35080126 0.00000000 0.86641705
v -0.39214555 0.00000000 0.93205820
v -0.42618490 0.00000000 1.00435968
v -0.45228524 0.00000000 1.08197464
v -0.46996036 0.00000000 1.16345727
v -0.47888101 0.00000000 1.24728970
v -0.47888101 0.00000000 1.33191030
v -0.46996036 0.00000000 1.41574273
v -0.45228524 0.00000000 1.49722536
v -0.42618490 0.00000000 1.57484032
v -0.39214555 0.00000000 1.64714180
v -0.35080126 0.00000000 1.71278295
v -0.30292221 0.00000000 1.77054100
v -0.24940030 0.00000000 1.81934003
v -0.19123252 0.00000000 1.85827101
v -0.12950245 0.00000000 1.88660872
v -0.06535999 0.00000000 1.90382529
v -0.06313290 -0.00951548 0.67537471
v -0.12508976 -0.01885371 0.69259128
v -0.18471643 -0.02784072 0.72092899
v -0.24090219 -0.03630912 0.75985997
v -0.29260039 -0.04410115 0.80865900
v -0.33884800 -0.05107165 0.86641705
v -0.37878351 -0.05709079 0.93205820
v -0.41166301 -0.06204643 1.00435968
v -0.43687400 -0.06584627 1.08197464
v -0.45394685 -0.06841951 1.16345727
v -0.46256353 -0.06971823 1.24728970
v -0.46256353 -0.06971823 1.33191030
v -0.45394685 -0.06841951 1.41574273
v -0.43687400 -0.06584627 1.49722536
v -0.41166301 -0.06204643 1.57484032
v -0.37878351 -0.05709079 1.64714180
v -0.33884800 -0.05107165 1.71278295
v -0.29260039 -0.04410115 1.77054100
v -0.24090219 -0.03630912 1.81934003
v -0.18471643 -0.02784072 1.85827101
v -0.12508976 -0.01885371 1.88660872
v -0.06313290 -0.00951548 1.90382529
v -0.05660341 -0.01838250 0.67537471
v -0.11215241 -0.03642256 0.69259128
v -0.16561222 -0.05378415 0.72092899
v -0.21598699 -0.07014383 0.75985997
v -0.26233833 -0.08519687 0.80865900
v -0.30380281 -0.09866286 0.86641705
v -0.33960801 -0.11029094 0.93205820
v -0.36908695 -0.11986450 1.00435968
v -0.39169051 -0.12720522 1.08197464
v -0.40699761 -0.13217635 1.16345727
v -0.41472312 -0.13468528 1.24728970
v -0.41472312 -0.13468528 1.33191030
v -0.40699761 -0.13217635 1.41574273
v -0.39169051 -0.12720522 1.49722536
v -0.36908695 -0.11986450 1.57484032
v -0.33960801 -0.11029094 1.64714180
v -0.30380281 -0.09866286 1.71278295
v -0.26233833 -0.08519687 1.77054100
v -0.21598699 -0.07014383 1.81934003
v -0.16561222 -0.05378415 1.85827101
v -0.11215241 -0.03642256 1.88660872
v -0.05660341 -0.01838250 1.90382529
v -0.04621649 -0.02599678 0.67537471
v -0.09157206 -0.05150928 0.69259128
v -0.13522181 -0.07606227 0.72092899
v -0.17635264 -0.09919836 0.75985997
v -0.21419835 -0.12048657 0.80865900
v -0.24805395 -0.13953035 0.86641705
v -0.27728878 -0.15597494 0.93205820
v -0.30135824 -0.16951401 1.00435968
v -0.31981396 -0.17989535 1.08197464
v -0.33231216 -0.18692559 1.16345727
v -0.33862001 -0.19047376 1.24728970
v -0.33862001 -0.19047376 1.33191030
v -0.33231216 -0.18692559 1.41574273
v -0.31981396 -0.17989535 1.49722536
v -0.30135824 -0.16951401 1.57484032
v -0.27728878 -0.15597494 1.64714180
v -0.24805395 -0.13953035 1.71278295
v -0.21419835 -0.12048657 1.77054100
v -0.17635264 -0.09919836 1.81934003
v -0.13522181 -0.07606227 1.85827101
v -0.09157206 -0.05150928 1.88660872
v -0.04621649 -0.02599678 1.90382529
v -0.03268000 -0.03183942 0.67537471
v -0.06475123 -0.06308573 0.69259128
v -0.09561626 -0.09315688 0.72092899
v -0.12470015 -0.12149268 0.75985997
v -0.15146111 -0.14756531 0.80865900
v -0.17540063 -0.17088908 0.86641705
v -0.19607277 -0.19102950 0.93205820
v -0.21309245 -0.20761141 1.00435968
v -0.22614262 -0.22032591 1.08197464
v -0.23498018 -0.22893616 1.16345727
v -0.23944050 -0.23328175 1.24728970
v -0.23944050 -0.23328175 1.33191030
v -0.23498018 -0.22893616 1.41574273
v -0.22614262 -0.22032591 1.49722536
v -0.21309245 -0.20761141 1.57484032
v -0.19607277 -0.19102950 1.64714180
v -0.17540063 -0.17088908 1.71278295
v -0.15146111 -0.14756531 1.77054100
v -0.12470015 -0.12149268 1.81934003
v -0.09561626 -0.09315688 1.85827101
v -0.06475123 -0.06308573 1.88660872
v -0.03268000 -0.03183942 1.90382529
v -0.01691641 -0.03551226 0.67537471
v -0.03351770 -0.07036299 0.69259128
v -0.04949462 -0.10390299 0.72092899
v -0.06454955 -0.13550748 0.75985997
v -0.07840204 -0.16458772 0.80865900
v -0.09079405 -0.19060200 0.86641705
v -0.10149474 -0.21306573 0.93205820
v -0.11030477 -0.23156044 1.00435968
v -0.11706003 -0.24574162 1.08197464
v -0.12163469 -0.25534510 1.16345727
v -0.12394353 -0.26019199 1.24728970
v -0.12394353 -0.26019199 1.33191030
v -0.12163469 -0.25534510 1.41574273
v -0.11706003 -0.24574162 1.49722536
v -0.11030477 -0.23156044 1.57484032
v -0.10149474 -0.21306573 1.64714180
v -0.09079405 -0.19060200 1.71278295
v -0.07840204 -0.16458772 1.77054100
v -0.06454955 -0.13550748 1.81934003
v -0.04949462 -0.10390299 1.85827101
v -0.03351770 -0.07036299 1.88660872
v -0.01691641 -0.03551226 1.90382529
v -0.00000000 -0.03676500 0.67537471
v -0.00000000 -0.07284513 0.69259128
v -0.00000000 -0.10756829 0.72092899
v -0.00000000 -0.14028767 0.75985997
v -0.00000000 -0.17039374 0.80865900
v -0.00000000 -0.19732571 0.86641705
v -0.00000000 -0.22058187 0.93205820
v -0.00000000 -0.23972901 1.00435968
v -0.00000000 -0.25441045 1.08197464
v -0.00000000 -0.26435270 1.16345727
v -0.00000000 -0.26937057 1.24728970
v -0.00000000 -0.26937057 1.33191030
v -0.00000000 -0.26435270 1.41574273
v -0.00000000 -0.25441045 1.49722536
v -0.00000000 -0.23972901 1.57484032
v -0.00000000 -0.22058187 1.64714180
v -0.00000000 -0.19732571 1.71278295
v -0.00000000 -0.17039374 1.77054100
v -0.00000000 -0.14028767 1.81934003
v -0.00000000 -0.10756829 1.85827101
v -0.00000000 -0.07284513 1.88660872
v -0.00000000 -0.03676500 1.90382529
v 0.01691641 -0.03551226 0.67537471
v 0.03351770 -0.07036299 0.69259128
v 0.04949462 -0.10390299 0.72092899
v 0.06454955 -0.13550748 0.75985997
v 0.07840204 -0.16458772 0.80865900
v 0.09079405 -0.19060200 0.86641705
v 0.10149474 -0.21306573 0.93205820
v 0.11030477 -0.23156044 1.00435968
v 0.11706003 -0.24574162 1.08197464
v 0.12163469 -0.25534510 1.16345727
v 0.12394353 -0.26019199 1.24728970
v 0.12394353 -0.26019199 1.33191030
v 0.12163469 -0.25534510 1.41574273
v 0.11706003 -0.24574162 1.49722536
v 0.11030477 -0.23156044 1.57484032
v 0.10149474 -0.21306573 1.64714180
v 0.09079405 -0.19060200 1.71278295
v 0.07840204 -0.16458772 1.77054100
v 0.06454955 -0.13550748 1.81934003
v 0.04949462 -0.10390299 1.85827101
v 0.03351770 -0.07036299 1.88660872
v 0.01691641 -0.03551226 1.90382529
v 0.03268000 -0.03183942 0.67537471
v 0.06475123 -0.06308573 0.69259128
v 0.09561626 -0.09315688 0.72092899
v 0.12470015 -0.12149268 0.75985997
v 0.15146111 -0.14756531 0.80865900
v 0.17540063 -0.17088908 0.86641705
v 0.19607277 -0.19102950 0.93205820
v 0.21309245 -0.20761141 1.00435968
v 0.22614262 -0.22032591 1.08197464
v 0.23498018 -0.22893616 1.16345727
v 0.23944050 -0.23328175 1.24728970
v 0.23944050 -0.23328175 1.33191030
v 0.23498018 -0.22893616 1.41574273
v 0.22614262 -0.22032591 1.49722536
v 0.21309245 -0.20761141 1.57484032
v 0.19607277 -0.19102950 1.64714180
v 0.17540063 -0.17088908 1.71278295
v 0.15146111 -0.14756531 1.77054100
v 0.12470015 -0.12149268 1.81934003
v 0.09561626 -0.09315688 1.85827101
v 0.06475123 -0.06308573 1.88660872
v 0.03268000 -0.03183942 1.90382529
v 0.04621649 -0.02599678 0.67537471
v 0.09157206 -0.05150928 0.69259128
v 0.13522181 -0.07606227 0.72092899
v 0.17635264 -0.09919836 0.75985997
v 0.21419835 -0.12048657 0.80865900
v 0.24805395 -0.13953035 0.86641705
v 0.27728878 -0.15597494 0.93205820
v 0.30135824 -0.16951401 1.00435968
v 0.31981396 -0.17989535 1.08197464
v 0.33231216 -0.18692559 1.16345727
v 0.33862001 -0.19047376 1.24728970
v 0.33862001 -0.19047376 1.33191030
v 0.33231216 -0.18692559 1.41574273
v 0.31981396 -0.17989535 1.49722536
v 0.30135824 -0.16951401 1.57484032
v 0.27728878 -0.15597494 1.64714180
v 0.24805395 -0.13953035 1.71278295
v 0.21419835 -0.12048657 1.77054100
v 0.17635264 -0.09919836 1.81934003
v 0.13522181 -0.07606227 1.85827101
v 0.09157206 -0.05150928 1.88660872
v 0.04621649 -0.02599678 1.90382529
v 0.05660341 -0.01838250 0.67537471
v 0.11215241 -0.03642256 0.69259128
v 0.16561222 -0.05378415 0.72092899
v 0.21598699 -0.07014383 0.75985997
v 0.26233833 -0.08519687 0.80865900
v 0.30380281 -0.09866286 0.86641705
v 0.33960801 -0.11029094 0.93205820
v 0.36908695 -0.11986450 1.00435968
v 0.39169051 -0.12720522 1.08197464
v 0.40699761 -0.13217635 1.16345727
v 0.41472312 -0.13468528 1.24728970
v 0.41472312 -0.13468528 1.33191030
v 0.40699761 -0.13217635 1.41574273
v 0.39169051 -0.12720522 1.49722536
v 0.36908695 -0.11986450 1.57484032
v 0.33960801 -0.11029094 1.64714180
v 0.30380281 -0.09866286 1.71278295
v 0.26233833 -0.08519687 1.77054100
v 0.21598699 -0.07014383 1.81934003
v 0.16561222 -0.05378415 1.85827101
v 0.11215241 -0.03642256 1.88660872
v 0.05660341 -0.01838250 1.90382529
v 0.06313290 -0.00951548 0.67537471
v 0.12508976 -0.01885371 0.69259128
v 0.18471643 -0.02784072 0.72092899
v 0.24090219 -0.03630912 0.75985997
v 0.29260039 -0.04410115 0.80865900
v 0.33884800 -0.05107165 0.86641705
v 0.37878351 -0.05709079 0.93205820
v 0.41166301 -0.06204643 1.00435968
v 0.43687400 -0.06584627 1.08197464
v 0.45394685 -0.06841951 1.16345727
v 0.46256353 -0.06971823 1.24728970
v 0.46256353 -0.06971823 1.33191030
v 0.45394685 -0.06841951 1.41574273
v 0.43687400 -0.06584627 1.49722536
v 0.41166301 -0.06204643 1.57484032
v 0.37878351 -0.05709079 1.64714180
v 0.33884800 -0.05107165 1.71278295
v 0.29260039 -0.04410115 1.77054100
v 0.24090219 -0.03630912 1.81934003
v 0.18471643 -0.02784072 1.85827101
v 0.12508976 -0.01885371 1.88660872
v 0.06313290 -0.00951548 1.90382529
v -0.43000000 0.00000000 2.35000000
v -0.54440107 0.00000000 2.38622700
v -0.73440107 0.00000000 1.78622700
v -0.62000000 0.00000000 1.75000000
v -0.53880188 0.03708204 2.38445393
v -0.72880188 0.03708204 1.78445393
v -0.52255241 0.07053423 2.37930826
v -0.71255241 0.07053423 1.77930826
v -0.49724326 0.09708204 2.37129370
v -0.68724326 0.09708204 1.77129370
v -0.46535187 0.11412678 2.36119476
v -0.65535187 0.11412678 1.76119476
v -0.43000000 0.12000000 2.35000000
v -0.62000000 0.12000000 1.75000000
v -0.39464813 0.11412678 2.33880524
v -0.58464813 0.11412678 1.73880524
v -0.36275674 0.09708204 2.32870630
v -0.55275674 0.09708204 1.72870630
v -0.33744759 0.07053423 2.32069174
v -0.52744759 0.07053423 1.72069174
v -0.32119812 0.03708204 2.31554607
v -0.51119812 0.03708204 1.71554607
v -0.31559893 0.00000000 2.31377300
v -0.50559893 0.00000000 1.71377300
v -0.32119812 -0.03708204 2.31554607
v -0.51119812 -0.03708204 1.71554607
v -0.33744759 -0.07053423 2.32069174
v -0.52744759 -0.07053423 1.72069174
v -0.36275674 -0.09708204 2.32870630
v -0.55275674 -0.09708204 1.72870630
v -0.39464813 -0.11412678 2.33880524
v -0.58464813 -0.11412678 1.73880524
v -0.43000000 -0.12000000 2.35000000
v -0.62000000 -0.12000000 1.75000000
v -0.46535187 -0.11412678 2.36119476
v -0.65535187 -0.11412678 1.76119476
v -0.49724326 -0.09708204 2.37129370
v -0.68724326 -0.09708204 1.77129370
v -0.52255241 -0.07053423 2.37930826
v -0.71255241 -0.07053423 1.77930826
v -0.53880188 -0.03708204 2.38445393
v -0.72880188 -0.03708204 1.78445393
v -0.05160000 0.00000000 0.16200000
v -0.03184865 0.00000000 0.16363664
v -0.01263606 0.00000000 0.16850193
v 0.00551369 0.00000000 0.17646315
v 0.02210553 0.00000000 0.18730314
v 0.03668687 0.00000000 0.20072621
v 0.04885998 0.00000000 0.21636622
v 0.05829280 0.00000000 0.23379655
v 0.06472803 0.00000000 0.25254174
v 0.06799014 0.00000000 0.27209048
v 0.06799014 0.00000000 0.29190952
v 0.06472803 0.00000000 0.31145826
v 0.05829280 0.00000000 0.33020345
v 0.04885998 0.00000000 0.34763378
v 0.03668687 0.00000000 0.36327379
v 0.02210553 0.00000000 0.37669686
v 0.00551369 0.00000000 0.38753685
v -0.01263606 0.00000000 0.39549807
v -0.03184865 0.00000000 0.40036336
v -0.05160000 0.00000000 0.40200000
v -0.03281535 0.00610350 0.16363664
v -0.01454309 0.01204052 0.16850193
v 0.00271834 0.01764910 0.17646315
v 0.01849812 0.02277626 0.18730314
v 0.03236580 0.02728214 0.20072621
v 0.04394312 0.03104384 0.21636622
v 0.05291426 0.03395874 0.23379655
v 0.05903453 0.03594734 0.25254174
v 0.06213698 0.03695539 0.27209048
v 0.06213698 0.03695539 0.29190952
v 0.05903453 0.03594734 0.31145826
v 0.05291426 0.03395874 0.33020345
v 0.04394312 0.03104384 0.34763378
v 0.03236580 0.02728214 0.36327379
v 0.01849812 0.02277626 0.37669686
v 0.00271834 0.01764910 0.38753685
v -0.01454309 0.01204052 0.39549807
v -0.03281535 0.00610350 0.40036336
v -0.03562082 0.01160955 0.16363664
v -0.02007751 0.02290243 0.16850193
v -0.00539406 0.03357058 0.17646315
v 0.00802902 0.04332302 0.18730314
v 0.01982558 0.05189372 0.20072621
v 0.02967383 0.05904889 0.21636622
v 0.03730514 0.06459337 0.23379655
v 0.04251135 0.06837590 0.25254174
v 0.04515045 0.07029332 0.27209048
v 0.04515045 0.07029332 0.29190952
v 0.04251135 0.06837590 0.31145826
v 0.03730514 0.06459337 0.33020345
v 0.02967383 0.05904889 0.34763378
v 0.01982558 0.05189372 0.36327379
v 0.00802902 0.04332302 0.37669686
v -0.00539406 0.03357058 0.38753685
v -0.02007751 0.02290243 0.39549807
v -0.03562082 0.01160955 0.40036336
v -0.03999045 0.01597918 0.16363664
v -0.02869757 0.03152249 0.16850193
v -0.01802942 0.04620594 0.17646315
v -0.00827698 0.05962902 0.18730314
v 0.00029372 0.07142558 0.20072621
v 0.00744889 0.08127383 0.21636622
v 0.01299337 0.08890514 0.23379655
v 0.01677590 0.09411135 0.25254174
v 0.01869332 0.09675045 0.27209048
v 0.01869332 0.09675045 0.29190952
v 0.01677590 0.09411135 0.31145826
v 0.01299337 0.08890514 0.33020345
v 0.00744889 0.08127383 0.34763378
v 0.00029372 0.07142558 0.36327379
v -0.00827698 0.05962902 0.37669686
v -0.01802942 0.04620594 0.38753685
v -0.02869757 0.03152249 0.39549807
v -0.03999045 0.01597918 0.40036336
v -0.04549650 0.01878465 0.16363664
v -0.03955948 0.03705691 0.16850193
v -0.03395090 0.05431834 0.17646315
v -0.02882374 0.07009812 0.18730314
v -0.02431786 0.08396580 0.20072621
v -0.02055616 0.09554312 0.21636622
v -0.01764126 0.10451426 0.23379655
v -0.01565266 0.11063453 0.25254174
v -0.01464461 0.11373698 0.27209048
v -0.01464461 0.11373698 0.29190952
v -0.01565266 0.11063453 0.31145826
v -0.01764126 0.10451426 0.33020345
v -0.02055616 0.09554312 0.34763378
v -0.02431786 0.08396580 0.36327379
v -0.02882374 0.07009812 0.37669686
v -0.03395090 0.05431834 0.38753685
v -0.03955948 0.03705691 0.39549807
v -0.04549650 0.01878465 0.40036336
v -0.05160000 0.01975135 0.16363664
v -0.05160000 0.03896394 0.16850193
v -0.05160000 0.05711369 0.17646315
v -0.05160000 0.07370553 0.18730314
v -0.05160000 0.08828687 0.20072621
v -0.05160000 0.10045998 0.21636622
v -0.05160000 0.10989280 0.23379655
v -0.05160000 0.11632803 0.25254174
v -0.05160000 0.11959014 0.27209048
v -0.05160000 0.11959014 0.29190952
v -0.05160000 0.11632803 0.31145826
v -0.05160000 0.10989280 0.33020345
v -0.05160000 0.10045998 0.34763378
v -0.05160000 0.08828687 0.36327379
v -0.05160000 0.07370553 0.37669686
v -0.05160000 0.05711369 0.38753685
v -0.05160000 0.03896394 0.39549807
v -0.05160000 0.01975135 0.40036336
v -0.05770350 0.01878465 0.16363664
v -0.06364052 0.03705691 0.16850193
v -0.06924910 0.05431834 0.17646315
v -0.07437626 0.07009812 0.18730314
v -0.07888214 0.08396580 0.20072621
v -0.08264384 0.09554312 0.21636622
v -0.08555874 0.10451426 0.23379655
v -0.08754734 0.11063453 0.25254174
v -0.08855539 0.11373698 0.27209048
v -0.08855539 0.11373698 0.29190952
v -0.08754734 0.11063453 0.31145826
v -0.08555874 0.10451426 0.33020345
v -0.08264384 0.09554312 0.34763378
v -0.07888214 0.08396580 0.36327379
v -0.07437626 0.07009812 0.37669686
v -0.06924910 0.05431834 0.38753685
v -0.06364052 0.03705691 0.39549807
v -0.05770350 0.01878465 0.40036336
v -0.06320955 0.01597918 0.16363664
v -0.07450243 0.03152249 0.16850193
v -0.08517058 0.04620594 0.17646315
v -0.09492302 0.05962902 0.18730314
v -0.10349372 0.07142558 0.20072621
v -0.11064889 0.08127383 0.21636622
v -0.11619337 0.08890514 0.23379655
v -0.11997590 0.09411135 0.25254174
v -0.12189332 0.09675045 0.27209048
v -0.12189332 0.09675045 0.29190952
v -0.11997590 0.09411135 0.31145826
v -0.11619337 0.08890514 0.33020345
v -0.11064889 0.08127383 0.34763378
v -0.10349372 0.07142558 0.36327379
v -0.09492302 0.05962902 0.37669686
v -0.08517058 0.04620594 0.38753685
v -0.07450243 0.03152249 0.39549807
v -0.06320955 0.01597918 0.40036336
v -0.06757918 0.01160955 0.16363664
v -0.08312249 0.02290243 0.16850193
v -0.09780594 0.03357058 0.17646315
v -0.11122902 0.04332302 0.18730314
v -0.12302558 0.05189372 0.20072621
v -0.13287383 0.05904889 0.21636622
v -0.14050514 0.06459337 0.23379655
v -0.14571135 0.06837590 0.25254174
v -0.14835045 0.07029332 0.27209048
v -0.14835045 0.07029332 0.29190952
v -0.14571135 0.06837590 0.31145826
v -0.14050514 0.06459337 0.33020345
v -0.13287383 0.05904889 0.34763378
v -0.12302558 0.05189372 0.36327379
v -0.11122902 0.04332302 0.37669686
v -0.09780594 0.03357058 0.38753685
v -0.08312249 0.02290243 0.39549807
v -0.06757918 0.01160955 0.40036336
v -0.07038465 0.00610350 0.16363664
v -0.08865691 0.01204052 0.16850193
v -0.10591834 0.01764910 0.17646315
v -0.12169812 0.02277626 0.18730314
v -0.13556580 0.02728214 0.20072621
v -0.14714312 0.03104384 0.21636622
v -0.15611426 0.03395874 0.23379655
v -0.16223453 0.03594734 0.25254174
v -0.16533698 0.03695539 0.27209048
v -0.16533698 0.03695539 0.29190952
v -0.16223453 0.03594734 0.31145826
v -0.15611426 0.03395874 0.33020345
v -0.14714312 0.03104384 0.34763378
v -0.13556580 0.02728214 0.36327379
v -0.12169812 0.02277626 0.37669686
v -0.10591834 0.01764910 0.38753685
v -0.08865691 0.01204052 0.39549807
v -0.07038465 0.00610350 0.40036336
v -0.07135135 0.00000000 0.16363664
v -0.09056394 0.00000000 0.16850193
v -0.10871369 0.00000000 0.17646315
v -0.12530553 0.00000000 0.18730314
v -0.13988687 0.00000000 0.20072621
v -0.15205998 0.00000000 0.21636622
v -0.16149280 0.00000000 0.23379655
v -0.16792803 0.00000000 0.25254174
v -0.17119014 0.00000000 0.27209048
v -0.17119014 0.00000000 0.29190952
v -0.16792803 0.00000000 0.31145826
v -0.16149280 0.00000000 0.33020345
v -0.15205998 0.00000000 0.34763378
v -0.13988687 0.00000000 0.36327379
v -0.12530553 0.00000000 0.37669686
v -0.10871369 0.00000000 0.38753685
v -0.09056394 0.00000000 0.39549807
v -0.07135135 0.00000000 0.40036336
v -0.07038465 -0.00610350 0.16363664
v -0.08865691 -0.01204052 0.16850193
v -0.10591834 -0.01764910 0.17646315
v -0.12169812 -0.02277626 0.18730314
v -0.13556580 -0.02728214 0.20072621
v -0.14714312 -0.03104384 0.21636622
v -0.15611426 -0.03395874 0.23379655
v -0.16223453 -0.03594734 0.25254174
v -0.16533698 -0.03695539 0.27209048
v -0.16533698 -0.03695539 0.29190952
v -0.16223453 -0.03594734 0.31145826
v -0.15611426 -0.03395874 0.33020345
v -0.14714312 -0.03104384 0.34763378
v -0.13556580 -0.02728214 0.36327379
v -0.12169812 -0.02277626 0.37669686
v -0.10591834 -0.01764910 0.38753685
v -0.08865691 -0.01204052 0.39549807
v -0.07038465 -0.00610350 0.40036336
v -0.06757918 -0.01160955 0.16363664
v -0.08312249 -0.02290243 0.16850193
v -0.09780594 -0.03357058 0.17646315
v -0.11122902 -0.04332302 0.18730314
v -0.12302558 -0.05189372 0.20072621
v -0.13287383 -0.05904889 0.21636622
v -0.14050514 -0.06459337 0.23379655
v -0.14571135 -0.06837590 0.25254174
v -0.14835045 -0.07029332 0.27209048
v -0.14835045 -0.07029332 0.29190952
v -0.14571135 -0.06837590 0.31145826
v -0.14050514 -0.06459337 0.33020345
v -0.13287383 -0.05904889 0.34763378
v -0.12302558 -0.05189372 0.36327379
v -0.11122902 -0.04332302 0.37669686
v -0.09780594 -0.03357058 0.38753685
v -0.08312249 -0.02290243 0.39549807
v -0.06757918 -0.01160955 0.40036336
v -0.06320955 -0.01597918 0.16363664
v -0.07450243 -0.03152249 0.16850193
v -0.08517058 -0.04620594 0.17646315
v -0.09492302 -0.05962902 0.18730314
v -0.10349372 -0.07142558 0.20072621
v -0.11064889 -0.08127383 0.21636622
v -0.11619337 -0.08890514 0.23379655
v -0.11997590 -0.09411135 0.25254174
v -0.12189332 -0.09675045 0.27209048
v -0.12189332 -0.09675045 0.29190952
v -0.11997590 -0.09411135 0.31145826
v -0.11619337 -0.08890514 0.33020345
v -0.11064889 -0.08127383 0.34763378
v -0.10349372 -0.07142558 0.36327379
v -0.09492302 -0.05962902 0.37669686
v -0.08517058 -0.04620594 0.38753685
v -0.07450243 -0.03152249 0.39549807
v -0.06320955 -0.01597918 0.40036336
v -0.05770350 -0.01878465 0.16363664
v -0.06364052 -0.03705691 0.16850193
v -0.06924910 -0.05431834 0.17646315
v -0.07437626 -0.07009812 0.18730314
v -0.07888214 -0.08396580 0.20072621
v -0.08264384 -0.09554312 0.21636622
v -0.08555874 -0.10451426 0.23379655
v -0.08754734 -0.11063453 0.25254174
v -0.08855539 -0.11373698 0.27209048
v -0.08855539 -0.11373698 0.29190952
v -0.08754734 -0.11063453 0.31145826
v -0.08555874 -0.10451426 0.33020345
v -0.08264384 -0.09554312 0.34763378
v -0.07888214 -0.08396580 0.36327379
v -0.07437626 -0.07009812 0.37669686
v -0.06924910 -0.05431834 0.38753685
v -0.06364052 -0.03705691 0.39549807
v -0.05770350 -0.01878465 0.40036336
v -0.05160000 -0.01975135 0.16363664
v -0.05160000 -0.03896394 0.16850193
v -0.05160000 -0.05711369 0.17646315
v -0.05160000 -0.07370553 0.18730314
v -0.05160000 -0.08828687 0.20072621
v -0.05160000 -0.10045998 0.21636622
v -0.05160000 -0.10989280 0.23379655
v -0.05160000 -0.11632803 0.25254174
v -0.05160000 -0.11959014 0.27209048
v -0.05160000 -0.11959014 0.29190952
v -0.05160000 -0.11632803 0.31145826
v -0.05160000 -0.10989280 0.33020345
v -0.05160000 -0.10045998 0.34763378
v -0.05160000 -0.08828687 0.36327379
v -0.05160000 -0.07370553 0.37669686
v -0.05160000 -0.05711369 0.38753685
v -0.05160000 -0.03896394 0.39549807
v -0.05160000 -0.01975135 0.40036336
v -0.04549650 -0.01878465 0.16363664
v -0.03955948 -0.03705691 0.16850193
v -0.03395090 -0.05431834 0.17646315
v -0.02882374 -0.07009812 0.18730314
v -0.02431786 -0.08396580 0.20072621
v -0.02055616 -0.09554312 0.21636622
v -0.01764126 -0.10451426 0.23379655
v -0.01565266 -0.11063453 0.25254174
v -0.01464461 -0.11373698 0.27209048
v -0.01464461 -0.11373698 0.29190952
v -0.01565266 -0.11063453 0.31145826
v -0.01764126 -0.10451426 0.33020345
v -0.02055616 -0.09554312 0.34763378
v -0.02431786 -0.08396580 0.36327379
v -0.02882374 -0.07009812 0.37669686
v -0.03395090 -0.05431834 0.38753685
v -0.03955948 -0.03705691 0.39549807
v -0.04549650 -0.01878465 0.40036336
v -0.03999045 -0.01597918 0.16363664
v -0.02869757 -0.03152249 0.16850193
v -0.01802942 -0.04620594 0.17646315
v -0.00827698 -0.05962902 0.18730314
v 0.00029372 -0.07142558 0.20072621
v 0.00744889 -0.08127383 0.21636622
v 0.01299337 -0.08890514 0.23379655
v 0.01677590 -0.09411135 0.25254174
v 0.01869332 -0.09675045 0.27209048
v 0.01869332 -0.09675045 0.29190952
v 0.01677590 -0.09411135 0.31145826
v 0.01299337 -0.08890514 0.33020345
v 0.00744889 -0.08127383 0.34763378
v 0.00029372 -0.07142558 0.36327379
v -0.00827698 -0.05962902 0.37669686
v -0.01802942 -0.04620594 0.38753685
v -0.02869757 -0.03152249 0.39549807
v -0.03999045 -0.01597918 0.40036336
v -0.03562082 -0.01160955 0.16363664
v -0.02007751 -0.02290243 0.16850193
v -0.00539406 -0.03357058 0.17646315
v 0.00802902 -0.04332302 0.18730314
v 0.01982558 -0.05189372 0.20072621
v 0.02967383 -0.05904889 0.21636622
v 0.03730514 -0.06459337 0.23379655
v 0.04251135 -0.06837590 0.25254174
v 0.04515045 -0.07029332 0.27209048
v 0.04515045 -0.07029332 0.29190952
v 0.04251135 -0.06837590 0.31145826
v 0.03730514 -0.06459337 0.33020345
v 0.02967383 -0.05904889 0.34763378
v 0.01982558 -0.05189372 0.36327379
v 0.00802902 -0.04332302 0.37669686
v -0.00539406 -0.03357058 0.38753685
v -0.02007751 -0.02290243 0.39549807
v -0.03562082 -0.01160955 0.40036336
v -0.03281535 -0.00610350 0.16363664
v -0.01454309 -0.01204052 0.16850193
v 0.00271834 -0.01764910 0.17646315
v 0.01849812 -0.02277626 0.18730314
v 0.03236580 -0.02728214 0.20072621
v 0.04394312 -0.03104384 0.21636622
v 0.05291426 -0.03395874 0.23379655
v 0.05903453 -0.03594734 0.25254174
v 0.06213698 -0.03695539 0.27209048
v 0.06213698 -0.03695539 0.29190952
v 0.05903453 -0.03594734 0.31145826
v 0.05291426 -0.03395874 0.33020345
v 0.04394312 -0.03104384 0.34763378
v 0.03236580 -0.02728214 0.36327379
v 0.01849812 -0.02277626 0.37669686
v 0.00271834 -0.01764910 0.38753685
v -0.01454309 -0.01204052 0.39549807
v -0.03281535 -0.00610350 0.40036336
v -0.07440000 0.00000000 0.09000000
v -0.05464865 0.00000000 0.09163664
v -0.03543606 0.00000000 0.09650193
v -0.01728631 0.00000000 0.10446315
v -0.00069447 0.00000000 0.11530314
v 0.01388687 0.00000000 0.12872621
v 0.02605998 0.00000000 0.14436622
v 0.03549280 0.00000000 0.16179655
v 0.04192803 0.00000000 0.18054174
v 0.04519014 0.00000000 0.20009048
v 0.04519014 0.00000000 0.21990952
v 0.04192803 0.00000000 0.23945826
v 0.03549280 0.00000000 0.25820345
v 0.02605998 0.00000000 0.27563378
v 0.01388687 0.00000000 0.29127379
v -0.00069447 0.00000000 0.30469686
v -0.01728631 0.00000000 0.31553685
v -0.03543606 0.00000000 0.32349807
v -0.05464865 0.00000000 0.32836336
v -0.07440000 0.00000000 0.33000000
v -0.05561535 0.00610350 0.09163664
v -0.03734309 0.01204052 0.09650193
v -0.02008166 0.01764910 0.10446315
v -0.00430188 0.02277626 0.11530314
v 0.00956580 0.02728214 0.12872621
v 0.02114312 0.03104384 0.14436622
v 0.03011426 0.03395874 0.16179655
v 0.03623453 0.03594734 0.18054174
v 0.03933698 0.03695539 0.20009048
v 0.03933698 0.03695539 0.21990952
v 0.03623453 0.03594734 0.23945826
v 0.03011426 0.03395874 0.25820345
v 0.02114312 0.03104384 0.27563378
v 0.00956580 0.02728214 0.29127379
v -0.00430188 0.02277626 0.30469686
v -0.02008166 0.01764910 0.31553685
v -0.03734309 0.01204052 0.32349807
v -0.05561535 0.00610350 0.32836336
v -0.05842082 0.01160955 0.09163664
v -0.04287751 0.02290243 0.09650193
v -0.02819406 0.03357058 0.10446315
v -0.01477098 0.04332302 0.11530314
v -0.00297442 0.05189372 0.12872621
v 0.00687383 0.05904889 0.14436622
v 0.01450514 0.06459337 0.16179655
v 0.01971135 0.06837590 0.18054174
v 0.02235045 0.07029332 0.20009048
v 0.02235045 0.07029332 0.21990952
v 0.01971135 0.06837590 0.23945826
v 0.01450514 0.06459337 0.25820345
v 0.00687383 0.05904889 0.27563378
v -0.00297442 0.05189372 0.29127379
v -0.01477098 0.04332302 0.30469686
v -0.02819406 0.03357058 0.31553685
v -0.04287751 0.02290243 0.32349807
v -0.05842082 0.01160955 0.32836336
v -0.06279045 0.01597918 0.09163664
v -0.05149757 0.03152249 0.09650193
v -0.04082942 0.04620594 0.10446315
v -0.03107698 0.05962902 0.11530314
v -0.02250628 0.07142558 0.12872621
v -0.01535111 0.08127383 0.14436622
v -0.00980663 0.08890514 0.16179655
v -0.00602410 0.09411135 0.18054174
v -0.00410668 0.09675045 0.20009048
v -0.00410668 0.09675045 0.21990952
v -0.00602410 0.09411135 0.23945826
v -0.00980663 0.08890514 0.25820345
v -0.01535111 0.08127383 0.27563378
v -0.02250628 0.07142558 0.29127379
v -0.03107698 0.05962902 0.30469686
v -0.04082942 0.04620594 0.31553685
v -0.05149757 0.03152249 0.32349807
v -0.06279045 0.01597918 0.32836336
v -0.06829650 0.01878465 0.09163664
v -0.06235948 0.03705691 0.09650193
v -0.05675090 0.05431834 0.10446315
v -0.05162374 0.07009812 0.11530314
v -0.04711786 0.08396580 0.12872621
v -0.04335616 0.09554312 0.14436622
v -0.04044126 0.10451426 0.16179655
v -0.03845266 0.11063453 0.18054174
v -0.03744461 0.11373698 0.20009048
v -0.03744461 0.11373698 0.21990952
v -0.03845266 0.11063453 0.23945826
v -0.04044126 0.10451426 0.25820345
v -0.04335616 0.09554312 0.27563378
v -0.04711786 0.08396580 0.29127379
v -0.05162374 0.07009812 0.30469686
v -0.05675090 0.05431834 0.31553685
v -0.06235948 0.03705691 0.32349807
v -0.06829650 0.01878465 0.32836336
v -0.07440000 0.01975135 0.09163664
v -0.07440000 0.03896394 0.09650193
v -0.07440000 0.05711369 0.10446315
v -0.07440000 0.07370553 0.11530314
v -0.07440000 0.08828687 0.12872621
v -0.07440000 0.10045998 0.14436622
v -0.07440000 0.10989280 0.16179655
v -0.07440000 0.11632803 0.18054174
v -0.07440000 0.11959014 0.20009048
v -0.07440000 0.11959014 0.21990952
v -0.07440000 0.11632803 0.23945826
v -0.07440000 0.10989280 0.25820345
v -0.07440000 0.10045998 0.27563378
v -0.07440000 0.08828687 0.29127379
v -0.07440000 0.07370553 0.30469686
v -0.07440000 0.05711369 0.31553685
v -0.07440000 0.03896394 0.32349807
v -0.07440000 0.01975135 0.32836336
v -0.08050350 0.01878465 0.09163664
v -0.08644052 0.03705691 0.09650193
v -0.09204910 0.05431834 0.10446315
v -0.09717626 0.07009812 0.11530314
v -0.10168214 0.08396580 0.12872621
v -0.10544384 0.09554312 0.14436622
v -0.10835874 0.10451426 0.16179655
v -0.11034734 0.11063453 0.18054174
v -0.11135539 0.11373698 0.20009048
v -0.11135539 0.11373698 0.21990952
v -0.11034734 0.11063453 0.23945826
v -0.10835874 0.10451426 0.25820345
v -0.10544384 0.09554312 0.27563378
v -0.10168214 0.08396580 0.29127379
v -0.09717626 0.07009812 0.30469686
v -0.09204910 0.05431834 0.31553685
v -0.08644052 0.03705691 0.32349807
v -0.08050350 0.01878465 0.32836336
v -0.08600955 0.01597918 0.09163664
v -0.09730243 0.03152249 0.09650193
v -0.10797058 0.04620594 0.10446315
v -0.11772302 0.05962902 0.11530314
v -0.12629372 0.07142558 0.12872621
v -0.13344889 0.08127383 0.14436622
v -0.13899337 0.08890514 0.16179655
v -0.14277590 0.09411135 0.18054174
v -0.14469332 0.09675045 0.20009048
v -0.14469332 0.09675045 0.21990952
v -0.14277590 0.09411135 0.23945826
v -0.13899337 0.08890514 0.25820345
v -0.13344889 0.08127383 0.27563378
v -0.12629372 0.07142558 0.29127379
v -0.11772302 0.05962902 0.30469686
v -0.10797058 0.04620594 0.31553685
v -0.09730243 0.03152249 0.32349807
v -0.08600955 0.01597918 0.32836336
v -0.09037918 0.01160955 0.09163664
v -0.10592249 0.02290243 0.09650193
v -0.12060594 0.03357058 0.10446315
v -0.13402902 0.04332302 0.11530314
v -0.14582558 0.05189372 0.12872621
v -0.15567383 0.05904889 0.14436622
v -0.16330514 0.06459337 0.16179655
v -0.16851135 0.06837590 0.18054174
v -0.17115045 0.07029332 0.20009048
v -0.17115045 0.07029332 0.21990952
v -0.16851135 0.06837590 0.23945826
v -0.16330514 0.06459337 0.25820345
v -0.15567383 0.05904889 0.27563378
v -0.14582558 0.05189372 0.29127379
v -0.13402902 0.04332302 0.30469686
v -0.12060594 0.03357058 0.31553685
v -0.10592249 0.02290243 0.32349807
v -0.09037918 0.01160955 0.32836336
v -0.09318465 0.00610350 0.09163664
v -0.11145691 0.01204052 0.09650193
v -0.12871834 0.01764910 0.10446315
v -0.14449812 0.02277626 0.11530314
v -0.15836580 0.02728214 0.12872621
v -0.16994312 0.03104384 0.14436622
v -0.17891426 0.03395874 0.16179655
v -0.18503453 0.03594734 0.18054174
v -0.18813698 0.03695539 0.20009048
v -0.18813698 0.03695539 0.21990952
v -0.18503453 0.03594734 0.23945826
v -0.17891426 0.03395874 0.25820345
v -0.16994312 0.03104384 0.27563378
v -0.15836580 0.02728214 0.29127379
v -0.14449812 0.02277626 0.30469686
v -0.12871834 0.01764910 0.31553685
v -0.11145691 0.01204052 0.32349807
v -0.09318465 0.00610350 0.32836336
v -0.09415135 0.00000000 0.09163664
v -0.11336394 0.00000000 0.09650193
v -0.13151369 0.00000000 0.10446315
v -0.14810553 0.00000000 0.11530314
v -0.16268687 0.00000000 0.12872621
v -0.17485998 0.00000000 0.14436622
v -0.18429280 0.00000000 0.16179655
v -0.19072803 0.00000000 0.18054174
v -0.19399014 0.00000000 0.20009048
v -0.19399014 0.00000000 0.21990952
v -0.19072803 0.00000000 0.23945826
v -0.18429280 0.00000000 0.25820345
v -0.17485998 0.00000000 0.27563378
v -0.16268687 0.00000000 0.29127379
v -0.14810553 0.00000000 0.30469686
v -0.13151369 0.00000000 0.31553685
v -0.11336394 0.00000000 0.32349807
v -0.09415135 0.00000000 0.32836336
v -0.09318465 -0.00610350 0.09163664
v -0.11145691 -0.01204052 0.09650193
v -0.12871834 -0.01764910 0.10446315
v -0.14449812 -0.02277626 0.11530314
v -0.15836580 -0.02728214 0.12872621
v -0.16994312 -0.03104384 0.14436622
v -0.17891426 -0.03395874 0.16179655
v -0.18503453 -0.03594734 0.18054174
v -0.18813698 -0.03695539 0.20009048
v -0.18813698 -0.03695539 0.21990952
v -0.18503453 -0.03594734 0.23945826
v -0.17891426 -0.03395874 0.25820345
v -0.16994312 -0.03104384 0.27563378
v -0.15836580 -0.02728214 0.29127379
v -0.14449812 -0.02277626 0.30469686
v -0.12871834 -0.01764910 0.31553685
v -0.11145691 -0.01204052 0.32349807
v -0.09318465 -0.00610350 0.32836336
v -0.09037918 -0.01160955 0.09163664
v -0.10592249 -0.02290243 0.09650193
v -0.12060594 -0.03357058 0.10446315
v -0.13402902 -0.04332302 0.11530314
v -0.14582558 -0.05189372 0.12872621
v -0.15567383 -0.05904889 0.14436622
v -0.16330514 -0.06459337 0.16179655
v -0.16851135 -0.06837590 0.18054174
v -0.17115045 -0.07029332 0.20009048
v -0.17115045 -0.07029332 0.21990952
v -0.16851135 -0.06837590 0.23945826
v -0.16330514 -0.06459337 0.25820345
v -0.15567383 -0.05904889 0.27563378
v -0.14582558 -0.05189372 0.29127379
v -0.13402902 -0.04332302 0.30469686
v -0.12060594 -0.03357058 0.31553685
v -0.10592249 -0.02290243 0.32349807
v -0.09037918 -0.01160955 0.32836336
v -0.08600955 -0.01597918 0.09163664
v -0.09730243 -0.03152249 0.09650193
v -0.10797058 -0.04620594 0.10446315
v -0.11772302 -0.05962902 0.11530314
v -0.12629372 -0.07142558 0.12872621
v -0.13344889 -0.08127383 0.14436622
v -0.13899337 -0.08890514 0.16179655
v -0.14277590 -0.09411135 0.18054174
v -0.14469332 -0.09675045 0.20009048
v -0.14469332 -0.09675045 0.21990952
v -0.14277590 -0.09411135 0.23945826
v -0.13899337 -0.08890514 0.25820345
v -0.13344889 -0.08127383 0.27563378
v -0.12629372 -0.07142558 0.29127379
v -0.11772302 -0.05962902 0.30469686
v -0.10797058 -0.04620594 0.31553685
v -0.09730243 -0.03152249 0.32349807
v -0.08600955 -0.01597918 0.32836336
v -0.08050350 -0.01878465 0.09163664
v -0.08644052 -0.03705691 0.09650193
v -0.09204910 -0.05431834 0.10446315
v -0.09717626 -0.07009812 0.11530314
v -0.10168214 -0.08396580 0.12872621
v -0.10544384 -0.09554312 0.14436622
v -0.10835874 -0.10451426 0.16179655
v -0.11034734 -0.11063453 0.18054174
v -0.11135539 -0.11373698 0.20009048
v -0.11135539 -0.11373698 0.21990952
v -0.11034734 -0.11063453 0.23945826
v -0.10835874 -0.10451426 0.25820345
v -0.10544384 -0.09554312 0.27563378
v -0.10168214 -0.08396580 0.29127379
v -0.09717626 -0.07009812 0.30469686
v -0.09204910 -0.05431834 0.31553685
v -0.08644052 -0.03705691 0.32349807
v -0.08050350 -0.01878465 0.32836336
v -0.07440000 -0.01975135 0.09163664
v -0.07440000 -0.03896394 0.09650193
v -0.07440000 -0.05711369 0.10446315
v -0.07440000 -0.07370553 0.11530314
v -0.07440000 -0.08828687 0.12872621
v -0.07440000 -0.10045998 0.14436622
v -0.07440000 -0.10989280 0.16179655
v -0.07440000 -0.11632803 0.18054174
v -0.07440000 -0.11959014 0.20009048
v -0.07440000 -0.11959014 0.21990952
v -0.07440000 -0.11632803 0.23945826
v -0.07440000 -0.10989280 0.25820345
v -0.07440000 -0.10045998 0.27563378
v -0.07440000 -0.08828687 0.29127379
v -0.07440000 -0.07370553 0.30469686
v -0.07440000 -0.05711369 0.31553685
v -0.07440000 -0.03896394 0.32349807
v -0.07440000 -0.01975135 0.32836336
v -0.06829650 -0.01878465 0.09163664
v -0.06235948 -0.03705691 0.09650193
v -0.05675090 -0.05431834 0.10446315
v -0.05162374 -0.07009812 0.11530314
v -0.04711786 -0.08396580 0.12872621
v -0.04335616 -0.09554312 0.14436622
v -0.04044126 -0.10451426 0.16179655
v -0.03845266 -0.11063453 0.18054174
v -0.03744461 -0.11373698 0.20009048
v -0.03744461 -0.11373698 0.21990952
v -0.03845266 -0.11063453 0.23945826
v -0.04044126 -0.10451426 0.25820345
v -0.04335616 -0.09554312 0.27563378
v -0.04711786 -0.08396580 0.29127379
v -0.05162374 -0.07009812 0.30469686
v -0.05675090 -0.05431834 0.31553685
v -0.06235948 -0.03705691 0.32349807
v -0.06829650 -0.01878465 0.32836336
v -0.06279045 -0.01597918 0.09163664
v -0.05149757 -0.03152249 0.09650193
v -0.04082942 -0.04620594 0.10446315
v -0.03107698 -0.05962902 0.11530314
v -0.02250628 -0.07142558 0.12872621
v -0.01535111 -0.08127383 0.14436622
v -0.00980663 -0.08890514 0.16179655
v -0.00602410 -0.09411135 0.18054174
v -0.00410668 -0.09675045 0.20009048
v -0.00410668 -0.09675045 0.21990952
v -0.00602410 -0.09411135 0.23945826
v -0.00980663 -0.08890514 0.25820345
v -0.01535111 -0.08127383 0.27563378
v -0.02250628 -0.07142558 0.29127379
v -0.03107698 -0.05962902 0.30469686
v -0.04082942 -0.04620594 0.31553685
v -0.05149757 -0.03152249 0.32349807
v -0.06279045 -0.01597918 0.32836336
v -0.05842082 -0.01160955 0.09163664
v -0.04287751 -0.02290243 0.09650193
v -0.02819406 -0.03357058 0.10446315
v -0.01477098 -0.04332302 0.11530314
v -0.00297442 -0.05189372 0.12872621
v 0.00687383 -0.05904889 0.14436622
v 0.01450514 -0.06459337 0.16179655
v 0.01971135 -0.06837590 0.18054174
v 0.02235045 -0.07029332 0.20009048
v 0.02235045 -0.07029332 0.21990952
v 0.01971135 -0.06837590 0.23945826
v 0.01450514 -0.06459337 0.25820345
v 0.00687383 -0.05904889 0.27563378
v -0.00297442 -0.05189372 0.29127379
v -0.01477098 -0.04332302 0.30469686
v -0.02819406 -0.03357058 0.31553685
v -0.04287751 -0.02290243 0.32349807
v -0.05842082 -0.01160955 0.32836336
v -0.05561535 -0.00610350 0.09163664
v -0.03734309 -0.01204052 0.09650193
v -0.02008166 -0.01764910 0.10446315
v -0.00430188 -0.02277626 0.11530314
v 0.00956580 -0.02728214 0.12872621
v 0.02114312 -0.03104384 0.14436622
v 0.03011426 -0.03395874 0.16179655
v 0.03623453 -0.03594734 0.18054174
v 0.03933698 -0.03695539 0.20009048
v 0.03933698 -0.03695539 0.21990952
v 0.03623453 -0.03594734 0.23945826
v 0.03011426 -0.03395874 0.25820345
v 0.02114312 -0.03104384 0.27563378
v 0.00956580 -0.02728214 0.29127379
v -0.00430188 -0.02277626 0.30469686
v -0.02008166 -0.01764910 0.31553685
v -0.03734309 -0.01204052 0.32349807
v -0.05561535 -0.00610350 0.32836336
v 0.43000000 0.00000000 2.35000000
v 0.31559893 0.00000000 2.31377300
v 0.50559893 0.00000000 1.71377300
v 0.62000000 0.00000000 1.75000000
v 0.32119812 0.03708204 2.31554607
v 0.51119812 0.03708204 1.71554607
v 0.33744759 0.07053423 2.32069174
v 0.52744759 0.07053423 1.72069174
v 0.36275674 0.09708204 2.32870630
v 0.55275674 0.09708204 1.72870630
v 0.39464813 0.11412678 2.33880524
v 0.58464813 0.11412678 1.73880524
v 0.43000000 0.12000000 2.35000000
v 0.62000000 0.12000000 1.75000000
v 0.46535187 0.11412678 2.36119476
v 0.65535187 0.11412678 1.76119476
v 0.49724326 0.09708204 2.37129370
v 0.68724326 0.09708204 1.77129370
v 0.52255241 0.07053423 2.37930826
v 0.71255241 0.07053423 1.77930826
v 0.53880188 0.03708204 2.38445393
v 0.72880188 0.03708204 1.78445393
v 0.54440107 0.00000000 2.38622700
v 0.73440107 0.00000000 1.78622700
v 0.53880188 -0.03708204 2.38445393
v 0.72880188 -0.03708204 1.78445393
v 0.52255241 -0.07053423 2.37930826
v 0.71255241 -0.07053423 1.77930826
v 0.49724326 -0.09708204 2.37129370
v 0.68724326 -0.09708204 1.77129370
v 0.46535187 -0.11412678 2.36119476
v 0.65535187 -0.11412678 1.76119476
v 0.43000000 -0.12000000 2.35000000
v 0.62000000 -0.12000000 1.75000000
v 0.39464813 -0.11412678 2.33880524
v 0.58464813 -0.11412678 1.73880524
v 0.36275674 -0.09708204 2.32870630
v 0.55275674 -0.09708204 1.72870630
v 0.33744759 -0.07053423 2.32069174
v 0.52744759 -0.07053423 1.72069174
v 0.32119812 -0.03708204 2.31554607
v 0.51119812 -0.03708204 1.71554607
v 0.05160000 0.00000000 0.16200000
v 0.07135135 0.00000000 0.16363664
v 0.09056394 0.00000000 0.16850193
v 0.10871369 0.00000000 0.17646315
v 0.12530553 0.00000000 0.18730314
v 0.13988687 0.00000000 0.20072621
v 0.15205998 0.00000000 0.21636622
v 0.16149280 0.00000000 0.23379655
v 0.16792803 0.00000000 0.25254174
v 0.17119014 0.00000000 0.27209048
v 0.17119014 0.00000000 0.29190952
v 0.16792803 0.00000000 0.31145826
v 0.16149280 0.00000000 0.33020345
v 0.15205998 0.00000000 0.34763378
v 0.13988687 0.00000000 0.36327379
v 0.12530553 0.00000000 0.37669686
v 0.10871369 0.00000000 0.38753685
v 0.09056394 0.00000000 0.39549807
v 0.07135135 0.00000000 0.40036336
v 0.05160000 0.00000000 0.40200000
v 0.07038465 0.00610350 0.16363664
v 0.08865691 0.01204052 0.16850193
v 0.10591834 0.01764910 0.17646315
v 0.12169812 0.02277626 0.18730314
v 0.13556580 0.02728214 0.20072621
v 0.14714312 0.03104384 0.21636622
v 0.15611426 0.03395874 0.23379655
v 0.16223453 0.03594734 0.25254174
v 0.16533698 0.03695539 0.27209048
v 0.16533698 0.03695539 0.29190952
v 0.16223453 0.03594734 0.31145826
v 0.15611426 0.03395874 0.33020345
v 0.14714312 0.03104384 0.34763378
v 0.13556580 0.02728214 0.36327379
v 0.12169812 0.02277626 0.37669686
v 0.10591834 0.01764910 0.38753685
v 0.08865691 0.01204052 0.39549807
v 0.07038465 0.00610350 0.40036336
v 0.06757918 0.01160955 0.16363664
v 0.08312249 0.02290243 0.16850193
v 0.09780594 0.03357058 0.17646315
v 0.11122902 0.04332302 0.18730314
v 0.12302558 0.05189372 0.20072621
v 0.13287383 0.05904889 0.21636622
v 0.14050514 0.06459337 0.23379655
v 0.14571135 0.06837590 0.25254174
v 0.14835045 0.07029332 0.27209048
v 0.14835045 0.07029332 0.29190952
v 0.14571135 0.06837590 0.31145826
v 0.14050514 0.06459337 0.33020345
v 0.13287383 0.05904889 0.34763378
v 0.12302558 0.05189372 0.36327379
v 0.11122902 0.04332302 0.37669686
v 0.09780594 0.03357058 0.38753685
v 0.08312249 0.02290243 0.39549807
v 0.06757918 0.01160955 0.40036336
v 0.06320955 0.01597918 0.16363664
v 0.07450243 0.03152249 0.16850193
v 0.08517058 0.04620594 0.17646315
v 0.09492302 0.05962902 0.18730314
v 0.10349372 0.07142558 0.20072621
v 0.11064889 0.08127383 0.21636622
v 0.11619337 0.08890514 0.23379655
v 0.11997590 0.09411135 0.25254174
v 0.12189332 0.09675045 0.27209048
v 0.12189332 0.09675045 0.29190952
v 0.11997590 0.09411135 0.31145826
v 0.11619337 0.08890514 0.33020345
v 0.11064889 0.08127383 0.34763378
v 0.10349372 0.07142558 0.36327379
v 0.09492302 0.05962902 0.37669686
v 0.08517058 0.04620594 0.38753685
v 0.07450243 0.03152249 0.39549807
v 0.06320955 0.01597918 0.40036336
v 0.05770350 0.01878465 0.16363664
v 0.06364052 0.03705691 0.16850193
v 0.06924910 0.05431834 0.17646315
v 0.07437626 0.07009812 0.18730314
v 0.07888214 0.08396580 0.20072621
v 0.08264384 0.09554312 0.21636622
v 0.08555874 0.10451426 0.23379655
v 0.08754734 0.11063453 0.25254174
v 0.08855539 0.11373698 0.27209048
v 0.08855539 0.11373698 0.29190952
v 0.08754734 0.11063453 0.31145826
v 0.08555874 0.10451426 0.33020345
v 0.08264384 0.09554312 0.34763378
v 0.07888214 0.08396580 0.36327379
v 0.07437626 0.07009812 0.37669686
v 0.06924910 0.05431834 0.38753685
v 0.06364052 0.03705691 0.39549807
v 0.05770350 0.01878465 0.40036336
v 0.05160000 0.01975135 0.16363664
v 0.05160000 0.03896394 0.16850193
v 0.05160000 0.05711369 0.17646315
v 0.05160000 0.07370553 0.18730314
v 0.05160000 0.08828687 0.20072621
v 0.05160000 0.10045998 0.21636622
v 0.05160000 0.10989280 0.23379655
v 0.05160000 0.11632803 0.25254174
v 0.05160000 0.11959014 0.27209048
v 0.05160000 0.11959014 0.29190952
v 0.05160000 0.11632803 0.31145826
v 0.05160000 0.10989280 0.33020345
v 0.05160000 0.10045998 0.34763378
v 0.05160000 0.08828687 0.36327379
v 0.05160000 0.07370553 0.37669686
v 0.05160000 0.05711369 0.38753685
v 0.05160000 0.03896394 0.39549807
v 0.05160000 0.01975135 0.40036336
v 0.04549650 0.01878465 0.16363664
v 0.03955948 0.03705691 0.16850193
v 0.03395090 0.05431834 0.17646315
v 0.02882374 0.07009812 0.18730314
v 0.02431786 0.08396580 0.20072621
v 0.02055616 0.09554312 0.21636622
v 0.01764126 0.10451426 0.23379655
v 0.01565266 0.11063453 0.25254174
v 0.01464461 0.11373698 0.27209048
v 0.01464461 0.11373698 0.29190952
v 0.01565266 0.11063453 0.31145826
v 0.01764126 0.10451426 0.33020345
v 0.02055616 0.09554312 0.34763378
v 0.02431786 0.08396580 0.36327379
v 0.02882374 0.07009812 0.37669686
v 0.03395090 0.05431834 0.38753685
v 0.03955948 0.03705691 0.39549807
v 0.04549650 0.01878465 0.40036336
v 0.03999045 0.01597918 0.16363664
v 0.02869757 0.03152249 0.16850193
v 0.01802942 0.04620594 0.17646315
v 0.00827698 0.05962902 0.18730314
v -0.00029372 0.07142558 0.20072621
v -0.00744889 0.08127383 0.21636622
v -0.01299337 0.08890514 0.23379655
v -0.01677590 0.09411135 0.25254174
v -0.01869332 0.09675045 0.27209048
v -0.01869332 0.09675045 0.29190952
v -0.01677590 0.09411135 0.31145826
v -0.01299337 0.08890514 0.33020345
v -0.00744889 0.08127383 0.34763378
v -0.00029372 0.07142558 0.36327379
v 0.00827698 0.05962902 0.37669686
v 0.01802942 0.04620594 0.38753685
v 0.02869757 0.03152249 0.39549807
v 0.03999045 0.01597918 0.40036336
v 0.03562082 0.01160955 0.16363664
v 0.02007751 0.02290243 0.16850193
v 0.00539406 0.03357058 0.17646315
v -0.00802902 0.04332302 0.18730314
v -0.01982558 0.05189372 0.20072621
v -0.02967383 0.05904889 0.21636622
v -0.03730514 0.06459337 0.23379655
v -0.04251135 0.06837590 0.25254174
v -0.04515045 0.07029332 0.27209048
v -0.04515045 0.07029332 0.29190952
v -0.04251135 0.06837590 0.31145826
v -0.03730514 0.06459337 0.33020345
v -0.02967383 0.05904889 0.34763378
v -0.01982558 0.05189372 0.36327379
v -0.00802902 0.04332302 0.37669686
v 0.00539406 0.03357058 0.38753685
v 0.02007751 0.02290243 0.39549807
v 0.03562082 0.01160955 0.40036336
v 0.03281535 0.00610350 0.16363664
v 0.01454309 0.01204052 0.16850193
v -0.00271834 0.01764910 0.17646315
v -0.01849812 0.02277626 0.18730314
v -0.03236580 0.02728214 0.20072621
v -0.04394312 0.03104384 0.21636622
v -0.05291426 0.03395874 0.23379655
v -0.05903453 0.03594734 0.25254174
v -0.06213698 0.03695539 0.27209048
v -0.06213698 0.03695539 0.29190952
v -0.05903453 0.03594734 0.31145826
v -0.05291426 0.03395874 0.33020345
v -0.04394312 0.03104384 0.34763378
v -0.03236580 0.02728214 0.36327379
v -0.01849812 0.02277626 0.37669686
v -0.00271834 0.01764910 0.38753685
v 0.01454309 0.01204052 0.39549807
v 0.03281535 0.00610350 0.40036336
v 0.03184865 0.00000000 0.16363664
v 0.01263606 0.00000000 0.16850193
v -0.00551369 0.00000000 0.17646315
v -0.02210553 0.00000000 0.18730314
v -0.03668687 0.00000000 0.20072621
v -0.04885998 0.00000000 0.21636622
v -0.05829280 0.00000000 0.23379655
v -0.06472803 0.00000000 0.25254174
v -0.06799014 0.00000000 0.27209048
v -0.06799014 0.00000000 0.29190952
v -0.06472803 0.00000000 0.31145826
v -0.05829280 0.00000000 0.33020345
v -0.04885998 0.00000000 0.34763378
v -0.03668687 0.00000000 0.36327379
v -0.02210553 0.00000000 0.37669686
v -0.00551369 0.00000000 0.38753685
v 0.01263606 0.00000000 0.39549807
v 0.03184865 0.00000000 0.40036336
v 0.03281535 -0.00610350 0.16363664
v 0.01454309 -0.01204052 0.16850193
v -0.00271834 -0.01764910 0.17646315
v -0.01849812 -0.02277626 0.18730314
v -0.03236580 -0.02728214 0.20072621
v -0.04394312 -0.03104384 0.21636622
v -0.05291426 -0.03395874 0.23379655
v -0.05903453 -0.03594734 0.25254174
v -0.06213698 -0.03695539 0.27209048
v -0.06213698 -0.03695539 0.29190952
v -0.05903453 -0.03594734 0.31145826
v -0.05291426 -0.03395874 0.33020345
v -0.04394312 -0.03104384 0.34763378
v -0.03236580 -0.02728214 0.36327379
v -0.01849812 -0.02277626 0.37669686
v -0.00271834 -0.01764910 0.38753685
v 0.01454309 -0.01204052 0.39549807
v 0.03281535 -0.00610350 0.40036336
v 0.03562082 -0.01160955 0.16363664
v 0.02007751 -0.02290243 0.16850193
v 0.00539406 -0.03357058 0.17646315
v -0.00802902 -0.04332302 0.18730314
v -0.01982558 -0.05189372 0.20072621
v -0.02967383 -0.05904889 0.21636622
v -0.03730514 -0.06459337 0.23379655
v -0.04251135 -0.06837590 0.25254174
v -0.04515045 -0.07029332 0.27209048
v -0.04515045 -0.07029332 0.29190952
v -0.04251135 -0.06837590 0.31145826
v -0.03730514 -0.06459337 0.33020345
v -0.02967383 -0.05904889 0.34763378
v -0.01982558 -0.05189372 0.36327379
v -0.00802902 -0.04332302 0.37669686
v 0.00539406 -0.03357058 0.38753685
v 0.02007751 -0.02290243 0.39549807
v 0.03562082 -0.01160955 0.40036336
v 0.03999045 -0.01597918 0.16363664
v 0.02869757 -0.03152249 0.16850193
v 0.01802942 -0.04620594 0.17646315
v 0.00827698 -0.05962902 0.18730314
v -0.00029372 -0.07142558 0.20072621
v -0.00744889 -0.08127383 0.21636622
v -0.01299337 -0.08890514 0.23379655
v -0.01677590 -0.09411135 0.25254174
v -0.01869332 -0.09675045 0.27209048
v -0.01869332 -0.09675045 0.29190952
v -0.01677590 -0.09411135 0.31145826
v -0.01299337 -0.08890514 0.33020345
v -0.00744889 -0.08127383 0.34763378
v -0.00029372 -0.07142558 0.36327379
v 0.00827698 -0.05962902 0.37669686
v 0.01802942 -0.04620594 0.38753685
v 0.02869757 -0.03152249 0.39549807
v 0.03999045 -0.01597918 0.40036336
v 0.04549650 -0.01878465 0.16363664
v 0.03955948 -0.03705691 0.16850193
v 0.03395090 -0.05431834 0.17646315
v 0.02882374 -0.07009812 0.18730314
v 0.02431786 -0.08396580 0.20072621
v 0.02055616 -0.09554312 0.21636622
v 0.01764126 -0.10451426 0.23379655
v 0.01565266 -0.11063453 0.25254174
v 0.01464461 -0.11373698 0.27209048
v 0.01464461 -0.11373698 0.29190952
v 0.01565266 -0.11063453 0.31145826
v 0.01764126 -0.10451426 0.33020345
v 0.02055616 -0.09554312 0.34763378
v 0.02431786 -0.08396580 0.36327379
v 0.02882374 -0.07009812 0.37669686
v 0.03395090 -0.05431834 0.38753685
v 0.03955948 -0.03705691 0.39549807
v 0.04549650 -0.01878465 0.40036336
v 0.05160000 -0.01975135 0.16363664
v 0.05160000 -0.03896394 0.16850193
v 0.05160000 -0.05711369 0.17646315
v 0.05160000 -0.07370553 0.18730314
v 0.05160000 -0.08828687 0.20072621
v 0.05160000 -0.10045998 0.21636622
v 0.05160000 -0.10989280 0.23379655
v 0.05160000 -0.11632803 0.25254174
v 0.05160000 -0.11959014 0.27209048
v 0.05160000 -0.11959014 0.29190952
v 0.05160000 -0.11632803 0.31145826
v 0.05160000 -0.10989280 0.33020345
v 0.05160000 -0.10045998 0.34763378
v 0.05160000 -0.08828687 0.36327379
v 0.05160000 -0.07370553 0.37669686
v 0.05160000 -0.05711369 0.38753685
v 0.05160000 -0.03896394 0.39549807
v 0.05160000 -0.01975135 0.40036336
v 0.05770350 -0.01878465 0.16363664
v 0.06364052 -0.03705691 0.16850193
v 0.06924910 -0.05431834 0.17646315
v 0.07437626 -0.07009812 0.18730314
v 0.07888214 -0.08396580 0.20072621
v 0.08264384 -0.09554312 0.21636622
v 0.08555874 -0.10451426 0.23379655
v 0.08754734 -0.11063453 0.25254174
v 0.08855539 -0.11373698 0.27209048
v 0.08855539 -0.11373698 0.29190952
v 0.08754734 -0.11063453 0.31145826
v 0.08555874 -0.10451426 0.33020345
v 0.08264384 -0.09554312 0.34763378
v 0.07888214 -0.08396580 0.36327379
v 0.07437626 -0.07009812 0.37669686
v 0.06924910 -0.05431834 0.38753685
v 0.06364052 -0.03705691 0.39549807
v 0.05770350 -0.01878465 0.40036336
v 0.06320955 -0.01597918 0.16363664
v 0.07450243 -0.03152249 0.16850193
v 0.08517058 -0.04620594 0.17646315
v 0.09492302 -0.05962902 0.18730314
v 0.10349372 -0.07142558 0.20072621
v 0.11064889 -0.08127383 0.21636622
v 0.11619337 -0.08890514 0.23379655
v 0.11997590 -0.09411135 0.25254174
v 0.12189332 -0.09675045 0.27209048
v 0.12189332 -0.09675045 0.29190952
v 0.11997590 -0.09411135 0.31145826
v 0.11619337 -0.08890514 0.33020345
v 0.11064889 -0.08127383 0.34763378
v 0.10349372 -0.07142558 0.36327379
v 0.09492302 -0.05962902 0.37669686
v 0.08517058 -0.04620594 0.38753685
v 0.07450243 -0.03152249 0.39549807
v 0.06320955 -0.01597918 0.40036336
v 0.06757918 -0.01160955 0.16363664
v 0.08312249 -0.02290243 0.16850193
v 0.09780594 -0.03357058 0.17646315
v 0.11122902 -0.04332302 0.18730314
v 0.12302558 -0.05189372 0.20072621
v 0.13287383 -0.05904889 0.21636622
v 0.14050514 -0.06459337 0.23379655
v 0.14571135 -0.06837590 0.25254174
v 0.14835045 -0.07029332 0.27209048
v 0.14835045 -0.07029332 0.29190952
v 0.14571135 -0.06837590 0.31145826
v 0.14050514 -0.06459337 0.33020345
v 0.13287383 -0.05904889 0.34763378
v 0.12302558 -0.05189372 0.36327379
v 0.11122902 -0.04332302 0.37669686
v 0.09780594 -0.03357058 0.38753685
v 0.08312249 -0.02290243 0.39549807
v 0.06757918 -0.01160955 0.40036336
v 0.07038465 -0.00610350 0.16363664
v 0.08865691 -0.01204052 0.16850193
v 0.10591834 -0.01764910 0.17646315
v 0.12169812 -0.02277626 0.18730314
v 0.13556580 -0.02728214 0.20072621
v 0.14714312 -0.03104384 0.21636622
v 0.15611426 -0.03395874 0.23379655
v 0.16223453 -0.03594734 0.25254174
v 0.16533698 -0.03695539 0.27209048
v 0.16533698 -0.03695539 0.29190952
v 0.16223453 -0.03594734 0.31145826
v 0.15611426 -0.03395874 0.33020345
v 0.14714312 -0.03104384 0.34763378
v 0.13556580 -0.02728214 0.36327379
v 0.12169812 -0.02277626 0.37669686
v 0.10591834 -0.01764910 0.38753685
v 0.08865691 -0.01204052 0.39549807
v 0.07038465 -0.00610350 0.40036336
v 0.07440000 0.00000000 0.09000000
v 0.09415135 0.00000000 0.09163664
v 0.11336394 0.00000000 0.09650193
v 0.13151369 0.00000000 0.10446315
v 0.14810553 0.00000000 0.11530314
v 0.16268687 0.00000000 0.12872621
v 0.17485998 0.00000000 0.14436622
v 0.18429280 0.00000000 0.16179655
v 0.19072803 0.00000000 0.18054174
v 0.19399014 0.00000000 0.20009048
v 0.19399014 0.00000000 0.21990952
v 0.19072803 0.00000000 0.23945826
v 0.18429280 0.00000000 0.25820345
v 0.17485998 0.00000000 0.27563378
v 0.16268687 0.00000000 0.29127379
v 0.14810553 0.00000000 0.30469686
v 0.13151369 0.00000000 0.31553685
v 0.11336394 0.00000000 0.32349807
v 0.09415135 0.00000000 0.32836336
v 0.07440000 0.00000000 0.33000000
v 0.09318465 0.00610350 0.09163664
v 0.11145691 0.01204052 0.09650193
v 0.12871834 0.01764910 0.10446315
v 0.14449812 0.02277626 0.11530314
v 0.15836580 0.02728214 0.12872621
v 0.16994312 0.03104384 0.14436622
v 0.17891426 0.03395874 0.16179655
v 0.18503453 0.03594734 0.18054174
v 0.18813698 0.03695539 0.20009048
v 0.18813698 0.03695539 0.21990952
v 0.18503453 0.03594734 0.23945826
v 0.17891426 0.03395874 0.25820345
v 0.16994312 0.03104384 0.27563378
v 0.15836580 0.02728214 0.29127379
v 0.14449812 0.02277626 0.30469686
v 0.12871834 0.01764910 0.31553685
v 0.11145691 0.01204052 0.32349807
v 0.09318465 0.00610350 0.32836336
v 0.09037918 0.01160955 0.09163664
v 0.10592249 0.02290243 0.09650193
v 0.12060594 0.03357058 0.10446315
v 0.13402902 0.04332302 0.11530314
v 0.14582558 0.05189372 0.12872621
v 0.15567383 0.05904889 0.14436622
v 0.16330514 0.06459337 0.16179655
v 0.16851135 0.06837590 0.18054174
v 0.17115045 0.07029332 0.20009048
v 0.17115045 0.07029332 0.21990952
v 0.16851135 0.06837590 0.23945826
v 0.16330514 0.06459337 0.25820345
v 0.15567383 0.05904889 0.27563378
v 0.14582558 0.05189372 0.29127379
v 0.13402902 0.04332302 0.30469686
v 0.12060594 0.03357058 0.31553685
v 0.10592249 0.02290243 0.32349807
v 0.09037918 0.01160955 0.32836336
v 0.08600955 0.01597918 0.09163664
v 0.09730243 0.03152249 0.09650193
v 0.10797058 0.04620594 0.10446315
v 0.11772302 0.05962902 0.11530314
v 0.12629372 0.07142558 0.12872621
v 0.13344889 0.08127383 0.14436622
v 0.13899337 0.08890514 0.16179655
v 0.14277590 0.09411135 0.18054174
v 0.14469332 0.09675045 0.20009048
v 0.14469332 0.09675045 0.21990952
v 0.14277590 0.09411135 0.23945826
v 0.13899337 0.08890514 0.25820345
v 0.13344889 0.08127383 0.27563378
v 0.12629372 0.07142558 0.29127379
v 0.11772302 0.05962902 0.30469686
v 0.10797058 0.04620594 0.31553685
v 0.09730243 0.03152249 0.32349807
v 0.08600955 0.01597918 0.32836336
v 0.08050350 0.01878465 0.09163664
v 0.08644052 0.03705691 0.09650193
v 0.09204910 0.05431834 0.10446315
v 0.09717626 0.07009812 0.11530314
v 0.10168214 0.08396580 0.12872621
v 0.10544384 0.09554312 0.14436622
v 0.10835874 0.10451426 0.16179655
v 0.11034734 0.11063453 0.18054174
v 0.11135539 0.11373698 0.20009048
v 0.11135539 0.11373698 0.21990952
v 0.11034734 0.11063453 0.23945826
v 0.10835874 0.10451426 0.25820345
v 0.10544384 0.09554312 0.27563378
v 0.10168214 0.08396580 0.29127379
v 0.09717626 0.07009812 0.30469686
v 0.09204910 0.05431834 0.31553685
v 0.08644052 0.03705691 0.32349807
v 0.08050350 0.01878465 0.32836336
v 0.07440000 0.01975135 0.09163664
v 0.07440000 0.03896394 0.09650193
v 0.07440000 0.05711369 0.10446315
v 0.07440000 0.07370553 0.11530314
v 0.07440000 0.08828687 0.12872621
v 0.07440000 0.10045998 0.14436622
v 0.07440000 0.10989280 0.16179655
v 0.07440000 0.11632803 0.18054174
v 0.07440000 0.11959014 0.20009048
v 0.07440000 0.11959014 0.21990952
v 0.07440000 0.11632803 0.23945826
v 0.07440000 0.10989280 0.25820345
v 0.07440000 0.10045998 0.27563378
v 0.07440000 0.08828687 0.29127379
v 0.07440000 0.07370553 0.30469686
v 0.07440000 0.05711369 0.31553685
v 0.07440000 0.03896394 0.32349807
v 0.07440000 0.01975135 0.32836336
v 0.06829650 0.01878465 0.09163664
v 0.06235948 0.03705691 0.09650193
v 0.05675090 0.05431834 0.10446315
v 0.05162374 0.07009812 0.11530314
v 0.04711786 0.08396580 0.12872621
v 0.04335616 0.09554312 0.14436622
v 0.04044126 0.10451426 0.16179655
v 0.03845266 0.11063453 0.18054174
v 0.03744461 0.11373698 0.20009048
v 0.03744461 0.11373698 0.21990952
v 0.03845266 0.11063453 0.23945826
v 0.04044126 0.10451426 0.25820345
v 0.04335616 0.09554312 0.27563378
v 0.04711786 0.08396580 0.29127379
v 0.05162374 0.07009812 0.30469686
v 0.05675090 0.05431834 0.31553685
v 0.06235948 0.03705691 0.32349807
v 0.06829650 0.01878465 0.32836336
v 0.06279045 0.01597918 0.09163664
v 0.05149757 0.03152249 0.09650193
v 0.04082942 0.04620594 0.10446315
v 0.03107698 0.05962902 0.11530314
v 0.02250628 0.07142558 0.12872621
v 0.01535111 0.08127383 0.14436622
v 0.00980663 0.08890514 0.16179655
v 0.00602410 0.09411135 0.18054174
v 0.00410668 0.09675045 0.20009048
v 0.00410668 0.09675045 0.21990952
v 0.00602410 0.09411135 0.23945826
v 0.00980663 0.08890514 0.25820345
v 0.01535111 0.08127383 0.27563378
v 0.02250628 0.07142558 0.29127379
v 0.03107698 0.05962902 0.30469686
v 0.04082942 0.04620594 0.31553685
v 0.05149757 0.03152249 0.32349807
v 0.06279045 0.01597918 0.32836336
v 0.05842082 0.01160955 0.09163664
v 0.04287751 0.02290243 0.09650193
v 0.02819406 0.03357058 0.10446315
v 0.01477098 0.04332302 0.11530314
v 0.00297442 0.05189372 0.12872621
v -0.00687383 0.05904889 0.14436622
v -0.01450514 0.06459337 0.16179655
v -0.01971135 0.06837590 0.18054174
v -0.02235045 0.07029332 0.20009048
v -0.02235045 0.07029332 0.21990952
v -0.01971135 0.06837590 0.23945826
v -0.01450514 0.06459337 0.25820345
v -0.00687383 0.05904889 0.27563378
v 0.00297442 0.05189372 0.29127379
v 0.01477098 0.04332302 0.30469686
v 0.02819406 0.03357058 0.31553685
v 0.04287751 0.02290243 0.32349807
v 0.05842082 0.01160955 0.32836336
v 0.05561535 0.00610350 0.09163664
v 0.03734309 0.01204052 0.09650193
v 0.02008166 0.01764910 0.10446315
v 0.00430188 0.02277626 0.11530314
v -0.00956580 0.02728214 0.12872621
v -0.02114312 0.03104384 0.14436622
v -0.03011426 0.03395874 0.16179655
v -0.03623453 0.03594734 0.18054174
v -0.03933698 0.03695539 0.20009048
v -0.03933698 0.03695539 0.21990952
v -0.03623453 0.03594734 0.23945826
v -0.03011426 0.03395874 0.25820345
v -0.02114312 0.03104384 0.27563378
v -0.00956580 0.02728214 0.29127379
v 0.00430188 0.02277626 0.30469686
v 0.02008166 0.01764910 0.31553685
v 0.03734309 0.01204052 0.32349807
v 0.05561535 0.00610350 0.32836336
v 0.05464865 0.00000000 0.09163664
v 0.03543606 0.00000000 0.09650193
v 0.01728631 0.00000000 0.10446315
v 0.00069447 0.00000000 0.11530314
v -0.01388687 0.00000000 0.12872621
v -0.02605998 0.00000000 0.14436622
v -0.03549280 0.00000000 0.16179655
v -0.04192803 0.00000000 0.18054174
v -0.04519014 0.00000000 0.20009048
v -0.04519014 0.00000000 0.21990952
v -0.04192803 0.00000000 0.23945826
v -0.03549280 0.00000000 0.25820345
v -0.02605998 0.00000000 0.27563378
v -0.01388687 0.00000000 0.29127379
v 0.00069447 0.00000000 0.30469686
v 0.01728631 0.00000000 0.31553685
v 0.03543606 0.00000000 0.32349807
v 0.05464865 0.00000000 0.32836336
v 0.05561535 -0.00610350 0.09163664
v 0.03734309 -0.01204052 0.09650193
v 0.02008166 -0.01764910 0.10446315
v 0.00430188 -0.02277626 0.11530314
v -0.00956580 -0.02728214 0.12872621
v -0.02114312 -0.03104384 0.14436622
v -0.03011426 -0.03395874 0.16179655
v -0.03623453 -0.03594734 0.18054174
v -0.03933698 -0.03695539 0.20009048
v -0.03933698 -0.03695539 0.21990952
v -0.03623453 -0.03594734 0.23945826
v -0.03011426 -0.03395874 0.25820345
v -0.02114312 -0.03104384 0.27563378
v -0.00956580 -0.02728214 0.29127379
v 0.00430188 -0.02277626 0.30469686
v 0.02008166 -0.01764910 0.31553685
v 0.03734309 -0.01204052 0.32349807
v 0.05561535 -0.00610350 0.32836336
v 0.05842082 -0.01160955 0.09163664
v 0.04287751 -0.02290243 0.09650193
v 0.02819406 -0.03357058 0.10446315
v 0.01477098 -0.04332302 0.11530314
v 0.00297442 -0.05189372 0.12872621
v -0.00687383 -0.05904889 0.14436622
v -0.01450514 -0.06459337 0.16179655
v -0.01971135 -0.06837590 0.18054174
v -0.02235045 -0.07029332 0.20009048
v -0.02235045 -0.07029332 0.21990952
v -0.01971135 -0.06837590 0.23945826
v -0.01450514 -0.06459337 0.25820345
v -0.00687383 -0.05904889 0.27563378
v 0.00297442 -0.05189372 0.29127379
v 0.01477098 -0.04332302 0.30469686
v 0.02819406 -0.03357058 0.31553685
v 0.04287751 -0.02290243 0.32349807
v 0.05842082 -0.01160955 0.32836336
v 0.06279045 -0.01597918 0.09163664
v 0.05149757 -0.03152249 0.09650193
v 0.04082942 -0.04620594 0.10446315
v 0.03107698 -0.05962902 0.11530314
v 0.02250628 -0.07142558 0.12872621
v 0.01535111 -0.08127383 0.14436622
v 0.00980663 -0.08890514 0.16179655
v 0.00602410 -0.09411135 0.18054174
v 0.00410668 -0.09675045 0.20009048
v 0.00410668 -0.09675045 0.21990952
v 0.00602410 -0.09411135 0.23945826
v 0.00980663 -0.08890514 0.25820345
v 0.01535111 -0.08127383 0.27563378
v 0.02250628 -0.07142558 0.29127379
v 0.03107698 -0.05962902 0.30469686
v 0.04082942 -0.04620594 0.31553685
v 0.05149757 -0.03152249 0.32349807
v 0.06279045 -0.01597918 0.32836336
v 0.06829650 -0.01878465 0.09163664
v 0.06235948 -0.03705691 0.09650193
v 0.05675090 -0.05431834 0.10446315
v 0.05162374 -0.07009812 0.11530314
v 0.04711786 -0.08396580 0.12872621
v 0.04335616 -0.09554312 0.14436622
v 0.04044126 -0.10451426 0.16179655
v 0.03845266 -0.11063453 0.18054174
v 0.03744461 -0.11373698 0.20009048
v 0.03744461 -0.11373698 0.21990952
v 0.03845266 -0.11063453 0.23945826
v 0.04044126 -0.10451426 0.25820345
v 0.04335616 -0.09554312 0.27563378
v 0.04711786 -0.08396580 0.29127379
v 0.05162374 -0.07009812 0.30469686
v 0.05675090 -0.05431834 0.31553685
v 0.06235948 -0.03705691 0.32349807
v 0.06829650 -0.01878465 0.32836336
v 0.07440000 -0.01975135 0.09163664
v 0.07440000 -0.03896394 0.09650193
v 0.07440000 -0.05711369 0.10446315
v 0.07440000 -0.07370553 0.11530314
v 0.07440000 -0.08828687 0.12872621
v 0.07440000 -0.10045998 0.14436622
v 0.07440000 -0.10989280 0.16179655
v 0.07440000 -0.11632803 0.18054174
v 0.07440000 -0.11959014 0.20009048
v 0.07440000 -0.11959014 0.21990952
v 0.07440000 -0.11632803 0.23945826
v 0.07440000 -0.10989280 0.25820345
v 0.07440000 -0.10045998 0.27563378
v 0.07440000 -0.08828687 0.29127379
v 0.07440000 -0.07370553 0.30469686
v 0.07440000 -0.05711369 0.31553685
v 0.07440000 -0.03896394 0.32349807
v 0.07440000 -0.01975135 0.32836336
v 0.08050350 -0.01878465 0.09163664
v 0.08644052 -0.03705691 0.09650193
v 0.09204910 -0.05431834 0.10446315
v 0.09717626 -0.07009812 0.11530314
v 0.10168214 -0.08396580 0.12872621
v 0.10544384 -0.09554312 0.14436622
v 0.10835874 -0.10451426 0.16179655
v 0.11034734 -0.11063453 0.18054174
v 0.11135539 -0.11373698 0.20009048
v 0.11135539 -0.11373698 0.21990952
v 0.11034734 -0.11063453 0.23945826
v 0.10835874 -0.10451426 0.25820345
v 0.10544384 -0.09554312 0.27563378
v 0.10168214 -0.08396580 0.29127379
v 0.09717626 -0.07009812 0.30469686
v 0.09204910 -0.05431834 0.31553685
v 0.08644052 -0.03705691 0.32349807
v 0.08050350 -0.01878465 0.32836336
v 0.08600955 -0.01597918 0.09163664
v 0.09730243 -0.03152249 0.09650193
v 0.10797058 -0.04620594 0.10446315
v 0.11772302 -0.05962902 0.11530314
v 0.12629372 -0.07142558 0.12872621
v 0.13344889 -0.08127383 0.14436622
v 0.13899337 -0.08890514 0.16179655
v 0.14277590 -0.09411135 0.18054174
v 0.14469332 -0.09675045 0.20009048
v 0.14469332 -0.09675045 0.21990952
v 0.14277590 -0.09411135 0.23945826
v 0.13899337 -0.08890514 0.25820345
v 0.13344889 -0.08127383 0.27563378
v 0.12629372 -0.07142558 0.29127379
v 0.11772302 -0.05962902 0.30469686
v 0.10797058 -0.04620594 0.31553685
v 0.09730243 -0.03152249 0.32349807
v 0.08600955 -0.01597918 0.32836336
v 0.09037918 -0.01160955 0.09163664
v 0.10592249 -0.02290243 0.09650193
v 0.12060594 -0.03357058 0.10446315
v 0.13402902 -0.04332302 0.11530314
v 0.14582558 -0.05189372 0.12872621
v 0.15567383 -0.05904889 0.14436622
v 0.16330514 -0.06459337 0.16179655
v 0.16851135 -0.06837590 0.18054174
v 0.17115045 -0.07029332 0.20009048
v 0.17115045 -0.07029332 0.21990952
v 0.16851135 -0.06837590 0.23945826
v 0.16330514 -0.06459337 0.25820345
v 0.15567383 -0.05904889 0.27563378
v 0.14582558 -0.05189372 0.29127379
v 0.13402902 -0.04332302 0.30469686
v 0.12060594 -0.03357058 0.31553685
v 0.10592249 -0.02290243 0.32349807
v 0.09037918 -0.01160955 0.32836336
v 0.09318465 -0.00610350 0.09163664
v 0.11145691 -0.01204052 0.09650193
v 0.12871834 -0.01764910 0.10446315
v 0.14449812 -0.02277626 0.11530314
v 0.15836580 -0.02728214 0.12872621
v 0.16994312 -0.03104384 0.14436622
v 0.17891426 -0.03395874 0.16179655
v 0.18503453 -0.03594734 0.18054174
v 0.18813698 -0.03695539 0.20009048
v 0.18813698 -0.03695539 0.21990952
v 0.18503453 -0.03594734 0.23945826
v 0.17891426 -0.03395874 0.25820345
v 0.16994312 -0.03104384 0.27563378
v 0.15836580 -0.02728214 0.29127379
v 0.14449812 -0.02277626 0.30469686
v 0.12871834 -0.01764910 0.31553685
v 0.11145691 -0.01204052 0.32349807
v 0.09318465 -0.00610350 0.32836336
v -0.08060000 0.00000000 0.10540000
v -0.06289834 0.00000000 0.10698339
v -0.04552642 0.00000000 0.11170406
v -0.02880786 0.00000000 0.11947408
v -0.01305409 0.00000000 0.13014870
v 0.00144143 0.00000000 0.14352908
v 0.01440868 0.00000000 0.15936597
v 0.02560609 0.00000000 0.17736435
v 0.03482508 0.00000000 0.19718894
v 0.04189392 0.00000000 0.21847047
v 0.04668093 0.00000000 0.24081248
v 0.04909694 0.00000000 0.26379879
v 0.04909694 0.00000000 0.28700121
v 0.04668093 0.00000000 0.30998752
v 0.04189392 0.00000000 0.33232953
v 0.03482508 0.00000000 0.35361106
v 0.02560609 0.00000000 0.37343565
v 0.01440868 0.00000000 0.39143403
v 0.00144143 0.00000000 0.40727092
v -0.01305409 0.00000000 0.42065130
v -0.02880786 0.00000000 0.43132592
v -0.04552642 0.00000000 0.43909594
v -0.06289834 0.00000000 0.44381661
v -0.08060000 0.00000000 0.44540000
v -0.06350151 0.00387668 0.10698339
v -0.04672152 0.00768114 0.11170406
v -0.03057263 0.01134252 0.11947408
v -0.01535566 0.01479260 0.13014870
v -0.00135406 0.01796713 0.14352908
v 0.01117133 0.02080697 0.15936597
v 0.02198720 0.02325921 0.17736435
v 0.03089206 0.02527818 0.19718894
v 0.03772004 0.02682626 0.21847047
v 0.04234394 0.02787462 0.24081248
v 0.04467762 0.02840372 0.26379879
v 0.04467762 0.02840372 0.28700121
v 0.04234394 0.02787462 0.30998752
v 0.03772004 0.02682626 0.33232953
v 0.03089206 0.02527818 0.35361106
v 0.02198720 0.02325921 0.37343565
v 0.01117133 0.02080697 0.39143403
v -0.00135406 0.01796713 0.40727092
v -0.01535566 0.01479260 0.42065130
v -0.03057263 0.01134252 0.43132592
v -0.04672152 0.00768114 0.43909594
v -0.06350151 0.00387668 0.44381661
v -0.06526991 0.00748917 0.10698339
v -0.05022539 0.01483882 0.11170406
v -0.03574669 0.02191206 0.11947408
v -0.02210352 0.02857712 0.13014870
v -0.00955004 0.03470984 0.14352908
v 0.00167993 0.04019598 0.15936597
v 0.01137717 0.04493334 0.17736435
v 0.01936105 0.04883369 0.19718894
v 0.02548285 0.05182435 0.21847047
v 0.02962852 0.05384962 0.24081248
v 0.03172084 0.05487178 0.26379879
v 0.03172084 0.05487178 0.28700121
v 0.02962852 0.05384962 0.30998752
v 0.02548285 0.05182435 0.33232953
v 0.01936105 0.04883369 0.35361106
v 0.01137717 0.04493334 0.37343565
v 0.00167993 0.04019598 0.39143403
v -0.00955004 0.03470984 0.40727092
v -0.02210352 0.02857712 0.42065130
v -0.03574669 0.02191206 0.43132592
v -0.05022539 0.01483882 0.43909594
v -0.06526991 0.00748917 0.44381661
v -0.06808303 0.01059128 0.10698339
v -0.05579923 0.02098526 0.11170406
v -0.04397743 0.03098833 0.11947408
v -0.03283783 0.04041415 0.13014870
v -0.02258795 0.04908712 0.14352908
v -0.01341872 0.05684570 0.15936597
v -0.00550096 0.06354534 0.17736435
v 0.00101786 0.06906126 0.19718894
v 0.00601628 0.07329070 0.21847047
v 0.00940121 0.07615487 0.24081248
v 0.01110959 0.07760042 0.26379879
v 0.01110959 0.07760042 0.28700121
v 0.00940121 0.07615487 0.30998752
v 0.00601628 0.07329070 0.33232953
v 0.00101786 0.06906126 0.35361106
v -0.00550096 0.06354534 0.37343565
v -0.01341872 0.05684570 0.39143403
v -0.02258795 0.04908712 0.40727092
v -0.03283783 0.04041415 0.42065130
v -0.04397743 0.03098833 0.43132592
v -0.05579923 0.02098526 0.43909594
v -0.06808303 0.01059128 0.44381661
v -0.07174917 0.01297162 0.10698339
v -0.06306321 0.02570159 0.11170406
v -0.05470393 0.03795280 0.11947408
v -0.04682704 0.04949702 0.13014870
v -0.03957928 0.06011920 0.14352908
v -0.03309566 0.06962148 0.15936597
v -0.02749696 0.07782683 0.17736435
v -0.02288746 0.08458243 0.19718894
v -0.01935304 0.08976241 0.21847047
v -0.01695953 0.09327029 0.24081248
v -0.01575153 0.09504071 0.26379879
v -0.01575153 0.09504071 0.28700121
v -0.01695953 0.09327029 0.30998752
v -0.01935304 0.08976241 0.33232953
v -0.02288746 0.08458243 0.35361106
v -0.02749696 0.07782683 0.37343565
v -0.03309566 0.06962148 0.39143403
v -0.03957928 0.06011920 0.40727092
v -0.04682704 0.04949702 0.42065130
v -0.05470393 0.03795280 0.43132592
v -0.06306321 0.02570159 0.43909594
v -0.07174917 0.01297162 0.44381661
v -0.07601847 0.01446796 0.10698339
v -0.07152229 0.02866640 0.11170406
v -0.06719521 0.04233085 0.11947408
v -0.06311783 0.05520675 0.13014870
v -0.05936611 0.06705426 0.14352908
v -0.05600995 0.07765267 0.15936597
v -0.05311184 0.08680456 0.17736435
v -0.05072579 0.09433944 0.19718894
v -0.04889624 0.10011696 0.21847047
v -0.04765727 0.10402949 0.24081248
v -0.04703196 0.10600414 0.26379879
v -0.04703196 0.10600414 0.28700121
v -0.04765727 0.10402949 0.30998752
v -0.04889624 0.10011696 0.33232953
v -0.05072579 0.09433944 0.35361106
v -0.05311184 0.08680456 0.37343565
v -0.05600995 0.07765267 0.39143403
v -0.05936611 0.06705426 0.40727092
v -0.06311783 0.05520675 0.42065130
v -0.06719521 0.04233085 0.43132592
v -0.07152229 0.02866640 0.43909594
v -0.07601847 0.01446796 0.44381661
v -0.08060000 0.01497833 0.10698339
v -0.08060000 0.02967764 0.11170406
v -0.08060000 0.04382412 0.11947408
v -0.08060000 0.05715423 0.13014870
v -0.08060000 0.06941967 0.14352908
v -0.08060000 0.08039196 0.15936597
v -0.08060000 0.08986669 0.17736435
v -0.08060000 0.09766737 0.19718894
v -0.08060000 0.10364870 0.21847047
v -0.08060000 0.10769925 0.24081248
v -0.08060000 0.10974356 0.26379879
v -0.08060000 0.10974356 0.28700121
v -0.08060000 0.10769925 0.30998752
v -0.08060000 0.10364870 0.33232953
v -0.08060000 0.09766737 0.35361106
v -0.08060000 0.08986669 0.37343565
v -0.08060000 0.08039196 0.39143403
v -0.08060000 0.06941967 0.40727092
v -0.08060000 0.05715423 0.42065130
v -0.08060000 0.04382412 0.43132592
v -0.08060000 0.02967764 0.43909594
v -0.08060000 0.01497833 0.44381661
v -0.08518153 0.01446796 0.10698339
v -0.08967771 0.02866640 0.11170406
v -0.09400479 0.04233085 0.11947408
v -0.09808217 0.05520675 0.13014870
v -0.10183389 0.06705426 0.14352908
v -0.10519005 0.07765267 0.15936597
v -0.10808816 0.08680456 0.17736435
v -0.11047421 0.09433944 0.19718894
v -0.11230376 0.10011696 0.21847047
v -0.11354273 0.10402949 0.24081248
v -0.11416804 0.10600414 0.26379879
v -0.11416804 0.10600414 0.28700121
v -0.11354273 0.10402949 0.30998752
v -0.11230376 0.10011696 0.33232953
v -0.11047421 0.09433944 0.35361106
v -0.10808816 0.08680456 0.37343565
v -0.10519005 0.07765267 0.39143403
v -0.10183389 0.06705426 0.40727092
v -0.09808217 0.05520675 0.42065130
v -0.09400479 0.04233085 0.43132592
v -0.08967771 0.02866640 0.43909594
v -0.08518153 0.01446796 0.44381661
v -0.08945083 0.01297162 0.10698339
v -0.09813679 0.02570159 0.11170406
v -0.10649607 0.03795280 0.11947408
v -0.11437296 0.04949702 0.13014870
v -0.12162072 0.06011920 0.14352908
v -0.12810434 0.06962148 0.15936597
v -0.13370304 0.07782683 0.17736435
v -0.13831254 0.08458243 0.19718894
v -0.14184696 0.08976241 0.21847047
v -0.14424047 0.09327029 0.24081248
v -0.14544847 0.09504071 0.26379879
v -0.14544847 0.09504071 0.28700121
v -0.14424047 0.09327029 0.30998752
v -0.14184696 0.08976241 0.33232953
v -0.13831254 0.08458243 0.35361106
v -0.13370304 0.07782683 0.37343565
v -0.12810434 0.06962148 0.39143403
v -0.12162072 0.06011920 0.40727092
v -0.11437296 0.04949702 0.42065130
v -0.10649607 0.03795280 0.43132592
v -0.09813679 0.02570159 0.43909594
v -0.08945083 0.01297162 0.44381661
v -0.09311697 0.01059128 0.10698339
v -0.10540077 0.02098526 0.11170406
v -0.11722257 0.03098833 0.11947408
v -0.12836217 0.04041415 0.13014870
v -0.13861205 0.04908712 0.14352908
v -0.14778128 0.05684570 0.15936597
v -0.15569904 0.06354534 0.17736435
v -0.16221786 0.06906126 0.19718894
v -0.16721628 0.07329070 0.21847047
v -0.17060121 0.07615487 0.24081248
v -0.17230959 0.07760042 0.26379879
v -0.17230959 0.07760042 0.28700121
v -0.17060121 0.07615487 0.30998752
v -0.16721628 0.07329070 0.33232953
v -0.16221786 0.06906126 0.35361106
v -0.15569904 0.06354534 0.37343565
v -0.14778128 0.05684570 0.39143403
v -0.13861205 0.04908712 0.40727092
v -0.12836217 0.04041415 0.42065130
v -0.11722257 0.03098833 0.43132592
v -0.10540077 0.02098526 0.43909594
v -0.09311697 0.01059128 0.44381661
v -0.09593009 0.00748917 0.10698339
v -0.11097461 0.01483882 0.11170406
v -0.12545331 0.02191206 0.11947408
v -0.13909648 0.02857712 0.13014870
v -0.15164996 0.03470984 0.14352908
v -0.16287993 0.04019598 0.15936597
v -0.17257717 0.04493334 0.17736435
v -0.18056105 0.04883369 0.19718894
v -0.18668285 0.05182435 0.21847047
v -0.19082852 0.05384962 0.24081248
v -0.19292084 0.05487178 0.26379879
v -0.19292084 0.05487178 0.28700121
v -0.19082852 0.05384962 0.30998752
v -0.18668285 0.05182435 0.33232953
v -0.18056105 0.04883369 0.35361106
v -0.17257717 0.04493334 0.37343565
v -0.16287993 0.04019598 0.39143403
v -0.15164996 0.03470984 0.40727092
v -0.13909648 0.02857712 0.42065130
v -0.12545331 0.02191206 0.43132592
v -0.11097461 0.01483882 0.43909594
v -0.09593009 0.00748917 0.44381661
v -0.09769849 0.00387668 0.10698339
v -0.11447848 0.00768114 0.11170406
v -0.13062737 0.01134252 0.11947408
v -0.14584434 0.01479260 0.13014870
v -0.15984594 0.01796713 0.14352908
v -0.17237133 0.02080697 0.15936597
v -0.18318720 0.02325921 0.17736435
v -0.19209206 0.02527818 0.19718894
v -0.19892004 0.02682626 0.21847047
v -0.20354394 0.02787462 0.24081248
v -0.20587762 0.02840372 0.26379879
v -0.20587762 0.02840372 0.28700121
v -0.20354394 0.02787462 0.30998752
v -0.19892004 0.02682626 0.33232953
v -0.19209206 0.02527818 0.35361106
v -0.18318720 0.02325921 0.37343565
v -0.17237133 0.02080697 0.39143403
v -0.15984594 0.01796713 0.40727092
v -0.14584434 0.01479260 0.42065130
v -0.13062737 0.01134252 0.43132592
v -0.11447848 0.00768114 0.43909594
v -0.09769849 0.00387668 0.44381661
v -0.09830166 0.00000000 0.10698339
v -0.11567358 0.00000000 0.11170406
v -0.13239214 0.00000000 0.11947408
v -0.14814591 0.00000000 0.13014870
v -0.16264143 0.00000000 0.14352908
v -0.17560868 0.00000000 0.15936597
v -0.18680609 0.00000000 0.17736435
v -0.19602508 0.00000000 0.19718894
v -0.20309392 0.00000000 0.21847047
v -0.20788093 0.00000000 0.24081248
v -0.21029694 0.00000000 0.26379879
v -0.21029694 0.00000000 0.28700121
v -0.20788093 0.00000000 0.30998752
v -0.20309392 0.00000000 0.33232953
v -0.19602508 0.00000000 0.35361106
v -0.18680609 0.00000000 0.37343565
v -0.17560868 0.00000000 0.39143403
v -0.16264143 0.00000000 0.40727092
v -0.14814591 0.00000000 0.42065130
v -0.13239214 0.00000000 0.43132592
v -0.11567358 0.00000000 0.43909594
v -0.09830166 0.00000000 0.44381661
v -0.09769849 -0.00387668 0.10698339
v -0.11447848 -0.00768114 0.11170406
v -0.13062737 -0.01134252 0.11947408
v -0.14584434 -0.01479260 0.13014870
v -0.15984594 -0.01796713 0.14352908
v -0.17237133 -0.02080697 0.15936597
v -0.18318720 -0.02325921 0.17736435
v -0.19209206 -0.02527818 0.19718894
v -0.19892004 -0.02682626 0.21847047
v -0.20354394 -0.02787462 0.24081248
v -0.20587762 -0.02840372 0.26379879
v -0.20587762 -0.02840372 0.28700121
v -0.20354394 -0.02787462 0.30998752
v -0.19892004 -0.02682626 0.33232953
v -0.19209206 -0.02527818 0.35361106
v -0.18318720 -0.02325921 0.37343565
v -0.17237133 -0.02080697 0.39143403
v -0.15984594 -0.01796713 0.40727092
v -0.14584434 -0.01479260 0.42065130
v -0.13062737 -0.01134252 0.43132592
v -0.11447848 -0.00768114 0.43909594
v -0.09769849 -0.00387668 0.44381661
v -0.09593009 -0.00748917 0.10698339
v -0.11097461 -0.01483882 0.11170406
v -0.12545331 -0.02191206 0.11947408
v -0.13909648 -0.02857712 0.13014870
v -0.15164996 -0.03470984 0.14352908
v -0.16287993 -0.04019598 0.15936597
v -0.17257717 -0.04493334 0.17736435
v -0.18056105 -0.04883369 0.19718894
v -0.18668285 -0.05182435 0.21847047
v -0.19082852 -0.05384962 0.24081248
v -0.19292084 -0.05487178 0.26379879
v -0.19292084 -0.05487178 0.28700121
v -0.19082852 -0.05384962 0.30998752
v -0.18668285 -0.05182435 0.33232953
v -0.18056105 -0.04883369 0.35361106
v -0.17257717 -0.04493334 0.37343565
v -0.16287993 -0.04019598 0.39143403
v -0.15164996 -0.03470984 0.40727092
v -0.13909648 -0.02857712 0.42065130
v -0.12545331 -0.02191206 0.43132592
v -0.11097461 -0.01483882 0.43909594
v -0.09593009 -0.00748917 0.44381661
v -0.09311697 -0.01059128 0.10698339
v -0.10540077 -0.02098526 0.11170406
v -0.11722257 -0.03098833 0.11947408
v -0.12836217 -0.04041415 0.13014870
v -0.13861205 -0.04908712 0.14352908
v -0.14778128 -0.05684570 0.15936597
v -0.15569904 -0.06354534 0.17736435
v -0.16221786 -0.06906126 0.19718894
v -0.16721628 -0.07329070 0.21847047
v -0.17060121 -0.07615487 0.24081248
v -0.17230959 -0.07760042 0.26379879
v -0.17230959 -0.07760042 0.28700121
v -0.17060121 -0.07615487 0.30998752
v -0.16721628 -0.07329070 0.33232953
v -0.16221786 -0.06906126 0.35361106
v -0.15569904 -0.06354534 0.37343565
v -0.14778128 -0.05684570 0.39143403
v -0.13861205 -0.04908712 0.40727092
v -0.12836217 -0.04041415 0.42065130
v -0.11722257 -0.03098833 0.43132592
v -0.10540077 -0.02098526 0.43909594
v -0.09311697 -0.01059128 0.44381661
v -0.08945083 -0.01297162 0.10698339
v -0.09813679 -0.02570159 0.11170406
v -0.10649607 -0.03795280 0.11947408
v -0.11437296 -0.04949702 0.13014870
v -0.12162072 -0.06011920 0.14352908
v -0.12810434 -0.06962148 0.15936597
v -0.13370304 -0.07782683 0.17736435
v -0.13831254 -0.08458243 0.19718894
v -0.14184696 -0.08976241 0.21847047
v -0.14424047 -0.09327029 0.24081248
v -0.14544847 -0.09504071 0.26379879
v -0.14544847 -0.09504071 0.28700121
v -0.14424047 -0.09327029 0.30998752
v -0.14184696 -0.08976241 0.33232953
v -0.13831254 -0.08458243 0.35361106
v -0.13370304 -0.07782683 0.37343565
v -0.12810434 -0.06962148 0.39143403
v -0.12162072 -0.06011920 0.40727092
v -0.11437296 -0.04949702 0.42065130
v -0.10649607 -0.03795280 0.43132592
v -0.09813679 -0.02570159 0.43909594
v -0.08945083 -0.01297162 0.44381661
v -0.08518153 -0.01446796 0.10698339
v -0.08967771 -0.02866640 0.11170406
v -0.09400479 -0.04233085 0.11947408
v -0.09808217 -0.05520675 0.13014870
v -0.10183389 -0.06705426 0.14352908
v -0.10519005 -0.07765267 0.15936597
v -0.10808816 -0.08680456 0.17736435
v -0.11047421 -0.09433944 0.19718894
v -0.11230376 -0.10011696 0.21847047
v -0.11354273 -0.10402949 0.24081248
v -0.11416804 -0.10600414 0.26379879
v -0.11416804 -0.10600414 0.28700121
v -0.11354273 -0.10402949 0.30998752
v -0.11230376 -0.10011696 0.33232953
v -0.11047421 -0.09433944 0.35361106
v -0.10808816 -0.08680456 0.37343565
v -0.10519005 -0.07765267 0.39143403
v -0.10183389 -0.06705426 0.40727092
v -0.09808217 -0.05520675 0.42065130
v -0.09400479 -0.04233085 0.43132592
v -0.08967771 -0.02866640 0.43909594
v -0.08518153 -0.01446796 0.44381661
v -0.08060000 -0.01497833 0.10698339
v -0.08060000 -0.02967764 0.11170406
v -0.08060000 -0.04382412 0.11947408
v -0.08060000 -0.05715423 0.13014870
v -0.08060000 -0.06941967 0.14352908
v -0.08060000 -0.08039196 0.15936597
v -0.08060000 -0.08986669 0.17736435
v -0.08060000 -0.09766737 0.19718894
v -0.08060000 -0.10364870 0.21847047
v -0.08060000 -0.10769925 0.24081248
v -0.08060000 -0.10974356 0.26379879
v -0.08060000 -0.10974356 0.28700121
v -0.08060000 -0.10769925 0.30998752
v -0.08060000 -0.10364870 0.33232953
v -0.08060000 -0.09766737 0.35361106
v -0.08060000 -0.08986669 0.37343565
v -0.08060000 -0.08039196 0.39143403
v -0.08060000 -0.06941967 0.40727092
v -0.08060000 -0.05715423 0.42065130
v -0.08060000 -0.04382412 0.43132592
v -0.08060000 -0.02967764 0.43909594
v -0.08060000 -0.01497833 0.44381661
v -0.07601847 -0.01446796 0.10698339
v -0.07152229 -0.02866640 0.11170406
v -0.06719521 -0.04233085 0.11947408
v -0.06311783 -0.05520675 0.13014870
v -0.05936611 -0.06705426 0.14352908
v -0.05600995 -0.07765267 0.15936597
v -0.05311184 -0.08680456 0.17736435
v -0.05072579 -0.09433944 0.19718894
v -0.04889624 -0.10011696 0.21847047
v -0.04765727 -0.10402949 0.24081248
v -0.04703196 -0.10600414 0.26379879
v -0.04703196 -0.10600414 0.28700121
v -0.04765727 -0.10402949 0.30998752
v -0.04889624 -0.10011696 0.33232953
v -0.05072579 -0.09433944 0.35361106
v -0.05311184 -0.08680456 0.37343565
v -0.05600995 -0.07765267 0.39143403
v -0.05936611 -0.06705426 0.40727092
v -0.06311783 -0.05520675 0.42065130
v -0.06719521 -0.04233085 0.43132592
v -0.07152229 -0.02866640 0.43909594
v -0.07601847 -0.01446796 0.44381661
v -0.07174917 -0.01297162 0.10698339
v -0.06306321 -0.02570159 0.11170406
v -0.05470393 -0.03795280 0.11947408
v -0.04682704 -0.04949702 0.13014870
v -0.03957928 -0.06011920 0.14352908
v -0.03309566 -0.06962148 0.15936597
v -0.02749696 -0.07782683 0.17736435
v -0.02288746 -0.08458243 0.19718894
v -0.01935304 -0.08976241 0.21847047
v -0.01695953 -0.09327029 0.24081248
v -0.01575153 -0.09504071 0.26379879
v -0.01575153 -0.09504071 0.28700121
v -0.01695953 -0.09327029 0.30998752
v -0.01935304 -0.08976241 0.33232953
v -0.02288746 -0.08458243 0.35361106
v -0.02749696 -0.07782683 0.37343565
v -0.03309566 -0.06962148 0.39143403
v -0.03957928 -0.06011920 0.40727092
v -0.04682704 -0.04949702 0.42065130
v -0.05470393 -0.03795280 0.43132592
v -0.06306321 -0.02570159 0.43909594
v -0.07174917 -0.01297162 0.44381661
v -0.06808303 -0.01059128 0.10698339
v -0.05579923 -0.02098526 0.11170406
v -0.04397743 -0.03098833 0.11947408
v -0.03283783 -0.04041415 0.13014870
v -0.02258795 -0.04908712 0.14352908
v -0.01341872 -0.05684570 0.15936597
v -0.00550096 -0.06354534 0.17736435
v 0.00101786 -0.06906126 0.19718894
v 0.00601628 -0.07329070 0.21847047
v 0.00940121 -0.07615487 0.24081248
v 0.01110959 -0.07760042 0.26379879
v 0.01110959 -0.07760042 0.28700121
v 0.00940121 -0.07615487 0.30998752
v 0.00601628 -0.07329070 0.33232953
v 0.00101786 -0.06906126 0.35361106
v -0.00550096 -0.06354534 0.37343565
v -0.01341872 -0.05684570 0.39143403
v -0.02258795 -0.04908712 0.40727092
v -0.03283783 -0.04041415 0.42065130
v -0.04397743 -0.03098833 0.43132592
v -0.05579923 -0.02098526 0.43909594
v -0.06808303 -0.01059128 0.44381661
v -0.06526991 -0.00748917 0.10698339
v -0.05022539 -0.01483882 0.11170406
v -0.03574669 -0.02191206 0.11947408
v -0.02210352 -0.02857712 0.13014870
v -0.00955004 -0.03470984 0.14352908
v 0.00167993 -0.04019598 0.15936597
v 0.01137717 -0.04493334 0.17736435
v 0.01936105 -0.04883369 0.19718894
v 0.02548285 -0.05182435 0.21847047
v 0.02962852 -0.05384962 0.24081248
v 0.03172084 -0.05487178 0.26379879
v 0.03172084 -0.05487178 0.28700121
v 0.02962852 -0.05384962 0.30998752
v 0.02548285 -0.05182435 0.33232953
v 0.01936105 -0.04883369 0.35361106
v 0.01137717 -0.04493334 0.37343565
v 0.00167993 -0.04019598 0.39143403
v -0.00955004 -0.03470984 0.40727092
v -0.02210352 -0.02857712 0.42065130
v -0.03574669 -0.02191206 0.43132592
v -0.05022539 -0.01483882 0.43909594
v -0.06526991 -0.00748917 0.44381661
v -0.06350151 -0.00387668 0.10698339
v -0.04672152 -0.00768114 0.11170406
v -0.03057263 -0.01134252 0.11947408
v -0.01535566 -0.01479260 0.13014870
v -0.00135406 -0.01796713 0.14352908
v 0.01117133 -0.02080697 0.15936597
v 0.02198720 -0.02325921 0.17736435
v 0.03089206 -0.02527818 0.19718894
v 0.03772004 -0.02682626 0.21847047
v 0.04234394 -0.02787462 0.24081248
v 0.04467762 -0.02840372 0.26379879
v 0.04467762 -0.02840372 0.28700121
v 0.04234394 -0.02787462 0.30998752
v 0.03772004 -0.02682626 0.33232953
v 0.03089206 -0.02527818 0.35361106
v 0.02198720 -0.02325921 0.37343565
v 0.01117133 -0.02080697 0.39143403
v -0.00135406 -0.01796713 0.40727092
v -0.01535566 -0.01479260 0.42065130
v -0.03057263 -0.01134252 0.43132592
v -0.04672152 -0.00768114 0.43909594
v -0.06350151 -0.00387668 0.44381661
v 0.08060000 0.00000000 0.10540000
v 0.09830166 0.00000000 0.10698339
v 0.11567358 0.00000000 0.11170406
v 0.13239214 0.00000000 0.11947408
v 0.14814591 0.00000000 0.13014870
v 0.16264143 0.00000000 0.14352908
v 0.17560868 0.00000000 0.15936597
v 0.18680609 0.00000000 0.17736435
v 0.19602508 0.00000000 0.19718894
v 0.20309392 0.00000000 0.21847047
v 0.20788093 0.00000000 0.24081248
v 0.21029694 0.00000000 0.26379879
v 0.21029694 0.00000000 0.28700121
v 0.20788093 0.00000000 0.30998752
v 0.20309392 0.00000000 0.33232953
v 0.19602508 0.00000000 0.35361106
v 0.18680609 0.00000000 0.37343565
v 0.17560868 0.00000000 0.39143403
v 0.16264143 0.00000000 0.40727092
v 0.14814591 0.00000000 0.42065130
v 0.13239214 0.00000000 0.43132592
v 0.11567358 0.00000000 0.43909594
v 0.09830166 0.00000000 0.44381661
v 0.08060000 0.00000000 0.44540000
v 0.09769849 0.00387668 0.10698339
v 0.11447848 0.00768114 0.11170406
v 0.13062737 0.01134252 0.11947408
v 0.14584434 0.01479260 0.13014870
v 0.15984594 0.01796713 0.14352908
v 0.17237133 0.02080697 0.15936597
v 0.18318720 0.02325921 0.17736435
v 0.19209206 0.02527818 0.19718894
v 0.19892004 0.02682626 0.21847047
v 0.20354394 0.02787462 0.24081248
v 0.20587762 0.02840372 0.26379879
v 0.20587762 0.02840372 0.28700121
v 0.20354394 0.02787462 0.30998752
v 0.19892004 0.02682626 0.33232953
v 0.19209206 0.02527818 0.35361106
v 0.18318720 0.02325921 0.37343565
v 0.17237133 0.02080697 0.39143403
v 0.15984594 0.01796713 0.40727092
v 0.14584434 0.01479260 0.42065130
v 0.13062737 0.01134252 0.43132592
v 0.11447848 0.00768114 0.43909594
v 0.09769849 0.00387668 0.44381661
v 0.09593009 0.00748917 0.10698339
v 0.11097461 0.01483882 0.11170406
v 0.12545331 0.02191206 0.11947408
v 0.13909648 0.02857712 0.13014870
v 0.15164996 0.03470984 0.14352908
v 0.16287993 0.04019598 0.15936597
v 0.17257717 0.04493334 0.17736435
v 0.18056105 0.04883369 0.19718894
v 0.18668285 0.05182435 0.21847047
v 0.19082852 0.05384962 0.24081248
v 0.19292084 0.05487178 0.26379879
v 0.19292084 0.05487178 0.28700121
v 0.19082852 0.05384962 0.30998752
v 0.18668285 0.05182435 0.33232953
v 0.18056105 0.04883369 0.35361106
v 0.17257717 0.04493334 0.37343565
v 0.16287993 0.04019598 0.39143403
v 0.15164996 0.03470984 0.40727092
v 0.13909648 0.02857712 0.42065130
v 0.12545331 0.02191206 0.43132592
v 0.11097461 0.01483882 0.43909594
v 0.09593009 0.00748917 0.44381661
v 0.09311697 0.01059128 0.10698339
v 0.10540077 0.02098526 0.11170406
v 0.11722257 0.03098833 0.11947408
v 0.12836217 0.04041415 0.13014870
v 0.13861205 0.04908712 0.14352908
v 0.14778128 0.05684570 0.15936597
v 0.15569904 0.06354534 0.17736435
v 0.16221786 0.06906126 0.19718894
v 0.16721628 0.07329070 0.21847047
v 0.17060121 0.07615487 0.24081248
v 0.17230959 0.07760042 0.26379879
v 0.17230959 0.07760042 0.28700121
v 0.17060121 0.07615487 0.30998752
v 0.16721628 0.07329070 0.33232953
v 0.16221786 0.06906126 0.35361106
v 0.15569904 0.06354534 0.37343565
v 0.14778128 0.05684570 0.39143403
v 0.13861205 0.04908712 0.40727092
v 0.12836217 0.04041415 0.42065130
v 0.11722257 0.03098833 0.43132592
v 0.10540077 0.02098526 0.43909594
v 0.09311697 0.01059128 0.44381661
v 0.08945083 0.01297162 0.10698339
v 0.09813679 0.02570159 0.11170406
v 0.10649607 0.03795280 0.11947408
v 0.11437296 0.04949702 0.13014870
v 0.12162072 0.06011920 0.14352908
v 0.12810434 0.06962148 0.15936597
v 0.13370304 0.07782683 0.17736435
v 0.13831254 0.08458243 0.19718894
v 0.14184696 0.08976241 0.21847047
v 0.14424047 0.09327029 0.24081248
v 0.14544847 0.09504071 0.26379879
v 0.14544847 0.09504071 0.28700121
v 0.14424047 0.09327029 0.30998752
v 0.14184696 0.08976241 0.33232953
v 0.13831254 0.08458243 0.35361106
v 0.13370304 0.07782683 0.37343565
v 0.12810434 0.06962148 0.39143403
v 0.12162072 0.06011920 0.40727092
v 0.11437296 0.04949702 0.42065130
v 0.10649607 0.03795280 0.43132592
v 0.09813679 0.02570159 0.43909594
v 0.08945083 0.01297162 0.44381661
v 0.08518153 0.01446796 0.10698339
v 0.08967771 0.02866640 0.11170406
v 0.09400479 0.04233085 0.11947408
v 0.09808217 0.05520675 0.13014870
v 0.10183389 0.06705426 0.14352908
v 0.10519005 0.07765267 0.15936597
v 0.10808816 0.08680456 0.17736435
v 0.11047421 0.09433944 0.19718894
v 0.11230376 0.10011696 0.21847047
v 0.11354273 0.10402949 0.24081248
v 0.11416804 0.10600414 0.26379879
v 0.11416804 0.10600414 0.28700121
v 0.11354273 0.10402949 0.30998752
v 0.11230376 0.10011696 0.33232953
v 0.11047421 0.09433944 0.35361106
v 0.10808816 0.08680456 0.37343565
v 0.10519005 0.07765267 0.39143403
v 0.10183389 0.06705426 0.40727092
v 0.09808217 0.05520675 0.42065130
v 0.09400479 0.04233085 0.43132592
v 0.08967771 0.02866640 0.43909594
v 0.08518153 0.01446796 0.44381661
v 0.08060000 0.01497833 0.10698339
v 0.08060000 0.02967764 0.11170406
v 0.08060000 0.04382412 0.11947408
v 0.08060000 0.05715423 0.13014870
v 0.08060000 0.06941967 0.14352908
v 0.08060000 0.08039196 0.15936597
v 0.08060000 0.08986669 0.17736435
v 0.08060000 0.09766737 0.19718894
v 0.08060000 0.10364870 0.21847047
v 0.08060000 0.10769925 0.24081248
v 0.08060000 0.10974356 0.26379879
v 0.08060000 0.10974356 0.28700121
v 0.08060000 0.10769925 0.30998752
v 0.08060000 0.10364870 0.33232953
v 0.08060000 0.09766737 0.35361106
v 0.08060000 0.08986669 0.37343565
v 0.08060000 0.08039196 0.39143403
v 0.08060000 0.06941967 0.40727092
v 0.08060000 0.05715423 0.42065130
v 0.08060000 0.04382412 0.43132592
v 0.08060000 0.02967764 0.43909594
v 0.08060000 0.01497833 0.44381661
v 0.07601847 0.01446796 0.10698339
v 0.07152229 0.02866640 0.11170406
v 0.06719521 0.04233085 0.11947408
v 0.06311783 0.05520675 0.13014870
v 0.05936611 0.06705426 0.14352908
v 0.05600995 0.07765267 0.15936597
v 0.05311184 0.08680456 0.17736435
v 0.05072579 0.09433944 0.19718894
v 0.04889624 0.10011696 0.21847047
v 0.04765727 0.10402949 0.24081248
v 0.04703196 0.10600414 0.26379879
v 0.04703196 0.10600414 0.28700121
v 0.04765727 0.10402949 0.30998752
v 0.04889624 0.10011696 0.33232953
v 0.05072579 0.09433944 0.35361106
v 0.05311184 0.08680456 0.37343565
v 0.05600995 0.07765267 0.39143403
v 0.05936611 0.06705426 0.40727092
v 0.06311783 0.05520675 0.42065130
v 0.06719521 0.04233085 0.43132592
v 0.07152229 0.02866640 0.43909594
v 0.07601847 0.01446796 0.44381661
v 0.07174917 0.01297162 0.10698339
v 0.06306321 0.02570159 0.11170406
v 0.05470393 0.03795280 0.11947408
v 0.04682704 0.04949702 0.13014870
v 0.03957928 0.06011920 0.14352908
v 0.03309566 0.06962148 0.15936597
v 0.02749696 0.07782683 0.17736435
v 0.02288746 0.08458243 0.19718894
v 0.01935304 0.08976241 0.21847047
v 0.01695953 0.09327029 0.24081248
v 0.01575153 0.09504071 0.26379879
v 0.01575153 0.09504071 0.28700121
v 0.01695953 0.09327029 0.30998752
v 0.01935304 0.08976241 0.33232953
v 0.02288746 0.08458243 0.35361106
v 0.02749696 0.07782683 0.37343565
v 0.03309566 0.06962148 0.39143403
v 0.03957928 0.06011920 0.40727092
v 0.04682704 0.04949702 0.42065130
v 0.05470393 0.03795280 0.43132592
v 0.06306321 0.02570159 0.43909594
v 0.07174917 0.01297162 0.44381661
v 0.06808303 0.01059128 0.10698339
v 0.05579923 0.02098526 0.11170406
v 0.04397743 0.03098833 0.11947408
v 0.03283783 0.04041415 0.13014870
v 0.02258795 0.04908712 0.14352908
v 0.01341872 0.05684570 0.15936597
v 0.00550096 0.06354534 0.17736435
v -0.00101786 0.06906126 0.19718894
v -0.00601628 0.07329070 0.21847047
v -0.00940121 0.07615487 0.24081248
v -0.01110959 0.07760042 0.26379879
v -0.01110959 0.07760042 0.28700121
v -0.00940121 0.07615487 0.30998752
v -0.00601628 0.07329070 0.33232953
v -0.00101786 0.06906126 0.35361106
v 0.00550096 0.06354534 0.37343565
v 0.01341872 0.05684570 0.39143403
v 0.02258795 0.04908712 0.40727092
v 0.03283783 0.04041415 0.42065130
v 0.04397743 0.03098833 0.43132592
v 0.05579923 0.02098526 0.43909594
v 0.06808303 0.01059128 0.44381661
v 0.06526991 0.00748917 0.10698339
v 0.05022539 0.01483882 0.11170406
v 0.03574669 0.02191206 0.11947408
v 0.02210352 0.02857712 0.13014870
v 0.00955004 0.03470984 0.14352908
v -0.00167993 0.04019598 0.15936597
v -0.01137717 0.04493334 0.17736435
v -0.01936105 0.04883369 0.19718894
v -0.02548285 0.05182435 0.21847047
v -0.02962852 0.05384962 0.24081248
v -0.03172084 0.05487178 0.26379879
v -0.03172084 0.05487178 0.28700121
v -0.02962852 0.05384962 0.30998752
v -0.02548285 0.05182435 0.33232953
v -0.01936105 0.04883369 0.35361106
v -0.01137717 0.04493334 0.37343565
v -0.00167993 0.04019598 0.39143403
v 0.00955004 0.03470984 0.40727092
v 0.02210352 0.02857712 0.42065130
v 0.03574669 0.02191206 0.43132592
v 0.05022539 0.01483882 0.43909594
v 0.06526991 0.00748917 0.44381661
v 0.06350151 0.00387668 0.10698339
v 0.04672152 0.00768114 0.11170406
v 0.03057263 0.01134252 0.11947408
v 0.01535566 0.01479260 0.13014870
v 0.00135406 0.01796713 0.14352908
v -0.01117133 0.02080697 0.15936597
v -0.02198720 0.02325921 0.17736435
v -0.03089206 0.02527818 0.19718894
v -0.03772004 0.02682626 0.21847047
v -0.04234394 0.02787462 0.24081248
v -0.04467762 0.02840372 0.26379879
v -0.04467762 0.02840372 0.28700121
v -0.04234394 0.02787462 0.30998752
v -0.03772004 0.02682626 0.33232953
v -0.03089206 0.02527818 0.35361106
v -0.02198720 0.02325921 0.37343565
v -0.01117133 0.02080697 0.39143403
v 0.00135406 0.01796713 0.40727092
v 0.01535566 0.01479260 0.42065130
v 0.03057263 0.01134252 0.43132592
v 0.04672152 0.00768114 0.43909594
v 0.06350151 0.00387668 0.44381661
v 0.06289834 0.00000000 0.10698339
v 0.04552642 0.00000000 0.11170406
v 0.02880786 0.00000000 0.11947408
v 0.01305409 0.00000000 0.13014870
v -0.00144143 0.00000000 0.14352908
v -0.01440868 0.00000000 0.15936597
v -0.02560609 0.00000000 0.17736435
v -0.03482508 0.00000000 0.19718894
v -0.04189392 0.00000000 0.21847047
v -0.04668093 0.00000000 0.24081248
v -0.04909694 0.00000000 0.26379879
v -0.04909694 0.00000000 0.28700121
v -0.04668093 0.00000000 0.30998752
v -0.04189392 0.00000000 0.33232953
v -0.03482508 0.00000000 0.35361106
v -0.02560609 0.00000000 0.37343565
v -0.01440868 0.00000000 0.39143403
v -0.00144143 0.00000000 0.40727092
v 0.01305409 0.00000000 0.42065130
v 0.02880786 0.00000000 0.43132592
v 0.04552642 0.00000000 0.43909594
v 0.06289834 0.00000000 0.44381661
v 0.06350151 -0.00387668 0.10698339
v 0.04672152 -0.00768114 0.11170406
v 0.03057263 -0.01134252 0.11947408
v 0.01535566 -0.01479260 0.13014870
v 0.00135406 -0.01796713 0.14352908
v -0.01117133 -0.02080697 0.15936597
v -0.02198720 -0.02325921 0.17736435
v -0.03089206 -0.02527818 0.19718894
v -0.03772004 -0.02682626 0.21847047
v -0.04234394 -0.02787462 0.24081248
v -0.04467762 -0.02840372 0.26379879
v -0.04467762 -0.02840372 0.28700121
v -0.04234394 -0.02787462 0.30998752
v -0.03772004 -0.02682626 0.33232953
v -0.03089206 -0.02527818 0.35361106
v -0.02198720 -0.02325921 0.37343565
v -0.01117133 -0.02080697 0.39143403
v 0.00135406 -0.01796713 0.40727092
v 0.01535566 -0.01479260 0.42065130
v 0.03057263 -0.01134252 0.43132592
v 0.04672152 -0.00768114 0.43909594
v 0.06350151 -0.00387668 0.44381661
v 0.06526991 -0.00748917 0.10698339
v 0.05022539 -0.01483882 0.11170406
v 0.03574669 -0.02191206 0.11947408
v 0.02210352 -0.02857712 0.13014870
v 0.00955004 -0.03470984 0.14352908
v -0.00167993 -0.04019598 0.15936597
v -0.01137717 -0.04493334 0.17736435
v -0.01936105 -0.04883369 0.19718894
v -0.02548285 -0.05182435 0.21847047
v -0.02962852 -0.05384962 0.24081248
v -0.03172084 -0.05487178 0.26379879
v -0.03172084 -0.05487178 0.28700121
v -0.02962852 -0.05384962 0.30998752
v -0.02548285 -0.05182435 0.33232953
v -0.01936105 -0.04883369 0.35361106
v -0.01137717 -0.04493334 0.37343565
v -0.00167993 -0.04019598 0.39143403
v 0.00955004 -0.03470984 0.40727092
v 0.02210352 -0.02857712 0.42065130
v 0.03574669 -0.02191206 0.43132592
v 0.05022539 -0.01483882 0.43909594
v 0.06526991 -0.00748917 0.44381661
v 0.06808303 -0.01059128 0.10698339
v 0.05579923 -0.02098526 0.11170406
v 0.04397743 -0.03098833 0.11947408
v 0.03283783 -0.04041415 0.13014870
v 0.02258795 -0.04908712 0.14352908
v 0.01341872 -0.05684570 0.15936597
v 0.00550096 -0.06354534 0.17736435
v -0.00101786 -0.06906126 0.19718894
v -0.00601628 -0.07329070 0.21847047
v -0.00940121 -0.07615487 0.24081248
v -0.01110959 -0.07760042 0.26379879
v -0.01110959 -0.07760042 0.28700121
v -0.00940121 -0.07615487 0.30998752
v -0.00601628 -0.07329070 0.33232953
v -0.00101786 -0.06906126 0.35361106
v 0.00550096 -0.06354534 0.37343565
v 0.01341872 -0.05684570 0.39143403
v 0.02258795 -0.04908712 0.40727092
v 0.03283783 -0.04041415 0.42065130
v 0.04397743 -0.03098833 0.43132592
v 0.05579923 -0.02098526 0.43909594
v 0.06808303 -0.01059128 0.44381661
v 0.07174917 -0.01297162 0.10698339
v 0.06306321 -0.02570159 0.11170406
v 0.05470393 -0.03795280 0.11947408
v 0.04682704 -0.04949702 0.13014870
v 0.03957928 -0.06011920 0.14352908
v 0.03309566 -0.06962148 0.15936597
v 0.02749696 -0.07782683 0.17736435
v 0.02288746 -0.08458243 0.19718894
v 0.01935304 -0.08976241 0.21847047
v 0.01695953 -0.09327029 0.24081248
v 0.01575153 -0.09504071 0.26379879
v 0.01575153 -0.09504071 0.28700121
v 0.01695953 -0.09327029 0.30998752
v 0.01935304 -0.08976241 0.33232953
v 0.02288746 -0.08458243 0.35361106
v 0.02749696 -0.07782683 0.37343565
v 0.03309566 -0.06962148 0.39143403
v 0.03957928 -0.06011920 0.40727092
v 0.04682704 -0.04949702 0.42065130
v 0.05470393 -0.03795280 0.43132592
v 0.06306321 -0.02570159 0.43909594
v 0.07174917 -0.01297162 0.44381661
v 0.07601847 -0.01446796 0.10698339
v 0.07152229 -0.02866640 0.11170406
v 0.06719521 -0.04233085 0.11947408
v 0.06311783 -0.05520675 0.13014870
v 0.05936611 -0.06705426 0.14352908
v 0.05600995 -0.07765267 0.15936597
v 0.05311184 -0.08680456 0.17736435
v 0.05072579 -0.09433944 0.19718894
v 0.04889624 -0.10011696 0.21847047
v 0.04765727 -0.10402949 0.24081248
v 0.04703196 -0.10600414 0.26379879
v 0.04703196 -0.10600414 0.28700121
v 0.04765727 -0.10402949 0.30998752
v 0.04889624 -0.10011696 0.33232953
v 0.05072579 -0.09433944 0.35361106
v 0.05311184 -0.08680456 0.37343565
v 0.05600995 -0.07765267 0.39143403
v 0.05936611 -0.06705426 0.40727092
v 0.06311783 -0.05520675 0.42065130
v 0.06719521 -0.04233085 0.43132592
v 0.07152229 -0.02866640 0.43909594
v 0.07601847 -0.01446796 0.44381661
v 0.08060000 -0.01497833 0.10698339
v 0.08060000 -0.02967764 0.11170406
v 0.08060000 -0.04382412 0.11947408
v 0.08060000 -0.05715423 0.13014870
v 0.08060000 -0.06941967 0.14352908
v 0.08060000 -0.08039196 0.15936597
v 0.08060000 -0.08986669 0.17736435
v 0.08060000 -0.09766737 0.19718894
v 0.08060000 -0.10364870 0.21847047
v 0.08060000 -0.10769925 0.24081248
v 0.08060000 -0.10974356 0.26379879
v 0.08060000 -0.10974356 0.28700121
v 0.08060000 -0.10769925 0.30998752
v 0.08060000 -0.10364870 0.33232953
v 0.08060000 -0.09766737 0.35361106
v 0.08060000 -0.08986669 0.37343565
v 0.08060000 -0.08039196 0.39143403
v 0.08060000 -0.06941967 0.40727092
v 0.08060000 -0.05715423 0.42065130
v 0.08060000 -0.04382412 0.43132592
v 0.08060000 -0.02967764 0.43909594
v 0.08060000 -0.01497833 0.44381661
v 0.08518153 -0.01446796 0.10698339
v 0.08967771 -0.02866640 0.11170406
v 0.09400479 -0.04233085 0.11947408
v 0.09808217 -0.05520675 0.13014870
v 0.10183389 -0.06705426 0.14352908
v 0.10519005 -0.07765267 0.15936597
v 0.10808816 -0.08680456 0.17736435
v 0.11047421 -0.09433944 0.19718894
v 0.11230376 -0.10011696 0.21847047
v 0.11354273 -0.10402949 0.24081248
v 0.11416804 -0.10600414 0.26379879
v 0.11416804 -0.10600414 0.28700121
v 0.11354273 -0.10402949 0.30998752
v 0.11230376 -0.10011696 0.33232953
v 0.11047421 -0.09433944 0.35361106
v 0.10808816 -0.08680456 0.37343565
v 0.10519005 -0.07765267 0.39143403
v 0.10183389 -0.06705426 0.40727092
v 0.09808217 -0.05520675 0.42065130
v 0.09400479 -0.04233085 0.43132592
v 0.08967771 -0.02866640 0.43909594
v 0.08518153 -0.01446796 0.44381661
v 0.08945083 -0.01297162 0.10698339
v 0.09813679 -0.02570159 0.11170406
v 0.10649607 -0.03795280 0.11947408
v 0.11437296 -0.04949702 0.13014870
v 0.12162072 -0.06011920 0.14352908
v 0.12810434 -0.06962148 0.15936597
v 0.13370304 -0.07782683 0.17736435
v 0.13831254 -0.08458243 0.19718894
v 0.14184696 -0.08976241 0.21847047
v 0.14424047 -0.09327029 0.24081248
v 0.14544847 -0.09504071 0.26379879
v 0.14544847 -0.09504071 0.28700121
v 0.14424047 -0.09327029 0.30998752
v 0.14184696 -0.08976241 0.33232953
v 0.13831254 -0.08458243 0.35361106
v 0.13370304 -0.07782683 0.37343565
v 0.12810434 -0.06962148 0.39143403
v 0.12162072 -0.06011920 0.40727092
v 0.11437296 -0.04949702 0.42065130
v 0.10649607 -0.03795280 0.43132592
v 0.09813679 -0.02570159 0.43909594
v 0.08945083 -0.01297162 0.44381661
v 0.09311697 -0.01059128 0.10698339
v 0.10540077 -0.02098526 0.11170406
v 0.11722257 -0.03098833 0.11947408
v 0.12836217 -0.04041415 0.13014870
v 0.13861205 -0.04908712 0.14352908
v 0.14778128 -0.05684570 0.15936597
v 0.15569904 -0.06354534 0.17736435
v 0.16221786 -0.06906126 0.19718894
v 0.16721628 -0.07329070 0.21847047
v 0.17060121 -0.07615487 0.24081248
v 0.17230959 -0.07760042 0.26379879
v 0.17230959 -0.07760042 0.28700121
v 0.17060121 -0.07615487 0.30998752
v 0.16721628 -0.07329070 0.33232953
v 0.16221786 -0.06906126 0.35361106
v 0.15569904 -0.06354534 0.37343565
v 0.14778128 -0.05684570 0.39143403
v 0.13861205 -0.04908712 0.40727092
v 0.12836217 -0.04041415 0.42065130
v 0.11722257 -0.03098833 0.43132592
v 0.10540077 -0.02098526 0.43909594
v 0.09311697 -0.01059128 0.44381661
v 0.09593009 -0.00748917 0.10698339
v 0.11097461 -0.01483882 0.11170406
v 0.12545331 -0.02191206 0.11947408
v 0.13909648 -0.02857712 0.13014870
v 0.15164996 -0.03470984 0.14352908
v 0.16287993 -0.04019598 0.15936597
v 0.17257717 -0.04493334 0.17736435
v 0.18056105 -0.04883369 0.19718894
v 0.18668285 -0.05182435 0.21847047
v 0.19082852 -0.05384962 0.24081248
v 0.19292084 -0.05487178 0.26379879
v 0.19292084 -0.05487178 0.28700121
v 0.19082852 -0.05384962 0.30998752
v 0.18668285 -0.05182435 0.33232953
v 0.18056105 -0.04883369 0.35361106
v 0.17257717 -0.04493334 0.37343565
v 0.16287993 -0.04019598 0.39143403
v 0.15164996 -0.03470984 0.40727092
v 0.13909648 -0.02857712 0.42065130
v 0.12545331 -0.02191206 0.43132592
v 0.11097461 -0.01483882 0.43909594
v 0.09593009 -0.00748917 0.44381661
v 0.09769849 -0.00387668 0.10698339
v 0.11447848 -0.00768114 0.11170406
v 0.13062737 -0.01134252 0.11947408
v 0.14584434 -0.01479260 0.13014870
v 0.15984594 -0.01796713 0.14352908
v 0.17237133 -0.02080697 0.15936597
v 0.18318720 -0.02325921 0.17736435
v 0.19209206 -0.02527818 0.19718894
v 0.19892004 -0.02682626 0.21847047
v 0.20354394 -0.02787462 0.24081248
v 0.20587762 -0.02840372 0.26379879
v 0.20587762 -0.02840372 0.28700121
v 0.20354394 -0.02787462 0.30998752
v 0.19892004 -0.02682626 0.33232953
v 0.19209206 -0.02527818 0.35361106
v 0.18318720 -0.02325921 0.37343565
v 0.17237133 -0.02080697 0.39143403
v 0.15984594 -0.01796713 0.40727092
v 0.14584434 -0.01479260 0.42065130
v 0.13062737 -0.01134252 0.43132592
v 0.11447848 -0.00768114 0.43909594
v 0.09769849 -0.00387668 0.44381661
v 0.00000000 0.00000000 2.60000000
v 0.14000000 0.00000000 2.60000000
v 0.14000000 0.00000000 2.76000000
v 0.00000000 0.00000000 2.76000000
v 0.13314791 0.04326238 2.60000000
v 0.13314791 0.04326238 2.76000000
v 0.11326238 0.08228994 2.60000000
v 0.11326238 0.08228994 2.76000000
v 0.08228994 0.11326238 2.60000000
v 0.08228994 0.11326238 2.76000000
v 0.04326238 0.13314791 2.60000000
v 0.04326238 0.13314791 2.76000000
v 0.00000000 0.14000000 2.60000000
v 0.00000000 0.14000000 2.76000000
v -0.04326238 0.13314791 2.60000000
v -0.04326238 0.13314791 2.76000000
v -0.08228994 0.11326238 2.60000000
v -0.08228994 0.11326238 2.76000000
v -0.11326238 0.08228994 2.60000000
v -0.11326238 0.08228994 2.76000000
v -0.13314791 0.04326238 2.60000000
v -0.13314791 0.04326238 2.76000000
v -0.14000000 0.00000000 2.60000000
v -0.14000000 0.00000000 2.76000000
v -0.13314791 -0.04326238 2.60000000
v -0.13314791 -0.04326238 2.76000000
v -0.11326238 -0.08228994 2.60000000
v -0.11326238 -0.08228994 2.76000000
v -0.08228994 -0.11326238 2.60000000
v -0.08228994 -0.11326238 2.76000000
v -0.04326238 -0.13314791 2.60000000
v -0.04326238 -0.13314791 2.76000000
v -0.00000000 -0.14000000 2.60000000
v -0.00000000 -0.14000000 2.76000000
v 0.04326238 -0.13314791 2.60000000
v 0.04326238 -0.13314791 2.76000000
v 0.08228994 -0.11326238 2.60000000
v 0.08228994 -0.11326238 2.76000000
v 0.11326238 -0.08228994 2.60000000
v 0.11326238 -0.08228994 2.76000000
v 0.13314791 -0.04326238 2.60000000
v 0.13314791 -0.04326238 2.76000000
v 0.00000000 0.00000000 0.22400000
v 0.02304324 0.00000000 0.22590942
v 0.04545793 0.00000000 0.23158559
v 0.06663264 0.00000000 0.24087367
v 0.08598978 0.00000000 0.25352033
v 0.10300135 0.00000000 0.26918058
v 0.11720331 0.00000000 0.28742726
v 0.12820827 0.00000000 0.30776264
v 0.13571604 0.00000000 0.32963203
v 0.13952183 0.00000000 0.35243889
v 0.13952183 0.00000000 0.37556111
v 0.13571604 0.00000000 0.39836797
v 0.12820827 0.00000000 0.42023736
v 0.11720331 0.00000000 0.44057274
v 0.10300135 0.00000000 0.45881942
v 0.08598978 0.00000000 0.47447967
v 0.06663264 0.00000000 0.48712633
v 0.04545793 0.00000000 0.49641441
v 0.02304324 0.00000000 0.50209058
v 0.00000000 0.00000000 0.50400000
v 0.02191543 0.00712075 0.22590942
v 0.04323306 0.01404727 0.23158559
v 0.06337140 0.02059062 0.24087367
v 0.08178114 0.02657230 0.25352033
v 0.09796010 0.03182917 0.26918058
v 0.11146697 0.03621781 0.28742726
v 0.12193331 0.03961853 0.30776264
v 0.12907362 0.04193856 0.32963203
v 0.13269314 0.04311462 0.35243889
v 0.13269314 0.04311462 0.37556111
v 0.12907362 0.04193856 0.39836797
v 0.12193331 0.03961853 0.42023736
v 0.11146697 0.03621781 0.44057274
v 0.09796010 0.03182917 0.45881942
v 0.08178114 0.02657230 0.47447967
v 0.06337140 0.02059062 0.48712633
v 0.04323306 0.01404727 0.49641441
v 0.02191543 0.00712075 0.50209058
v 0.01864237 0.01354448 0.22590942
v 0.03677623 0.02671950 0.23158559
v 0.05390693 0.03916568 0.24087367
v 0.06956719 0.05054352 0.25352033
v 0.08332984 0.06054267 0.26918058
v 0.09481947 0.06889038 0.28742726
v 0.10372267 0.07535893 0.30776264
v 0.10979658 0.07977189 0.32963203
v 0.11287553 0.08200887 0.35243889
v 0.11287553 0.08200887 0.37556111
v 0.10979658 0.07977189 0.39836797
v 0.10372267 0.07535893 0.42023736
v 0.09481947 0.06889038 0.44057274
v 0.08332984 0.06054267 0.45881942
v 0.06956719 0.05054352 0.47447967
v 0.05390693 0.03916568 0.48712633
v 0.03677623 0.02671950 0.49641441
v 0.01864237 0.01354448 0.50209058
v 0.01354448 0.01864237 0.22590942
v 0.02671950 0.03677623 0.23158559
v 0.03916568 0.05390693 0.24087367
v 0.05054352 0.06956719 0.25352033
v 0.06054267 0.08332984 0.26918058
v 0.06889038 0.09481947 0.28742726
v 0.07535893 0.10372267 0.30776264
v 0.07977189 0.10979658 0.32963203
v 0.08200887 0.11287553 0.35243889
v 0.08200887 0.11287553 0.37556111
v 0.07977189 0.10979658 0.39836797
v 0.07535893 0.10372267 0.42023736
v 0.06889038 0.09481947 0.44057274
v 0.06054267 0.08332984 0.45881942
v 0.05054352 0.06956719 0.47447967
v 0.03916568 0.05390693 0.48712633
v 0.02671950 0.03677623 0.49641441
v 0.01354448 0.01864237 0.50209058
v 0.00712075 0.02191543 0.22590942
v 0.01404727 0.04323306 0.23158559
v 0.02059062 0.06337140 0.24087367
v 0.02657230 0.08178114 0.25352033
v 0.03182917 0.09796010 0.26918058
v 0.03621781 0.11146697 0.28742726
v 0.03961853 0.12193331 0.30776264
v 0.04193856 0.12907362 0.32963203
v 0.04311462 0.13269314 0.35243889
v 0.04311462 0.13269314 0.37556111
v 0.04193856 0.12907362 0.39836797
v 0.03961853 0.12193331 0.42023736
v 0.03621781 0.11146697 0.44057274
v 0.03182917 0.09796010 0.45881942
v 0.02657230 0.08178114 0.47447967
v 0.02059062 0.06337140 0.48712633
v 0.01404727 0.04323306 0.49641441
v 0.00712075 0.02191543 0.50209058
v 0.00000000 0.02304324 0.22590942
v 0.00000000 0.04545793 0.23158559
v 0.00000000 0.06663264 0.24087367
v 0.00000000 0.08598978 0.25352033
v 0.00000000 0.10300135 0.26918058
v 0.00000000 0.11720331 0.28742726
v 0.00000000 0.12820827 0.30776264
v 0.00000000 0.13571604 0.32963203
v 0.00000000 0.13952183 0.35243889
v 0.00000000 0.13952183 0.37556111
v 0.00000000 0.13571604 0.39836797
v 0.00000000 0.12820827 0.42023736
v 0.00000000 0.11720331 0.44057274
v 0.00000000 0.10300135 0.45881942
v 0.00000000 0.08598978 0.47447967
v 0.00000000 0.06663264 0.48712633
v 0.00000000 0.04545793 0.49641441
v 0.00000000 0.02304324 0.50209058
v -0.00712075 0.02191543 0.22590942
v -0.01404727 0.04323306 0.23158559
v -0.02059062 0.06337140 0.24087367
v -0.02657230 0.08178114 0.25352033
v -0.03182917 0.09796010 0.26918058
v -0.03621781 0.11146697 0.28742726
v -0.03961853 0.12193331 0.30776264
v -0.04193856 0.12907362 0.32963203
v -0.04311462 0.13269314 0.35243889
v -0.04311462 0.13269314 0.37556111
v -0.04193856 0.12907362 0.39836797
v -0.03961853 0.12193331 0.42023736
v -0.03621781 0.11146697 0.44057274
v -0.03182917 0.09796010 0.45881942
v -0.02657230 0.08178114 0.47447967
v -0.02059062 0.06337140 0.48712633
v -0.01404727 0.04323306 0.49641441
v -0.00712075 0.02191543 0.50209058
v -0.01354448 0.01864237 0.22590942
v -0.02671950 0.03677623 0.23158559
v -0.03916568 0.05390693 0.24087367
v -0.05054352 0.06956719 0.25352033
v -0.06054267 0.08332984 0.26918058
v -0.06889038 0.09481947 0.28742726
v -0.07535893 0.10372267 0.30776264
v -0.07977189 0.10979658 0.32963203
v -0.08200887 0.11287553 0.35243889
v -0.08200887 0.11287553 0.37556111
v -0.07977189 0.10979658 0.39836797
v -0.07535893 0.10372267 0.42023736
v -0.06889038 0.09481947 0.44057274
v -0.06054267 0.08332984 0.45881942
v -0.05054352 0.06956719 0.47447967
v -0.03916568 0.05390693 0.48712633
v -0.02671950 0.03677623 0.49641441
v -0.01354448 0.01864237 0.50209058
v -0.01864237 0.01354448 0.22590942
v -0.03677623 0.02671950 0.23158559
v -0.05390693 0.03916568 0.24087367
v -0.06956719 0.05054352 0.25352033
v -0.08332984 0.06054267 0.26918058
v -0.09481947 0.06889038 0.28742726
v -0.10372267 0.07535893 0.30776264
v -0.10979658 0.07977189 0.32963203
v -0.11287553 0.08200887 0.35243889
v -0.11287553 0.08200887 0.37556111
v -0.10979658 0.07977189 0.39836797
v -0.10372267 0.07535893 0.42023736
v -0.09481947 0.06889038 0.44057274
v -0.08332984 0.06054267 0.45881942
v -0.06956719 0.05054352 0.47447967
v -0.05390693 0.03916568 0.48712633
v -0.03677623 0.02671950 0.49641441
v -0.01864237 0.01354448 0.50209058
v -0.02191543 0.00712075 0.22590942
v -0.04323306 0.01404727 0.23158559
v -0.06337140 0.02059062 0.24087367
v -0.08178114 0.02657230 0.25352033
v -0.09796010 0.03182917 0.26918058
v -0.11146697 0.03621781 0.28742726
v -0.12193331 0.03961853 0.30776264
v -0.12907362 0.04193856 0.32963203
v -0.13269314 0.04311462 0.35243889
v -0.13269314 0.04311462 0.37556111
v -0.12907362 0.04193856 0.39836797
v -0.12193331 0.03961853 0.42023736
v -0.11146697 0.03621781 0.44057274
v -0.09796010 0.03182917 0.45881942
v -0.08178114 0.02657230 0.47447967
v -0.06337140 0.02059062 0.48712633
v -0.04323306 0.01404727 0.49641441
v -0.02191543 0.00712075 0.50209058
v -0.02304324 0.00000000 0.22590942
v -0.04545793 0.00000000 0.23158559
v -0.06663264 0.00000000 0.24087367
v -0.08598978 0.00000000 0.25352033
v -0.10300135 0.00000000 0.26918058
v -0.11720331 0.00000000 0.28742726
v -0.12820827 0.00000000 0.30776264
v -0.13571604 0.00000000 0.32963203
v -0.13952183 0.00000000 0.35243889
v -0.13952183 0.00000000 0.37556111
v -0.13571604 0.00000000 0.39836797
v -0.12820827 0.00000000 0.42023736
v -0.11720331 0.00000000 0.44057274
v -0.10300135 0.00000000 0.45881942
v -0.08598978 0.00000000 0.47447967
v -0.06663264 0.00000000 0.48712633
v -0.04545793 0.00000000 0.49641441
v -0.02304324 0.00000000 0.50209058
v -0.02191543 -0.00712075 0.22590942
v -0.04323306 -0.01404727 0.23158559
v -0.06337140 -0.02059062 0.24087367
v -0.08178114 -0.02657230 0.25352033
v -0.09796010 -0.03182917 0.26918058
v -0.11146697 -0.03621781 0.28742726
v -0.12193331 -0.03961853 0.30776264
v -0.12907362 -0.04193856 0.32963203
v -0.13269314 -0.04311462 0.35243889
v -0.13269314 -0.04311462 0.37556111
v -0.12907362 -0.04193856 0.39836797
v -0.12193331 -0.03961853 0.42023736
v -0.11146697 -0.03621781 0.44057274
v -0.09796010 -0.03182917 0.45881942
v -0.08178114 -0.02657230 0.47447967
v -0.06337140 -0.02059062 0.48712633
v -0.04323306 -0.01404727 0.49641441
v -0.02191543 -0.00712075 0.50209058
v -0.01864237 -0.01354448 0.22590942
v -0.03677623 -0.02671950 0.23158559
v -0.05390693 -0.03916568 0.24087367
v -0.06956719 -0.05054352 0.25352033
v -0.08332984 -0.06054267 0.26918058
v -0.09481947 -0.06889038 0.28742726
v -0.10372267 -0.07535893 0.30776264
v -0.10979658 -0.07977189 0.32963203
v -0.11287553 -0.08200887 0.35243889
v -0.11287553 -0.08200887 0.37556111
v -0.10979658 -0.07977189 0.39836797
v -0.10372267 -0.07535893 0.42023736
v -0.09481947 -0.06889038 0.44057274
v -0.08332984 -0.06054267 0.45881942
v -0.06956719 -0.05054352 0.47447967
v -0.05390693 -0.03916568 0.48712633
v -0.03677623 -0.02671950 0.49641441
v -0.01864237 -0.01354448 0.50209058
v -0.01354448 -0.01864237 0.22590942
v -0.02671950 -0.03677623 0.23158559
v -0.03916568 -0.05390693 0.24087367
v -0.05054352 -0.06956719 0.25352033
v -0.06054267 -0.08332984 0.26918058
v -0.06889038 -0.09481947 0.28742726
v -0.07535893 -0.10372267 0.30776264
v -0.07977189 -0.10979658 0.32963203
v -0.08200887 -0.11287553 0.35243889
v -0.08200887 -0.11287553 0.37556111
v -0.07977189 -0.10979658 0.39836797
v -0.07535893 -0.10372267 0.42023736
v -0.06889038 -0.09481947 0.44057274
v -0.06054267 -0.08332984 0.45881942
v -0.05054352 -0.06956719 0.47447967
v -0.03916568 -0.05390693 0.48712633
v -0.02671950 -0.03677623 0.49641441
v -0.01354448 -0.01864237 0.50209058
v -0.00712075 -0.02191543 0.22590942
v -0.01404727 -0.04323306 0.23158559
v -0.02059062 -0.06337140 0.24087367
v -0.02657230 -0.08178114 0.25352033
v -0.03182917 -0.09796010 0.26918058
v -0.03621781 -0.11146697 0.28742726
v -0.03961853 -0.12193331 0.30776264
v -0.04193856 -0.12907362 0.32963203
v -0.04311462 -0.13269314 0.35243889
v -0.04311462 -0.13269314 0.37556111
v -0.04193856 -0.12907362 0.39836797
v -0.03961853 -0.12193331 0.42023736
v -0.03621781 -0.11146697 0.44057274
v -0.03182917 -0.09796010 0.45881942
v -0.02657230 -0.08178114 0.47447967
v -0.02059062 -0.06337140 0.48712633
v -0.01404727 -0.04323306 0.49641441
v -0.00712075 -0.02191543 0.50209058
v -0.00000000 -0.02304324 0.22590942
v -0.00000000 -0.04545793 0.23158559
v -0.00000000 -0.06663264 0.24087367
v -0.00000000 -0.08598978 0.25352033
v -0.00000000 -0.10300135 0.26918058
v -0.00000000 -0.11720331 0.28742726
v -0.00000000 -0.12820827 0.30776264
v -0.00000000 -0.13571604 0.32963203
v -0.00000000 -0.13952183 0.35243889
v -0.00000000 -0.13952183 0.37556111
v -0.00000000 -0.13571604 0.39836797
v -0.00000000 -0.12820827 0.42023736
v -0.00000000 -0.11720331 0.44057274
v -0.00000000 -0.10300135 0.45881942
v -0.00000000 -0.08598978 0.47447967
v -0.00000000 -0.06663264 0.48712633
v -0.00000000 -0.04545793 0.49641441
v -0.00000000 -0.02304324 0.50209058
v 0.00712075 -0.02191543 0.22590942
v 0.01404727 -0.04323306 0.23158559
v 0.02059062 -0.06337140 0.24087367
v 0.02657230 -0.08178114 0.25352033
v 0.03182917 -0.09796010 0.26918058
v 0.03621781 -0.11146697 0.28742726
v 0.03961853 -0.12193331 0.30776264
v 0.04193856 -0.12907362 0.32963203
v 0.04311462 -0.13269314 0.35243889
v 0.04311462 -0.13269314 0.37556111
v 0.04193856 -0.12907362 0.39836797
v 0.03961853 -0.12193331 0.42023736
v 0.03621781 -0.11146697 0.44057274
v 0.03182917 -0.09796010 0.45881942
v 0.02657230 -0.08178114 0.47447967
v 0.02059062 -0.06337140 0.48712633
v 0.01404727 -0.04323306 0.49641441
v 0.00712075 -0.02191543 0.50209058
v 0.01354448 -0.01864237 0.22590942
v 0.02671950 -0.03677623 0.23158559
v 0.03916568 -0.05390693 0.24087367
v 0.05054352 -0.06956719 0.25352033
v 0.06054267 -0.08332984 0.26918058
v 0.06889038 -0.09481947 0.28742726
v 0.07535893 -0.10372267 0.30776264
v 0.07977189 -0.10979658 0.32963203
v 0.08200887 -0.11287553 0.35243889
v 0.08200887 -0.11287553 0.37556111
v 0.07977189 -0.10979658 0.39836797
v 0.07535893 -0.10372267 0.42023736
v 0.06889038 -0.09481947 0.44057274
v 0.06054267 -0.08332984 0.45881942
v 0.05054352 -0.06956719 0.47447967
v 0.03916568 -0.05390693 0.48712633
v 0.02671950 -0.03677623 0.49641441
v 0.01354448 -0.01864237 0.50209058
v 0.01864237 -0.01354448 0.22590942
v 0.03677623 -0.02671950 0.23158559
v 0.05390693 -0.03916568 0.24087367
v 0.06956719 -0.05054352 0.25352033
v 0.08332984 -0.06054267 0.26918058
v 0.09481947 -0.06889038 0.28742726
v 0.10372267 -0.07535893 0.30776264
v 0.10979658 -0.07977189 0.32963203
v 0.11287553 -0.08200887 0.35243889
v 0.11287553 -0.08200887 0.37556111
v 0.10979658 -0.07977189 0.39836797
v 0.10372267 -0.07535893 0.42023736
v 0.09481947 -0.06889038 0.44057274
v 0.08332984 -0.06054267 0.45881942
v 0.06956719 -0.05054352 0.47447967
v 0.05390693 -0.03916568 0.48712633
v 0.03677623 -0.02671950 0.49641441
v 0.01864237 -0.01354448 0.50209058
v 0.02191543 -0.00712075 0.22590942
v 0.04323306 -0.01404727 0.23158559
v 0.06337140 -0.02059062 0.24087367
v 0.08178114 -0.02657230 0.25352033
v 0.09796010 -0.03182917 0.26918058
v 0.11146697 -0.03621781 0.28742726
v 0.12193331 -0.03961853 0.30776264
v 0.12907362 -0.04193856 0.32963203
v 0.13269314 -0.04311462 0.35243889
v 0.13269314 -0.04311462 0.37556111
v 0.12907362 -0.04193856 0.39836797
v 0.12193331 -0.03961853 0.42023736
v 0.11146697 -0.03621781 0.44057274
v 0.09796010 -0.03182917 0.45881942
v 0.08178114 -0.02657230 0.47447967
v 0.06337140 -0.02059062 0.48712633
v 0.04323306 -0.01404727 0.49641441
v 0.02191543 -0.00712075 0.50209058
v 0.00000000 0.00000000 0.24640000
v 0.02304324 0.00000000 0.24830942
v 0.04545793 0.00000000 0.25398559
v 0.06663264 0.00000000 0.26327367
v 0.08598978 0.00000000 0.27592033
v 0.10300135 0.00000000 0.29158058
v 0.11720331 0.00000000 0.30982726
v 0.12820827 0.00000000 0.33016264
v 0.13571604 0.00000000 0.35203203
v 0.13952183 0.00000000 0.37483889
v 0.13952183 0.00000000 0.39796111
v 0.13571604 0.00000000 0.42076797
v 0.12820827 0.00000000 0.44263736
v 0.11720331 0.00000000 0.46297274
v 0.10300135 0.00000000 0.48121942
v 0.08598978 0.00000000 0.49687967
v 0.06663264 0.00000000 0.50952633
v 0.04545793 0.00000000 0.51881441
v 0.02304324 0.00000000 0.52449058
v 0.00000000 0.00000000 0.52640000
v 0.02191543 0.00712075 0.24830942
v 0.04323306 0.01404727 0.25398559
v 0.06337140 0.02059062 0.26327367
v 0.08178114 0.02657230 0.27592033
v 0.09796010 0.03182917 0.29158058
v 0.11146697 0.03621781 0.30982726
v 0.12193331 0.03961853 0.33016264
v 0.12907362 0.04193856 0.35203203
v 0.13269314 0.04311462 0.37483889
v 0.13269314 0.04311462 0.39796111
v 0.12907362 0.04193856 0.42076797
v 0.12193331 0.03961853 0.44263736
v 0.11146697 0.03621781 0.46297274
v 0.09796010 0.03182917 0.48121942
v 0.08178114 0.02657230 0.49687967
v 0.06337140 0.02059062 0.50952633
v 0.04323306 0.01404727 0.51881441
v 0.02191543 0.00712075 0.52449058
v 0.01864237 0.01354448 0.24830942
v 0.03677623 0.02671950 0.25398559
v 0.05390693 0.03916568 0.26327367
v 0.06956719 0.05054352 0.27592033
v 0.08332984 0.06054267 0.29158058
v 0.09481947 0.06889038 0.30982726
v 0.10372267 0.07535893 0.33016264
v 0.10979658 0.07977189 0.35203203
v 0.11287553 0.08200887 0.37483889
v 0.11287553 0.08200887 0.39796111
v 0.10979658 0.07977189 0.42076797
v 0.10372267 0.07535893 0.44263736
v 0.09481947 0.06889038 0.46297274
v 0.08332984 0.06054267 0.48121942
v 0.06956719 0.05054352 0.49687967
v 0.05390693 0.03916568 0.50952633
v 0.03677623 0.02671950 0.51881441
v 0.01864237 0.01354448 0.52449058
v 0.01354448 0.01864237 0.24830942
v 0.02671950 0.03677623 0.25398559
v 0.03916568 0.05390693 0.26327367
v 0.05054352 0.06956719 0.27592033
v 0.06054267 0.08332984 0.29158058
v 0.06889038 0.09481947 0.30982726
v 0.07535893 0.10372267 0.33016264
v 0.07977189 0.10979658 0.35203203
v 0.08200887 0.11287553 0.37483889
v 0.08200887 0.11287553 0.39796111
v 0.07977189 0.10979658 0.42076797
v 0.07535893 0.10372267 0.44263736
v 0.06889038 0.09481947 0.46297274
v 0.06054267 0.08332984 0.48121942
v 0.05054352 0.06956719 0.49687967
v 0.03916568 0.05390693 0.50952633
v 0.02671950 0.03677623 0.51881441
v 0.01354448 0.01864237 0.52449058
v 0.00712075 0.02191543 0.24830942
v 0.01404727 0.04323306 0.25398559
v 0.02059062 0.06337140 0.26327367
v 0.02657230 0.08178114 0.27592033
v 0.03182917 0.09796010 0.29158058
v 0.03621781 0.11146697 0.30982726
v 0.03961853 0.12193331 0.33016264
v 0.04193856 0.12907362 0.35203203
v 0.04311462 0.13269314 0.37483889
v 0.04311462 0.13269314 0.39796111
v 0.04193856 0.12907362 0.42076797
v 0.03961853 0.12193331 0.44263736
v 0.03621781 0.11146697 0.46297274
v 0.03182917 0.09796010 0.48121942
v 0.02657230 0.08178114 0.49687967
v 0.02059062 0.06337140 0.50952633
v 0.01404727 0.04323306 0.51881441
v 0.00712075 0.02191543 0.52449058
v 0.00000000 0.02304324 0.24830942
v 0.00000000 0.04545793 0.25398559
v 0.00000000 0.06663264 0.26327367
v 0.00000000 0.08598978 0.27592033
v 0.00000000 0.10300135 0.29158058
v 0.00000000 0.11720331 0.30982726
v 0.00000000 0.12820827 0.33016264
v 0.00000000 0.13571604 0.35203203
v 0.00000000 0.13952183 0.37483889
v 0.00000000 0.13952183 0.39796111
v 0.00000000 0.13571604 0.42076797
v 0.00000000 0.12820827 0.44263736
v 0.00000000 0.11720331 0.46297274
v 0.00000000 0.10300135 0.48121942
v 0.00000000 0.08598978 0.49687967
v 0.00000000 0.06663264 0.50952633
v 0.00000000 0.04545793 0.51881441
v 0.00000000 0.02304324 0.52449058
v -0.00712075 0.02191543 0.24830942
v -0.01404727 0.04323306 0.25398559
v -0.02059062 0.06337140 0.26327367
v -0.02657230 0.08178114 0.27592033
v -0.03182917 0.09796010 0.29158058
v -0.03621781 0.11146697 0.30982726
v -0.03961853 0.12193331 0.33016264
v -0.04193856 0.12907362 0.35203203
v -0.04311462 0.13269314 0.37483889
v -0.04311462 0.13269314 0.39796111
v -0.04193856 0.12907362 0.42076797
v -0.03961853 0.12193331 0.44263736
v -0.03621781 0.11146697 0.46297274
v -0.03182917 0.09796010 0.48121942
v -0.02657230 0.08178114 0.49687967
v -0.02059062 0.06337140 0.50952633
v -0.01404727 0.04323306 0.51881441
v -0.00712075 0.02191543 0.52449058
v -0.01354448 0.01864237 0.24830942
v -0.02671950 0.03677623 0.25398559
v -0.03916568 0.05390693 0.26327367
v -0.05054352 0.06956719 0.27592033
v -0.06054267 0.08332984 0.29158058
v -0.06889038 0.09481947 0.30982726
v -0.07535893 0.10372267 0.33016264
v -0.07977189 0.10979658 0.35203203
v -0.08200887 0.11287553 0.37483889
v -0.08200887 0.11287553 0.39796111
v -0.07977189 0.10979658 0.42076797
v -0.07535893 0.10372267 0.44263736
v -0.06889038 0.09481947 0.46297274
v -0.06054267 0.08332984 0.48121942
v -0.05054352 0.06956719 0.49687967
v -0.03916568 0.05390693 0.50952633
v -0.02671950 0.03677623 0.51881441
v -0.01354448 0.01864237 0.52449058
v -0.01864237 0.01354448 0.24830942
v -0.03677623 0.02671950 0.25398559
v -0.05390693 0.03916568 0.26327367
v -0.06956719 0.05054352 0.27592033
v -0.08332984 0.06054267 0.29158058
v -0.09481947 0.06889038 0.30982726
v -0.10372267 0.07535893 0.33016264
v -0.10979658 0.07977189 0.35203203
v -0.11287553 0.08200887 0.37483889
v -0.11287553 0.08200887 0.39796111
v -0.10979658 0.07977189 0.42076797
v -0.10372267 0.07535893 0.44263736
v -0.09481947 0.06889038 0.46297274
v -0.08332984 0.06054267 0.48121942
v -0.06956719 0.05054352 0.49687967
v -0.05390693 0.03916568 0.50952633
v -0.03677623 0.02671950 0.51881441
v -0.01864237 0.01354448 0.52449058
v -0.02191543 0.00712075 0.24830942
v -0.04323306 0.01404727 0.25398559
v -0.06337140 0.02059062 0.26327367
v -0.08178114 0.02657230 0.27592033
v -0.09796010 0.03182917 0.29158058
v -0.11146697 0.03621781 0.30982726
v -0.12193331 0.03961853 0.33016264
v -0.12907362 0.04193856 0.35203203
v -0.13269314 0.04311462 0.37483889
v -0.13269314 0.04311462 0.39796111
v -0.12907362 0.04193856 0.42076797
v -0.12193331 0.03961853 0.44263736
v -0.11146697 0.03621781 0.46297274
v -0.09796010 0.03182917 0.48121942
v -0.08178114 0.02657230 0.49687967
v -0.06337140 0.02059062 0.50952633
v -0.04323306 0.01404727 0.51881441
v -0.02191543 0.00712075 0.52449058
v -0.02304324 0.00000000 0.24830942
v -0.04545793 0.00000000 0.25398559
v -0.06663264 0.00000000 0.26327367
v -0.08598978 0.00000000 0.27592033
v -0.10300135 0.00000000 0.29158058
v -0.11720331 0.00000000 0.30982726
v -0.12820827 0.00000000 0.33016264
v -0.13571604 0.00000000 0.35203203
v -0.13952183 0.00000000 0.37483889
v -0.13952183 0.00000000 0.39796111
v -0.13571604 0.00000000 0.42076797
v -0.12820827 0.00000000 0.44263736
v -0.11720331 0.00000000 0.46297274
v -0.10300135 0.00000000 0.48121942
v -0.08598978 0.00000000 0.49687967
v -0.06663264 0.00000000 0.50952633
v -0.04545793 0.00000000 0.51881441
v -0.02304324 0.00000000 0.52449058
v -0.02191543 -0.00712075 0.24830942
v -0.04323306 -0.01404727 0.25398559
v -0.06337140 -0.02059062 0.26327367
v -0.08178114 -0.02657230 0.27592033
v -0.09796010 -0.03182917 0.29158058
v -0.11146697 -0.03621781 0.30982726
v -0.12193331 -0.03961853 0.33016264
v -0.12907362 -0.04193856 0.35203203
v -0.13269314 -0.04311462 0.37483889
v -0.13269314 -0.04311462 0.39796111
v -0.12907362 -0.04193856 0.42076797
v -0.12193331 -0.03961853 0.44263736
v -0.11146697 -0.03621781 0.46297274
v -0.09796010 -0.03182917 0.48121942
v -0.08178114 -0.02657230 0.49687967
v -0.06337140 -0.02059062 0.50952633
v -0.04323306 -0.01404727 0.51881441
v -0.02191543 -0.00712075 0.52449058
v -0.01864237 -0.01354448 0.24830942
v -0.03677623 -0.02671950 0.25398559
v -0.05390693 -0.03916568 0.26327367
v -0.06956719 -0.05054352 0.27592033
v -0.08332984 -0.06054267 0.29158058
v -0.09481947 -0.06889038 0.30982726
v -0.10372267 -0.07535893 0.33016264
v -0.10979658 -0.07977189 0.35203203
v -0.11287553 -0.08200887 0.37483889
v -0.11287553 -0.08200887 0.39796111
v -0.10979658 -0.07977189 0.42076797
v -0.10372267 -0.07535893 0.44263736
v -0.09481947 -0.06889038 0.46297274
v -0.08332984 -0.06054267 0.48121942
v -0.06956719 -0.05054352 0.49687967
v -0.05390693 -0.03916568 0.50952633
v -0.03677623 -0.02671950 0.51881441
v -0.01864237 -0.01354448 0.52449058
v -0.01354448 -0.01864237 0.24830942
v -0.02671950 -0.03677623 0.25398559
v -0.03916568 -0.05390693 0.26327367
v -0.05054352 -0.06956719 0.27592033
v -0.06054267 -0.08332984 0.29158058
v -0.06889038 -0.09481947 0.30982726
v -0.07535893 -0.10372267 0.33016264
v -0.07977189 -0.10979658 0.35203203
v -0.08200887 -0.11287553 0.37483889
v -0.08200887 -0.11287553 0.39796111
v -0.07977189 -0.10979658 0.42076797
v -0.07535893 -0.10372267 0.44263736
v -0.06889038 -0.09481947 0.46297274
v -0.06054267 -0.08332984 0.48121942
v -0.05054352 -0.06956719 0.49687967
v -0.03916568 -0.05390693 0.50952633
v -0.02671950 -0.03677623 0.51881441
v -0.01354448 -0.01864237 0.52449058
v -0.00712075 -0.02191543 0.24830942
v -0.01404727 -0.04323306 0.25398559
v -0.02059062 -0.06337140 0.26327367
v -0.02657230 -0.08178114 0.27592033
v -0.03182917 -0.09796010 0.29158058
v -0.03621781 -0.11146697 0.30982726
v -0.03961853 -0.12193331 0.33016264
v -0.04193856 -0.12907362 0.35203203
v -0.04311462 -0.13269314 0.37483889
v -0.04311462 -0.13269314 0.39796111
v -0.04193856 -0.12907362 0.42076797
v -0.03961853 -0.12193331 0.44263736
v -0.03621781 -0.11146697 0.46297274
v -0.03182917 -0.09796010 0.48121942
v -0.02657230 -0.08178114 0.49687967
v -0.02059062 -0.06337140 0.50952633
v -0.01404727 -0.04323306 0.51881441
v -0.00712075 -0.02191543 0.52449058
v -0.00000000 -0.02304324 0.24830942
v -0.00000000 -0.04545793 0.25398559
v -0.00000000 -0.06663264 0.26327367
v -0.00000000 -0.08598978 0.27592033
v -0.00000000 -0.10300135 0.29158058
v -0.00000000 -0.11720331 0.30982726
v -0.00000000 -0.12820827 0.33016264
v -0.00000000 -0.13571604 0.35203203
v -0.00000000 -0.13952183 0.37483889
v -0.00000000 -0.13952183 0.39796111
v -0.00000000 -0.13571604 0.42076797
v -0.00000000 -0.12820827 0.44263736
v -0.00000000 -0.11720331 0.46297274
v -0.00000000 -0.10300135 0.48121942
v -0.00000000 -0.08598978 0.49687967
v -0.00000000 -0.06663264 0.50952633
v -0.00000000 -0.04545793 0.51881441
v -0.00000000 -0.02304324 0.52449058
v 0.00712075 -0.02191543 0.24830942
v 0.01404727 -0.04323306 0.25398559
v 0.02059062 -0.06337140 0.26327367
v 0.02657230 -0.08178114 0.27592033
v 0.03182917 -0.09796010 0.29158058
v 0.03621781 -0.11146697 0.30982726
v 0.03961853 -0.12193331 0.33016264
v 0.04193856 -0.12907362 0.35203203
v 0.04311462 -0.13269314 0.37483889
v 0.04311462 -0.13269314 0.39796111
v 0.04193856 -0.12907362 0.42076797
v 0.03961853 -0.12193331 0.44263736
v 0.03621781 -0.11146697 0.46297274
v 0.03182917 -0.09796010 0.48121942
v 0.02657230 -0.08178114 0.49687967
v 0.02059062 -0.06337140 0.50952633
v 0.01404727 -0.04323306 0.51881441
v 0.00712075 -0.02191543 0.52449058
v 0.01354448 -0.01864237 0.24830942
v 0.02671950 -0.03677623 0.25398559
v 0.03916568 -0.05390693 0.26327367
v 0.05054352 -0.06956719 0.27592033
v 0.06054267 -0.08332984 0.29158058
v 0.06889038 -0.09481947 0.30982726
v 0.07535893 -0.10372267 0.33016264
v 0.07977189 -0.10979658 0.35203203
v 0.08200887 -0.11287553 0.37483889
v 0.08200887 -0.11287553 0.39796111
v 0.07977189 -0.10979658 0.42076797
v 0.07535893 -0.10372267 0.44263736
v 0.06889038 -0.09481947 0.46297274
v 0.06054267 -0.08332984 0.48121942
v 0.05054352 -0.06956719 0.49687967
v 0.03916568 -0.05390693 0.50952633
v 0.02671950 -0.03677623 0.51881441
v 0.01354448 -0.01864237 0.52449058
v 0.01864237 -0.01354448 0.24830942
v 0.03677623 -0.02671950 0.25398559
v 0.05390693 -0.03916568 0.26327367
v 0.06956719 -0.05054352 0.27592033
v 0.08332984 -0.06054267 0.29158058
v 0.09481947 -0.06889038 0.30982726
v 0.10372267 -0.07535893 0.33016264
v 0.10979658 -0.07977189 0.35203203
v 0.11287553 -0.08200887 0.37483889
v 0.11287553 -0.08200887 0.39796111
v 0.10979658 -0.07977189 0.42076797
v 0.10372267 -0.07535893 0.44263736
v 0.09481947 -0.06889038 0.46297274
v 0.08332984 -0.06054267 0.48121942
v 0.06956719 -0.05054352 0.49687967
v 0.05390693 -0.03916568 0.50952633
v 0.03677623 -0.02671950 0.51881441
v 0.01864237 -0.01354448 0.52449058
v 0.02191543 -0.00712075 0.24830942
v 0.04323306 -0.01404727 0.25398559
v 0.06337140 -0.02059062 0.26327367
v 0.08178114 -0.02657230 0.27592033
v 0.09796010 -0.03182917 0.29158058
v 0.11146697 -0.03621781 0.30982726
v 0.12193331 -0.03961853 0.33016264
v 0.12907362 -0.04193856 0.35203203
v 0.13269314 -0.04311462 0.37483889
v 0.13269314 -0.04311462 0.39796111
v 0.12907362 -0.04193856 0.42076797
v 0.12193331 -0.03961853 0.44263736
v 0.11146697 -0.03621781 0.46297274
v 0.09796010 -0.03182917 0.48121942
v 0.08178114 -0.02657230 0.49687967
v 0.06337140 -0.02059062 0.50952633
v 0.04323306 -0.01404727 0.51881441
v 0.02191543 -0.00712075 0.52449058
v 0.00000000 0.00000000 0.70200000
v 0.03812666 0.00000000 0.70535306
v 0.07554310 0.00000000 0.71534978
v 0.11155231 0.00000000 0.73180393
v 0.14548351 0.00000000 0.75440901
v 0.17670462 0.00000000 0.78274394
v 0.20463407 0.00000000 0.81628087
v 0.22875157 0.00000000 0.85439508
v 0.24860786 0.00000000 0.89637659
v 0.26383306 0.00000000 0.94144334
v 0.27414354 0.00000000 0.98875584
v 0.27934726 0.00000000 1.03743273
v 0.27934726 0.00000000 1.08656727
v 0.27414354 0.00000000 1.13524416
v 0.26383306 0.00000000 1.18255666
v 0.24860786 0.00000000 1.22762341
v 0.22875157 0.00000000 1.26960492
v 0.20463407 0.00000000 1.30771913
v 0.17670462 0.00000000 1.34125606
v 0.14548351 0.00000000 1.36959099
v 0.11155231 0.00000000 1.39219607
v 0.07554310 0.00000000 1.40865022
v 0.03812666 0.00000000 1.41864694
v 0.00000000 0.00000000 1.42200000
v 0.03682753 0.00881063 0.70535306
v 0.07296903 0.01745714 0.71534978
v 0.10775125 0.02577845 0.73180393
v 0.14052628 0.03361956 0.75440901
v 0.17068356 0.04083439 0.78274394
v 0.19766133 0.04728857 0.81628087
v 0.22095705 0.05286184 0.85439508
v 0.24013675 0.05745040 0.89637659
v 0.25484316 0.06096877 0.94144334
v 0.26480233 0.06335140 0.98875584
v 0.26982873 0.06455392 1.03743273
v 0.26982873 0.06455392 1.08656727
v 0.26480233 0.06335140 1.13524416
v 0.25484316 0.06096877 1.18255666
v 0.24013675 0.05745040 1.22762341
v 0.22095705 0.05286184 1.26960492
v 0.19766133 0.04728857 1.30771913
v 0.17068356 0.04083439 1.34125606
v 0.14052628 0.03361956 1.36959099
v 0.10775125 0.02577845 1.39219607
v 0.07296903 0.01745714 1.40865022
v 0.03682753 0.00881063 1.41864694
v 0.03301866 0.01702083 0.70535306
v 0.06542224 0.03372460 0.71534978
v 0.09660713 0.04980014 0.73180393
v 0.12599241 0.06494799 0.75440901
v 0.15303069 0.07888599 0.78274394
v 0.17721830 0.09135450 0.81628087
v 0.19810467 0.10212124 0.85439508
v 0.21530072 0.11098565 0.89637659
v 0.22848613 0.11778262 0.94144334
v 0.23741527 0.12238551 0.98875584
v 0.24192182 0.12470860 1.03743273
v 0.24192182 0.12470860 1.08656727
v 0.23741527 0.12238551 1.13524416
v 0.22848613 0.11778262 1.18255666
v 0.21530072 0.11098565 1.22762341
v 0.19810467 0.10212124 1.26960492
v 0.17721830 0.09135450 1.30771913
v 0.15303069 0.07888599 1.34125606
v 0.12599241 0.06494799 1.36959099
v 0.09660713 0.04980014 1.39219607
v 0.06542224 0.03372460 1.40865022
v 0.03301866 0.01702083 1.41864694
v 0.02695962 0.02407109 0.70535306
v 0.05341704 0.04769378 0.71534978
v 0.07887939 0.07042803 0.73180393
v 0.10287237 0.09185033 0.75440901
v 0.12494904 0.11156164 0.78274394
v 0.14469814 0.12919477 0.81628087
v 0.16175179 0.14442124 0.85439508
v 0.17579230 0.15695741 0.89637659
v 0.18655814 0.16656977 0.94144334
v 0.19384876 0.17307925 0.98875584
v 0.19752834 0.17636459 1.03743273
v 0.19752834 0.17636459 1.08656727
v 0.19384876 0.17307925 1.13524416
v 0.18655814 0.16656977 1.18255666
v 0.17579230 0.15695741 1.22762341
v 0.16175179 0.14442124 1.26960492
v 0.14469814 0.12919477 1.30771913
v 0.12494904 0.11156164 1.34125606
v 0.10287237 0.09185033 1.36959099
v 0.07887939 0.07042803 1.39219607
v 0.05341704 0.04769378 1.40865022
v 0.02695962 0.02407109 1.41864694
v 0.01906333 0.02948094 0.70535306
v 0.03777155 0.05841271 0.71534978
v 0.05577615 0.08625637 0.73180393
v 0.07274175 0.11249323 0.75440901
v 0.08835231 0.13663455 0.78274394
v 0.10231703 0.15823063 0.81628087
v 0.11437579 0.17687917 0.85439508
v 0.12430393 0.19223279 0.89637659
v 0.13191653 0.20400547 0.94144334
v 0.13707177 0.21197792 0.98875584
v 0.13967363 0.21600162 1.03743273
v 0.13967363 0.21600162 1.08656727
v 0.13707177 0.21197792 1.13524416
v 0.13191653 0.20400547 1.18255666
v 0.12430393 0.19223279 1.22762341
v 0.11437579 0.17687917 1.26960492
v 0.10231703 0.15823063 1.30771913
v 0.08835231 0.13663455 1.34125606
v 0.07274175 0.11249323 1.36959099
v 0.05577615 0.08625637 1.39219607
v 0.03777155 0.05841271 1.40865022
v 0.01906333 0.02948094 1.41864694
v 0.00986791 0.03288172 0.70535306
v 0.01955199 0.06515092 0.71534978
v 0.02887186 0.09620648 0.73180393
v 0.03765390 0.12546989 0.75440901
v 0.04573452 0.15239604 0.78274394
v 0.05296319 0.17648333 0.81628087
v 0.05920526 0.19728308 0.85439508
v 0.06434445 0.21440782 0.89637659
v 0.06828502 0.22753854 0.94144334
v 0.07095357 0.23643065 0.98875584
v 0.07230039 0.24091851 1.03743273
v 0.07230039 0.24091851 1.08656727
v 0.07095357 0.23643065 1.13524416
v 0.06828502 0.22753854 1.18255666
v 0.06434445 0.21440782 1.22762341
v 0.05920526 0.19728308 1.26960492
v 0.05296319 0.17648333 1.30771913
v 0.04573452 0.15239604 1.34125606
v 0.03765390 0.12546989 1.36959099
v 0.02887186 0.09620648 1.39219607
v 0.01955199 0.06515092 1.40865022
v 0.00986791 0.03288172 1.41864694
v 0.00000000 0.03404166 0.70535306
v 0.00000000 0.06744919 0.71534978
v 0.00000000 0.09960027 0.73180393
v 0.00000000 0.12989599 0.75440901
v 0.00000000 0.15777199 0.78274394
v 0.00000000 0.18270899 0.81628087
v 0.00000000 0.20424247 0.85439508
v 0.00000000 0.22197130 0.89637659
v 0.00000000 0.23556523 0.94144334
v 0.00000000 0.24477102 0.98875584
v 0.00000000 0.24941719 1.03743273
v 0.00000000 0.24941719 1.08656727
v 0.00000000 0.24477102 1.13524416
v 0.00000000 0.23556523 1.18255666
v 0.00000000 0.22197130 1.22762341
v 0.00000000 0.20424247 1.26960492
v 0.00000000 0.18270899 1.30771913
v 0.00000000 0.15777199 1.34125606
v 0.00000000 0.12989599 1.36959099
v 0.00000000 0.09960027 1.39219607
v 0.00000000 0.06744919 1.40865022
v 0.00000000 0.03404166 1.41864694
v -0.00986791 0.03288172 0.70535306
v -0.01955199 0.06515092 0.71534978
v -0.02887186 0.09620648 0.73180393
v -0.03765390 0.12546989 0.75440901
v -0.04573452 0.15239604 0.78274394
v -0.05296319 0.17648333 0.81628087
v -0.05920526 0.19728308 0.85439508
v -0.06434445 0.21440782 0.89637659
v -0.06828502 0.22753854 0.94144334
v -0.07095357 0.23643065 0.98875584
v -0.07230039 0.24091851 1.03743273
v -0.07230039 0.24091851 1.08656727
v -0.07095357 0.23643065 1.13524416
v -0.06828502 0.22753854 1.18255666
v -0.06434445 0.21440782 1.22762341
v -0.05920526 0.19728308 1.26960492
v -0.05296319 0.17648333 1.30771913
v -0.04573452 0.15239604 1.34125606
v -0.03765390 0.12546989 1.36959099
v -0.02887186 0.09620648 1.39219607
v -0.01955199 0.06515092 1.40865022
v -0.00986791 0.03288172 1.41864694
v -0.01906333 0.02948094 0.70535306
v -0.03777155 0.05841271 0.71534978
v -0.05577615 0.08625637 0.73180393
v -0.07274175 0.11249323 0.75440901
v -0.08835231 0.13663455 0.78274394
v -0.10231703 0.15823063 0.81628087
v -0.11437579 0.17687917 0.85439508
v -0.12430393 0.19223279 0.89637659
v -0.13191653 0.20400547 0.94144334
v -0.13707177 0.21197792 0.98875584
v -0.13967363 0.21600162 1.03743273
v -0.13967363 0.21600162 1.08656727
v -0.13707177 0.21197792 1.13524416
v -0.13191653 0.20400547 1.18255666
v -0.12430393 0.19223279 1.22762341
v -0.11437579 0.17687917 1.26960492
v -0.10231703 0.15823063 1.30771913
v -0.08835231 0.13663455 1.34125606
v -0.07274175 0.11249323 1.36959099
v -0.05577615 0.08625637 1.39219607
v -0.03777155 0.05841271 1.40865022
v -0.01906333 0.02948094 1.41864694
v -0.02695962 0.02407109 0.70535306
v -0.05341704 0.04769378 0.71534978
v -0.07887939 0.07042803 0.73180393
v -0.10287237 0.09185033 0.75440901
v -0.12494904 0.11156164 0.78274394
v -0.14469814 0.12919477 0.81628087
v -0.16175179 0.14442124 0.85439508
v -0.17579230 0.15695741 0.89637659
v -0.18655814 0.16656977 0.94144334
v -0.19384876 0.17307925 0.98875584
v -0.19752834 0.17636459 1.03743273
v -0.19752834 0.17636459 1.08656727
v -0.19384876 0.17307925 1.13524416
v -0.18655814 0.16656977 1.18255666
v -0.17579230 0.15695741 1.22762341
v -0.16175179 0.14442124 1.26960492
v -0.14469814 0.12919477 1.30771913
v -0.12494904 0.11156164 1.34125606
v -0.10287237 0.09185033 1.36959099
v -0.07887939 0.07042803 1.39219607
v -0.05341704 0.04769378 1.40865022
v -0.02695962 0.02407109 1.41864694
v -0.03301866 0.01702083 0.70535306
v -0.06542224 0.03372460 0.71534978
v -0.09660713 0.04980014 0.73180393
v -0.12599241 0.06494799 0.75440901
v -0.15303069 0.07888599 0.78274394
v -0.17721830 0.09135450 0.81628087
v -0.19810467 0.10212124 0.85439508
v -0.21530072 0.11098565 0.89637659
v -0.22848613 0.11778262 0.94144334
v -0.23741527 0.12238551 0.98875584
v -0.24192182 0.12470860 1.03743273
v -0.24192182 0.12470860 1.08656727
v -0.23741527 0.12238551 1.13524416
v -0.22848613 0.11778262 1.18255666
v -0.21530072 0.11098565 1.22762341
v -0.19810467 0.10212124 1.26960492
v -0.17721830 0.09135450 1.30771913
v -0.15303069 0.07888599 1.34125606
v -0.12599241 0.06494799 1.36959099
v -0.09660713 0.04980014 1.39219607
v -0.06542224 0.03372460 1.40865022
v -0.03301866 0.01702083 1.41864694
v -0.03682753 0.00881063 0.70535306
v -0.07296903 0.01745714 0.71534978
v -0.10775125 0.02577845 0.73180393
v -0.14052628 0.03361956 0.75440901
v -0.17068356 0.04083439 0.78274394
v -0.19766133 0.04728857 0.81628087
v -0.22095705 0.05286184 0.85439508
v -0.24013675 0.05745040 0.89637659
v -0.25484316 0.06096877 0.94144334
v -0.26480233 0.06335140 0.98875584
v -0.26982873 0.06455392 1.03743273
v -0.26982873 0.06455392 1.08656727
v -0.26480233 0.06335140 1.13524416
v -0.25484316 0.06096877 1.18255666
v -0.24013675 0.05745040 1.22762341
v -0.22095705 0.05286184 1.26960492
v -0.19766133 0.04728857 1.30771913
v -0.17068356 0.04083439 1.34125606
v -0.14052628 0.03361956 1.36959099
v -0.10775125 0.02577845 1.39219607
v -0.07296903 0.01745714 1.40865022
v -0.03682753 0.00881063 1.41864694
v -0.03812666 0.00000000 0.70535306
v -0.07554310 0.00000000 0.71534978
v -0.11155231 0.00000000 0.73180393
v -0.14548351 0.00000000 0.75440901
v -0.17670462 0.00000000 0.78274394
v -0.20463407 0.00000000 0.81628087
v -0.22875157 0.00000000 0.85439508
v -0.24860786 0.00000000 0.89637659
v -0.26383306 0.00000000 0.94144334
v -0.27414354 0.00000000 0.98875584
v -0.27934726 0.00000000 1.03743273
v -0.27934726 0.00000000 1.08656727
v -0.27414354 0.00000000 1.13524416
v -0.26383306 0.00000000 1.18255666
v -0.24860786 0.00000000 1.22762341
v -0.22875157 0.00000000 1.26960492
v -0.20463407 0.00000000 1.30771913
v -0.17670462 0.00000000 1.34125606
v -0.14548351 0.00000000 1.36959099
v -0.11155231 0.00000000 1.39219607
v -0.07554310 0.00000000 1.40865022
v -0.03812666 0.00000000 1.41864694
v -0.03682753 -0.00881063 0.70535306
v -0.07296903 -0.01745714 0.71534978
v -0.10775125 -0.02577845 0.73180393
v -0.14052628 -0.03361956 0.75440901
v -0.17068356 -0.04083439 0.78274394
v -0.19766133 -0.04728857 0.81628087
v -0.22095705 -0.05286184 0.85439508
v -0.24013675 -0.05745040 0.89637659
v -0.25484316 -0.06096877 0.94144334
v -0.26480233 -0.06335140 0.98875584
v -0.26982873 -0.06455392 1.03743273
v -0.26982873 -0.06455392 1.08656727
v -0.26480233 -0.06335140 1.13524416
v -0.25484316 -0.06096877 1.18255666
v -0.24013675 -0.05745040 1.22762341
v -0.22095705 -0.05286184 1.26960492
v -0.19766133 -0.04728857 1.30771913
v -0.17068356 -0.04083439 1.34125606
v -0.14052628 -0.03361956 1.36959099
v -0.10775125 -0.02577845 1.39219607
v -0.07296903 -0.01745714 1.40865022
v -0.03682753 -0.00881063 1.41864694
v -0.03301866 -0.01702083 0.70535306
v -0.06542224 -0.03372460 0.71534978
v -0.09660713 -0.04980014 0.73180393
v -0.12599241 -0.06494799 0.75440901
v -0.15303069 -0.07888599 0.78274394
v -0.17721830 -0.09135450 0.81628087
v -0.19810467 -0.10212124 0.85439508
v -0.21530072 -0.11098565 0.89637659
v -0.22848613 -0.11778262 0.94144334
v -0.23741527 -0.12238551 0.98875584
v -0.24192182 -0.12470860 1.03743273
v -0.24192182 -0.12470860 1.08656727
v -0.23741527 -0.12238551 1.13524416
v -0.22848613 -0.11778262 1.18255666
v -0.21530072 -0.11098565 1.22762341
v -0.19810467 -0.10212124 1.26960492
v -0.17721830 -0.09135450 1.30771913
v -0.15303069 -0.07888599 1.34125606
v -0.12599241 -0.06494799 1.36959099
v -0.09660713 -0.04980014 1.39219607
v -0.06542224 -0.03372460 1.40865022
v -0.03301866 -0.01702083 1.41864694
v -0.02695962 -0.02407109 0.70535306
v -0.05341704 -0.04769378 0.71534978
v -0.07887939 -0.07042803 0.73180393
v -0.10287237 -0.09185033 0.75440901
v -0.12494904 -0.11156164 0.78274394
v -0.14469814 -0.12919477 0.81628087
v -0.16175179 -0.14442124 0.85439508
v -0.17579230 -0.15695741 0.89637659
v -0.18655814 -0.16656977 0.94144334
v -0.19384876 -0.17307925 0.98875584
v -0.19752834 -0.17636459 1.03743273
v -0.19752834 -0.17636459 1.08656727
v -0.19384876 -0.17307925 1.13524416
v -0.18655814 -0.16656977 1.18255666
v -0.17579230 -0.15695741 1.22762341
v -0.16175179 -0.14442124 1.26960492
v -0.14469814 -0.12919477 1.30771913
v -0.12494904 -0.11156164 1.34125606
v -0.10287237 -0.09185033 1.36959099
v -0.07887939 -0.07042803 1.39219607
v -0.05341704 -0.04769378 1.40865022
v -0.02695962 -0.02407109 1.41864694
v -0.01906333 -0.02948094 0.70535306
v -0.03777155 -0.05841271 0.71534978
v -0.05577615 -0.08625637 0.73180393
v -0.07274175 -0.11249323 0.75440901
v -0.08835231 -0.13663455 0.78274394
v -0.10231703 -0.15823063 0.81628087
v -0.11437579 -0.17687917 0.85439508
v -0.12430393 -0.19223279 0.89637659
v -0.13191653 -0.20400547 0.94144334
v -0.13707177 -0.21197792 0.98875584
v -0.13967363 -0.21600162 1.03743273
v -0.13967363 -0.21600162 1.08656727
v -0.13707177 -0.21197792 1.13524416
v -0.13191653 -0.20400547 1.18255666
v -0.12430393 -0.19223279 1.22762341
v -0.11437579 -0.17687917 1.26960492
v -0.10231703 -0.15823063 1.30771913
v -0.08835231 -0.13663455 1.34125606
v -0.07274175 -0.11249323 1.36959099
v -0.05577615 -0.08625637 1.39219607
v -0.03777155 -0.05841271 1.40865022
v -0.01906333 -0.02948094 1.41864694
v -0.00986791 -0.03288172 0.70535306
v -0.01955199 -0.06515092 0.71534978
v -0.02887186 -0.09620648 0.73180393
v -0.03765390 -0.12546989 0.75440901
v -0.04573452 -0.15239604 0.78274394
v -0.05296319 -0.17648333 0.81628087
v -0.05920526 -0.19728308 0.85439508
v -0.06434445 -0.21440782 0.89637659
v -0.06828502 -0.22753854 0.94144334
v -0.07095357 -0.23643065 0.98875584
v -0.07230039 -0.24091851 1.03743273
v -0.07230039 -0.24091851 1.08656727
v -0.07095357 -0.23643065 1.13524416
v -0.06828502 -0.22753854 1.18255666
v -0.06434445 -0.21440782 1.22762341
v -0.05920526 -0.19728308 1.26960492
v -0.05296319 -0.17648333 1.30771913
v -0.04573452 -0.15239604 1.34125606
v -0.03765390 -0.12546989 1.36959099
v -0.02887186 -0.09620648 1.39219607
v -0.01955199 -0.06515092 1.40865022
v -0.00986791 -0.03288172 1.41864694
v -0.00000000 -0.03404166 0.70535306
v -0.00000000 -0.06744919 0.71534978
v -0.00000000 -0.09960027 0.73180393
v -0.00000000 -0.12989599 0.75440901
v -0.00000000 -0.15777199 0.78274394
v -0.00000000 -0.18270899 0.81628087
v -0.00000000 -0.20424247 0.85439508
v -0.00000000 -0.22197130 0.89637659
v -0.00000000 -0.23556523 0.94144334
v -0.00000000 -0.24477102 0.98875584
v -0.00000000 -0.24941719 1.03743273
v -0.00000000 -0.24941719 1.08656727
v -0.00000000 -0.24477102 1.13524416
v -0.00000000 -0.23556523 1.18255666
v -0.00000000 -0.22197130 1.22762341
v -0.00000000 -0.20424247 1.26960492
v -0.00000000 -0.18270899 1.30771913
v -0.00000000 -0.15777199 1.34125606
v -0.00000000 -0.12989599 1.36959099
v -0.00000000 -0.09960027 1.39219607
v -0.00000000 -0.06744919 1.40865022
v -0.00000000 -0.03404166 1.41864694
v 0.00986791 -0.03288172 0.70535306
v 0.01955199 -0.06515092 0.71534978
v 0.02887186 -0.09620648 0.73180393
v 0.03765390 -0.12546989 0.75440901
v 0.04573452 -0.15239604 0.78274394
v 0.05296319 -0.17648333 0.81628087
v 0.05920526 -0.19728308 0.85439508
v 0.06434445 -0.21440782 0.89637659
v 0.06828502 -0.22753854 0.94144334
v 0.07095357 -0.23643065 0.98875584
v 0.07230039 -0.24091851 1.03743273
v 0.07230039 -0.24091851 1.08656727
v 0.07095357 -0.23643065 1.13524416
v 0.06828502 -0.22753854 1.18255666
v 0.06434445 -0.21440782 1.22762341
v 0.05920526 -0.19728308 1.26960492
v 0.05296319 -0.17648333 1.30771913
v 0.04573452 -0.15239604 1.34125606
v 0.03765390 -0.12546989 1.36959099
v 0.02887186 -0.09620648 1.39219607
v 0.01955199 -0.06515092 1.40865022
v 0.00986791 -0.03288172 1.41864694
v 0.01906333 -0.02948094 0.70535306
v 0.03777155 -0.05841271 0.71534978
v 0.05577615 -0.08625637 0.73180393
v 0.07274175 -0.11249323 0.75440901
v 0.08835231 -0.13663455 0.78274394
v 0.10231703 -0.15823063 0.81628087
v 0.11437579 -0.17687917 0.85439508
v 0.12430393 -0.19223279 0.89637659
v 0.13191653 -0.20400547 0.94144334
v 0.13707177 -0.21197792 0.98875584
v 0.13967363 -0.21600162 1.03743273
v 0.13967363 -0.21600162 1.08656727
v 0.13707177 -0.21197792 1.13524416
v 0.13191653 -0.20400547 1.18255666
v 0.12430393 -0.19223279 1.22762341
v 0.11437579 -0.17687917 1.26960492
v 0.10231703 -0.15823063 1.30771913
v 0.08835231 -0.13663455 1.34125606
v 0.07274175 -0.11249323 1.36959099
v 0.05577615 -0.08625637 1.39219607
v 0.03777155 -0.05841271 1.40865022
v 0.01906333 -0.02948094 1.41864694
v 0.02695962 -0.02407109 0.70535306
v 0.05341704 -0.04769378 0.71534978
v 0.07887939 -0.07042803 0.73180393
v 0.10287237 -0.09185033 0.75440901
v 0.12494904 -0.11156164 0.78274394
v 0.14469814 -0.12919477 0.81628087
v 0.16175179 -0.14442124 0.85439508
v 0.17579230 -0.15695741 0.89637659
v 0.18655814 -0.16656977 0.94144334
v 0.19384876 -0.17307925 0.98875584
v 0.19752834 -0.17636459 1.03743273
v 0.19752834 -0.17636459 1.08656727
v 0.19384876 -0.17307925 1.13524416
v 0.18655814 -0.16656977 1.18255666
v 0.17579230 -0.15695741 1.22762341
v 0.16175179 -0.14442124 1.26960492
v 0.14469814 -0.12919477 1.30771913
v 0.12494904 -0.11156164 1.34125606
v 0.10287237 -0.09185033 1.36959099
v 0.07887939 -0.07042803 1.39219607
v 0.05341704 -0.04769378 1.40865022
v 0.02695962 -0.02407109 1.41864694
v 0.03301866 -0.01702083 0.70535306
v 0.06542224 -0.03372460 0.71534978
v 0.09660713 -0.04980014 0.73180393
v 0.12599241 -0.06494799 0.75440901
v 0.15303069 -0.07888599 0.78274394
v 0.17721830 -0.09135450 0.81628087
v 0.19810467 -0.10212124 0.85439508
v 0.21530072 -0.11098565 0.89637659
v 0.22848613 -0.11778262 0.94144334
v 0.23741527 -0.12238551 0.98875584
v 0.24192182 -0.12470860 1.03743273
v 0.24192182 -0.12470860 1.08656727
v 0.23741527 -0.12238551 1.13524416
v 0.22848613 -0.11778262 1.18255666
v 0.21530072 -0.11098565 1.22762341
v 0.19810467 -0.10212124 1.26960492
v 0.17721830 -0.09135450 1.30771913
v 0.15303069 -0.07888599 1.34125606
v 0.12599241 -0.06494799 1.36959099
v 0.09660713 -0.04980014 1.39219607
v 0.06542224 -0.03372460 1.40865022
v 0.03301866 -0.01702083 1.41864694
v 0.03682753 -0.00881063 0.70535306
v 0.07296903 -0.01745714 0.71534978
v 0.10775125 -0.02577845 0.73180393
v 0.14052628 -0.03361956 0.75440901
v 0.17068356 -0.04083439 0.78274394
v 0.19766133 -0.04728857 0.81628087
v 0.22095705 -0.05286184 0.85439508
v 0.24013675 -0.05745040 0.89637659
v 0.25484316 -0.06096877 0.94144334
v 0.26480233 -0.06335140 0.98875584
v 0.26982873 -0.06455392 1.03743273
v 0.26982873 -0.06455392 1.08656727
v 0.26480233 -0.06335140 1.13524416
v 0.25484316 -0.06096877 1.18255666
v 0.24013675 -0.05745040 1.22762341
v 0.22095705 -0.05286184 1.26960492
v 0.19766133 -0.04728857 1.30771913
v 0.17068356 -0.04083439 1.34125606
v 0.14052628 -0.03361956 1.36959099
v 0.10775125 -0.02577845 1.39219607
v 0.07296903 -0.01745714 1.40865022
v 0.03682753 -0.00881063 1.41864694
v 0.00000000 0.00560000 0.81200000
v 0.04221166 0.00560000 0.81572562
v 0.08363700 0.00560000 0.82683309
v 0.12350434 0.00560000 0.84511548
v 0.16107102 0.00560000 0.87023224
v 0.19563726 0.00560000 0.90171548
v 0.22655915 0.00560000 0.93897874
v 0.25326067 0.00560000 0.98132787
v 0.27524442 0.00560000 1.02797398
v 0.29210089 0.00560000 1.07804816
v 0.30351607 0.00560000 1.13061759
v 0.30927732 0.00560000 1.18470303
v 0.30927732 0.00560000 1.23929697
v 0.30351607 0.00560000 1.29338241
v 0.29210089 0.00560000 1.34595184
v 0.27524442 0.00560000 1.39602602
v 0.25326067 0.00560000 1.44267213
v 0.22655915 0.00560000 1.48502126
v 0.19563726 0.00560000 1.52228452
v 0.16107102 0.00560000 1.55376776
v 0.12350434 0.00560000 1.57888452
v 0.08363700 0.00560000 1.59716691
v 0.04221166 0.00560000 1.60827438
v 0.00000000 0.00560000 1.61200000
v 0.04077333 0.01546791 0.81572562
v 0.08078714 0.02515199 0.82683309
v 0.11929603 0.03447186 0.84511548
v 0.15558266 0.04325390 0.87023224
v 0.18897108 0.05133452 0.90171548
v 0.21883933 0.05856319 0.93897874
v 0.24463102 0.06480526 0.98132787
v 0.26586569 0.06994445 1.02797398
v 0.28214779 0.07388502 1.07804816
v 0.29317401 0.07655357 1.13061759
v 0.29873895 0.07790039 1.18470303
v 0.29873895 0.07790039 1.23929697
v 0.29317401 0.07655357 1.29338241
v 0.28214779 0.07388502 1.34595184
v 0.26586569 0.06994445 1.39602602
v 0.24463102 0.06480526 1.44267213
v 0.21883933 0.05856319 1.48502126
v 0.18897108 0.05133452 1.52228452
v 0.15558266 0.04325390 1.55376776
v 0.11929603 0.03447186 1.57888452
v 0.08078714 0.02515199 1.59716691
v 0.04077333 0.01546791 1.60827438
v 0.03655637 0.02466333 0.81572562
v 0.07243177 0.04337155 0.82683309
v 0.10695789 0.06137615 0.84511548
v 0.13949160 0.07834175 0.87023224
v 0.16942684 0.09395231 0.90171548
v 0.19620598 0.10791703 0.93897874
v 0.21933017 0.11997579 0.98132787
v 0.23836866 0.12990393 1.02797398
v 0.25296679 0.13751653 1.07804816
v 0.26285262 0.14267177 1.13061759
v 0.26784201 0.14527363 1.18470303
v 0.26784201 0.14527363 1.23929697
v 0.26285262 0.14267177 1.29338241
v 0.25296679 0.13751653 1.34595184
v 0.23836866 0.12990393 1.39602602
v 0.21933017 0.11997579 1.44267213
v 0.19620598 0.10791703 1.48502126
v 0.16942684 0.09395231 1.52228452
v 0.13949160 0.07834175 1.55376776
v 0.10695789 0.06137615 1.57888452
v 0.07243177 0.04337155 1.59716691
v 0.03655637 0.02466333 1.60827438
v 0.02984815 0.03255962 0.81572562
v 0.05914029 0.05901704 0.82683309
v 0.08733075 0.08447939 0.84511548
v 0.11389441 0.10847237 0.87023224
v 0.13833644 0.13054904 0.90171548
v 0.16020151 0.15029814 0.93897874
v 0.17908233 0.16735179 0.98132787
v 0.19462719 0.18139230 1.02797398
v 0.20654652 0.19215814 1.07804816
v 0.21461827 0.19944876 1.13061759
v 0.21869209 0.20312834 1.18470303
v 0.21869209 0.20312834 1.23929697
v 0.21461827 0.19944876 1.29338241
v 0.20654652 0.19215814 1.34595184
v 0.19462719 0.18139230 1.39602602
v 0.17908233 0.16735179 1.44267213
v 0.16020151 0.15029814 1.48502126
v 0.13833644 0.13054904 1.52228452
v 0.11389441 0.10847237 1.55376776
v 0.08733075 0.08447939 1.57888452
v 0.05914029 0.05901704 1.59716691
v 0.02984815 0.03255962 1.60827438
v 0.02110583 0.03861866 0.81572562
v 0.04181850 0.07102224 0.82683309
v 0.06175217 0.10220713 0.84511548
v 0.08053551 0.13159241 0.87023224
v 0.09781863 0.15863069 0.90171548
v 0.11327957 0.18281830 0.93897874
v 0.12663033 0.20370467 0.98132787
v 0.13762221 0.22090072 1.02797398
v 0.14605044 0.23408613 1.07804816
v 0.15175803 0.24301527 1.13061759
v 0.15463866 0.24752182 1.18470303
v 0.15463866 0.24752182 1.23929697
v 0.15175803 0.24301527 1.29338241
v 0.14605044 0.23408613 1.34595184
v 0.13762221 0.22090072 1.39602602
v 0.12663033 0.20370467 1.44267213
v 0.11327957 0.18281830 1.48502126
v 0.09781863 0.15863069 1.52228452
v 0.08053551 0.13159241 1.55376776
v 0.06175217 0.10220713 1.57888452
v 0.04181850 0.07102224 1.59716691
v 0.02110583 0.03861866 1.60827438
v 0.01092518 0.04242753 0.81572562
v 0.02164685 0.07856903 0.82683309
v 0.03196527 0.11335125 0.84511548
v 0.04168825 0.14612628 0.87023224
v 0.05063465 0.17628356 0.90171548
v 0.05863782 0.20326133 0.93897874
v 0.06554868 0.22655705 0.98132787
v 0.07123850 0.24573675 1.02797398
v 0.07560127 0.26044316 1.07804816
v 0.07855574 0.27040233 1.13061759
v 0.08004686 0.27542873 1.18470303
v 0.08004686 0.27542873 1.23929697
v 0.07855574 0.27040233 1.29338241
v 0.07560127 0.26044316 1.34595184
v 0.07123850 0.24573675 1.39602602
v 0.06554868 0.22655705 1.44267213
v 0.05863782 0.20326133 1.48502126
v 0.05063465 0.17628356 1.52228452
v 0.04168825 0.14612628 1.55376776
v 0.03196527 0.11335125 1.57888452
v 0.02164685 0.07856903 1.59716691
v 0.01092518 0.04242753 1.60827438
v 0.00000000 0.04372666 0.81572562
v 0.00000000 0.08114310 0.82683309
v 0.00000000 0.11715231 0.84511548
v 0.00000000 0.15108351 0.87023224
v 0.00000000 0.18230462 0.90171548
v 0.00000000 0.21023407 0.93897874
v 0.00000000 0.23435157 0.98132787
v 0.00000000 0.25420786 1.02797398
v 0.00000000 0.26943306 1.07804816
v 0.00000000 0.27974354 1.13061759
v 0.00000000 0.28494726 1.18470303
v 0.00000000 0.28494726 1.23929697
v 0.00000000 0.27974354 1.29338241
v 0.00000000 0.26943306 1.34595184
v 0.00000000 0.25420786 1.39602602
v 0.00000000 0.23435157 1.44267213
v 0.00000000 0.21023407 1.48502126
v 0.00000000 0.18230462 1.52228452
v 0.00000000 0.15108351 1.55376776
v 0.00000000 0.11715231 1.57888452
v 0.00000000 0.08114310 1.59716691
v 0.00000000 0.04372666 1.60827438
v -0.01092518 0.04242753 0.81572562
v -0.02164685 0.07856903 0.82683309
v -0.03196527 0.11335125 0.84511548
v -0.04168825 0.14612628 0.87023224
v -0.05063465 0.17628356 0.90171548
v -0.05863782 0.20326133 0.93897874
v -0.06554868 0.22655705 0.98132787
v -0.07123850 0.24573675 1.02797398
v -0.07560127 0.26044316 1.07804816
v -0.07855574 0.27040233 1.13061759
v -0.08004686 0.27542873 1.18470303
v -0.08004686 0.27542873 1.23929697
v -0.07855574 0.27040233 1.29338241
v -0.07560127 0.26044316 1.34595184
v -0.07123850 0.24573675 1.39602602
v -0.06554868 0.22655705 1.44267213
v -0.05863782 0.20326133 1.48502126
v -0.05063465 0.17628356 1.52228452
v -0.04168825 0.14612628 1.55376776
v -0.03196527 0.11335125 1.57888452
v -0.02164685 0.07856903 1.59716691
v -0.01092518 0.04242753 1.60827438
v -0.02110583 0.03861866 0.81572562
v -0.04181850 0.07102224 0.82683309
v -0.06175217 0.10220713 0.84511548
v -0.08053551 0.13159241 0.87023224
v -0.09781863 0.15863069 0.90171548
v -0.11327957 0.18281830 0.93897874
v -0.12663033 0.20370467 0.98132787
v -0.13762221 0.22090072 1.02797398
v -0.14605044 0.23408613 1.07804816
v -0.15175803 0.24301527 1.13061759
v -0.15463866 0.24752182 1.18470303
v -0.15463866 0.24752182 1.23929697
v -0.15175803 0.24301527 1.29338241
v -0.14605044 0.23408613 1.34595184
v -0.13762221 0.22090072 1.39602602
v -0.12663033 0.20370467 1.44267213
v -0.11327957 0.18281830 1.48502126
v -0.09781863 0.15863069 1.52228452
v -0.08053551 0.13159241 1.55376776
v -0.06175217 0.10220713 1.57888452
v -0.04181850 0.07102224 1.59716691
v -0.02110583 0.03861866 1.60827438
v -0.02984815 0.03255962 0.81572562
v -0.05914029 0.05901704 0.82683309
v -0.08733075 0.08447939 0.84511548
v -0.11389441 0.10847237 0.87023224
v -0.13833644 0.13054904 0.90171548
v -0.16020151 0.15029814 0.93897874
v -0.17908233 0.16735179 0.98132787
v -0.19462719 0.18139230 1.02797398
v -0.20654652 0.19215814 1.07804816
v -0.21461827 0.19944876 1.13061759
v -0.21869209 0.20312834 1.18470303
v -0.21869209 0.20312834 1.23929697
v -0.21461827 0.19944876 1.29338241
v -0.20654652 0.19215814 1.34595184
v -0.19462719 0.18139230 1.39602602
v -0.17908233 0.16735179 1.44267213
v -0.16020151 0.15029814 1.48502126
v -0.13833644 0.13054904 1.52228452
v -0.11389441 0.10847237 1.55376776
v -0.08733075 0.08447939 1.57888452
v -0.05914029 0.05901704 1.59716691
v -0.02984815 0.03255962 1.60827438
v -0.03655637 0.02466333 0.81572562
v -0.07243177 0.04337155 0.82683309
v -0.10695789 0.06137615 0.84511548
v -0.13949160 0.07834175 0.87023224
v -0.16942684 0.09395231 0.90171548
v -0.19620598 0.10791703 0.93897874
v -0.21933017 0.11997579 0.98132787
v -0.23836866 0.12990393 1.02797398
v -0.25296679 0.13751653 1.07804816
v -0.26285262 0.14267177 1.13061759
v -0.26784201 0.14527363 1.18470303
v -0.26784201 0.14527363 1.23929697
v -0.26285262 0.14267177 1.29338241
v -0.25296679 0.13751653 1.34595184
v -0.23836866 0.12990393 1.39602602
v -0.21933017 0.11997579 1.44267213
v -0.19620598 0.10791703 1.48502126
v -0.16942684 0.09395231 1.52228452
v -0.13949160 0.07834175 1.55376776
v -0.10695789 0.06137615 1.57888452
v -0.07243177 0.04337155 1.59716691
v -0.03655637 0.02466333 1.60827438
v -0.04077333 0.01546791 0.81572562
v -0.08078714 0.02515199 0.82683309
v -0.11929603 0.03447186 0.84511548
v -0.15558266 0.04325390 0.87023224
v -0.18897108 0.05133452 0.90171548
v -0.21883933 0.05856319 0.93897874
v -0.24463102 0.06480526 0.98132787
v -0.26586569 0.06994445 1.02797398
v -0.28214779 0.07388502 1.07804816
v -0.29317401 0.07655357 1.13061759
v -0.29873895 0.07790039 1.18470303
v -0.29873895 0.07790039 1.23929697
v -0.29317401 0.07655357 1.29338241
v -0.28214779 0.07388502 1.34595184
v -0.26586569 0.06994445 1.39602602
v -0.24463102 0.06480526 1.44267213
v -0.21883933 0.05856319 1.48502126
v -0.18897108 0.05133452 1.52228452
v -0.15558266 0.04325390 1.55376776
v -0.11929603 0.03447186 1.57888452
v -0.08078714 0.02515199 1.59716691
v -0.04077333 0.01546791 1.60827438
v -0.04221166 0.00560000 0.81572562
v -0.08363700 0.00560000 0.82683309
v -0.12350434 0.00560000 0.84511548
v -0.16107102 0.00560000 0.87023224
v -0.19563726 0.00560000 0.90171548
v -0.22655915 0.00560000 0.93897874
v -0.25326067 0.00560000 0.98132787
v -0.27524442 0.00560000 1.02797398
v -0.29210089 0.00560000 1.07804816
v -0.30351607 0.00560000 1.13061759
v -0.30927732 0.00560000 1.18470303
v -0.30927732 0.00560000 1.23929697
v -0.30351607 0.00560000 1.29338241
v -0.29210089 0.00560000 1.34595184
v -0.27524442 0.00560000 1.39602602
v -0.25326067 0.00560000 1.44267213
v -0.22655915 0.00560000 1.48502126
v -0.19563726 0.00560000 1.52228452
v -0.16107102 0.00560000 1.55376776
v -0.12350434 0.00560000 1.57888452
v -0.08363700 0.00560000 1.59716691
v -0.04221166 0.00560000 1.60827438
v -0.04077333 -0.00426791 0.81572562
v -0.08078714 -0.01395199 0.82683309
v -0.11929603 -0.02327186 0.84511548
v -0.15558266 -0.03205390 0.87023224
v -0.18897108 -0.04013452 0.90171548
v -0.21883933 -0.04736319 0.93897874
v -0.24463102 -0.05360526 0.98132787
v -0.26586569 -0.05874445 1.02797398
v -0.28214779 -0.06268502 1.07804816
v -0.29317401 -0.06535357 1.13061759
v -0.29873895 -0.06670039 1.18470303
v -0.29873895 -0.06670039 1.23929697
v -0.29317401 -0.06535357 1.29338241
v -0.28214779 -0.06268502 1.34595184
v -0.26586569 -0.05874445 1.39602602
v -0.24463102 -0.05360526 1.44267213
v -0.21883933 -0.04736319 1.48502126
v -0.18897108 -0.04013452 1.52228452
v -0.15558266 -0.03205390 1.55376776
v -0.11929603 -0.02327186 1.57888452
v -0.08078714 -0.01395199 1.59716691
v -0.04077333 -0.00426791 1.60827438
v -0.03655637 -0.01346333 0.81572562
v -0.07243177 -0.03217155 0.82683309
v -0.10695789 -0.05017615 0.84511548
v -0.13949160 -0.06714175 0.87023224
v -0.16942684 -0.08275231 0.90171548
v -0.19620598 -0.09671703 0.93897874
v -0.21933017 -0.10877579 0.98132787
v -0.23836866 -0.11870393 1.02797398
v -0.25296679 -0.12631653 1.07804816
v -0.26285262 -0.13147177 1.13061759
v -0.26784201 -0.13407363 1.18470303
v -0.26784201 -0.13407363 1.23929697
v -0.26285262 -0.13147177 1.29338241
v -0.25296679 -0.12631653 1.34595184
v -0.23836866 -0.11870393 1.39602602
v -0.21933017 -0.10877579 1.44267213
v -0.19620598 -0.09671703 1.48502126
v -0.16942684 -0.08275231 1.52228452
v -0.13949160 -0.06714175 1.55376776
v -0.10695789 -0.05017615 1.57888452
v -0.07243177 -0.03217155 1.59716691
v -0.03655637 -0.01346333 1.60827438
v -0.02984815 -0.02135962 0.81572562
v -0.05914029 -0.04781704 0.82683309
v -0.08733075 -0.07327939 0.84511548
v -0.11389441 -0.09727237 0.87023224
v -0.13833644 -0.11934904 0.90171548
v -0.16020151 -0.13909814 0.93897874
v -0.17908233 -0.15615179 0.98132787
v -0.19462719 -0.17019230 1.02797398
v -0.20654652 -0.18095814 1.07804816
v -0.21461827 -0.18824876 1.13061759
v -0.21869209 -0.19192834 1.18470303
v -0.21869209 -0.19192834 1.23929697
v -0.21461827 -0.18824876 1.29338241
v -0.20654652 -0.18095814 1.34595184
v -0.19462719 -0.17019230 1.39602602
v -0.17908233 -0.15615179 1.44267213
v -0.16020151 -0.13909814 1.48502126
v -0.13833644 -0.11934904 1.52228452
v -0.11389441 -0.09727237 1.55376776
v -0.08733075 -0.07327939 1.57888452
v -0.05914029 -0.04781704 1.59716691
v -0.02984815 -0.02135962 1.60827438
v -0.02110583 -0.02741866 0.81572562
v -0.04181850 -0.05982224 0.82683309
v -0.06175217 -0.09100713 0.84511548
v -0.08053551 -0.12039241 0.87023224
v -0.09781863 -0.14743069 0.90171548
v -0.11327957 -0.17161830 0.93897874
v -0.12663033 -0.19250467 0.98132787
v -0.13762221 -0.20970072 1.02797398
v -0.14605044 -0.22288613 1.07804816
v -0.15175803 -0.23181527 1.13061759
v -0.15463866 -0.23632182 1.18470303
v -0.15463866 -0.23632182 1.23929697
v -0.15175803 -0.23181527 1.29338241
v -0.14605044 -0.22288613 1.34595184
v -0.13762221 -0.20970072 1.39602602
v -0.12663033 -0.19250467 1.44267213
v -0.11327957 -0.17161830 1.48502126
v -0.09781863 -0.14743069 1.52228452
v -0.08053551 -0.12039241 1.55376776
v -0.06175217 -0.09100713 1.57888452
v -0.04181850 -0.05982224 1.59716691
v -0.02110583 -0.02741866 1.60827438
v -0.01092518 -0.03122753 0.81572562
v -0.02164685 -0.06736903 0.82683309
v -0.03196527 -0.10215125 0.84511548
v -0.04168825 -0.13492628 0.87023224
v -0.05063465 -0.16508356 0.90171548
v -0.05863782 -0.19206133 0.93897874
v -0.06554868 -0.21535705 0.98132787
v -0.07123850 -0.23453675 1.02797398
v -0.07560127 -0.24924316 1.07804816
v -0.07855574 -0.25920233 1.13061759
v -0.08004686 -0.26422873 1.18470303
v -0.08004686 -0.26422873 1.23929697
v -0.07855574 -0.25920233 1.29338241
v -0.07560127 -0.24924316 1.34595184
v -0.07123850 -0.23453675 1.39602602
v -0.06554868 -0.21535705 1.44267213
v -0.05863782 -0.19206133 1.48502126
v -0.05063465 -0.16508356 1.52228452
v -0.04168825 -0.13492628 1.55376776
v -0.03196527 -0.10215125 1.57888452
v -0.02164685 -0.06736903 1.59716691
v -0.01092518 -0.03122753 1.60827438
v -0.00000000 -0.03252666 0.81572562
v -0.00000000 -0.06994310 0.82683309
v -0.00000000 -0.10595231 0.84511548
v -0.00000000 -0.13988351 0.87023224
v -0.00000000 -0.17110462 0.90171548
v -0.00000000 -0.19903407 0.93897874
v -0.00000000 -0.22315157 0.98132787
v -0.00000000 -0.24300786 1.02797398
v -0.00000000 -0.25823306 1.07804816
v -0.00000000 -0.26854354 1.13061759
v -0.00000000 -0.27374726 1.18470303
v -0.00000000 -0.27374726 1.23929697
v -0.00000000 -0.26854354 1.29338241
v -0.00000000 -0.25823306 1.34595184
v -0.00000000 -0.24300786 1.39602602
v -0.00000000 -0.22315157 1.44267213
v -0.00000000 -0.19903407 1.48502126
v -0.00000000 -0.17110462 1.52228452
v -0.00000000 -0.13988351 1.55376776
v -0.00000000 -0.10595231 1.57888452
v -0.00000000 -0.06994310 1.59716691
v -0.00000000 -0.03252666 1.60827438
v 0.01092518 -0.03122753 0.81572562
v 0.02164685 -0.06736903 0.82683309
v 0.03196527 -0.10215125 0.84511548
v 0.04168825 -0.13492628 0.87023224
v 0.05063465 -0.16508356 0.90171548
v 0.05863782 -0.19206133 0.93897874
v 0.06554868 -0.21535705 0.98132787
v 0.07123850 -0.23453675 1.02797398
v 0.07560127 -0.24924316 1.07804816
v 0.07855574 -0.25920233 1.13061759
v 0.08004686 -0.26422873 1.18470303
v 0.08004686 -0.26422873 1.23929697
v 0.07855574 -0.25920233 1.29338241
v 0.07560127 -0.24924316 1.34595184
v 0.07123850 -0.23453675 1.39602602
v 0.06554868 -0.21535705 1.44267213
v 0.05863782 -0.19206133 1.48502126
v 0.05063465 -0.16508356 1.52228452
v 0.04168825 -0.13492628 1.55376776
v 0.03196527 -0.10215125 1.57888452
v 0.02164685 -0.06736903 1.59716691
v 0.01092518 -0.03122753 1.60827438
v 0.02110583 -0.02741866 0.81572562
v 0.04181850 -0.05982224 0.82683309
v 0.06175217 -0.09100713 0.84511548
v 0.08053551 -0.12039241 0.87023224
v 0.09781863 -0.14743069 0.90171548
v 0.11327957 -0.17161830 0.93897874
v 0.12663033 -0.19250467 0.98132787
v 0.13762221 -0.20970072 1.02797398
v 0.14605044 -0.22288613 1.07804816
v 0.15175803 -0.23181527 1.13061759
v 0.15463866 -0.23632182 1.18470303
v 0.15463866 -0.23632182 1.23929697
v 0.15175803 -0.23181527 1.29338241
v 0.14605044 -0.22288613 1.34595184
v 0.13762221 -0.20970072 1.39602602
v 0.12663033 -0.19250467 1.44267213
v 0.11327957 -0.17161830 1.48502126
v 0.09781863 -0.14743069 1.52228452
v 0.08053551 -0.12039241 1.55376776
v 0.06175217 -0.09100713 1.57888452
v 0.04181850 -0.05982224 1.59716691
v 0.02110583 -0.02741866 1.60827438
v 0.02984815 -0.02135962 0.81572562
v 0.05914029 -0.04781704 0.82683309
v 0.08733075 -0.07327939 0.84511548
v 0.11389441 -0.09727237 0.87023224
v 0.13833644 -0.11934904 0.90171548
v 0.16020151 -0.13909814 0.93897874
v 0.17908233 -0.15615179 0.98132787
v 0.19462719 -0.17019230 1.02797398
v 0.20654652 -0.18095814 1.07804816
v 0.21461827 -0.18824876 1.13061759
v 0.21869209 -0.19192834 1.18470303
v 0.21869209 -0.19192834 1.23929697
v 0.21461827 -0.18824876 1.29338241
v 0.20654652 -0.18095814 1.34595184
v 0.19462719 -0.17019230 1.39602602
v 0.17908233 -0.15615179 1.44267213
v 0.16020151 -0.13909814 1.48502126
v 0.13833644 -0.11934904 1.52228452
v 0.11389441 -0.09727237 1.55376776
v 0.08733075 -0.07327939 1.57888452
v 0.05914029 -0.04781704 1.59716691
v 0.02984815 -0.02135962 1.60827438
v 0.03655637 -0.01346333 0.81572562
v 0.07243177 -0.03217155 0.82683309
v 0.10695789 -0.05017615 0.84511548
v 0.13949160 -0.06714175 0.87023224
v 0.16942684 -0.08275231 0.90171548
v 0.19620598 -0.09671703 0.93897874
v 0.21933017 -0.10877579 0.98132787
v 0.23836866 -0.11870393 1.02797398
v 0.25296679 -0.12631653 1.07804816
v 0.26285262 -0.13147177 1.13061759
v 0.26784201 -0.13407363 1.18470303
v 0.26784201 -0.13407363 1.23929697
v 0.26285262 -0.13147177 1.29338241
v 0.25296679 -0.12631653 1.34595184
v 0.23836866 -0.11870393 1.39602602
v 0.21933017 -0.10877579 1.44267213
v 0.19620598 -0.09671703 1.48502126
v 0.16942684 -0.08275231 1.52228452
v 0.13949160 -0.06714175 1.55376776
v 0.10695789 -0.05017615 1.57888452
v 0.07243177 -0.03217155 1.59716691
v 0.03655637 -0.01346333 1.60827438
v 0.04077333 -0.00426791 0.81572562
v 0.08078714 -0.01395199 0.82683309
v 0.11929603 -0.02327186 0.84511548
v 0.15558266 -0.03205390 0.87023224
v 0.18897108 -0.04013452 0.90171548
v 0.21883933 -0.04736319 0.93897874
v 0.24463102 -0.05360526 0.98132787
v 0.26586569 -0.05874445 1.02797398
v 0.28214779 -0.06268502 1.07804816
v 0.29317401 -0.06535357 1.13061759
v 0.29873895 -0.06670039 1.18470303
v 0.29873895 -0.06670039 1.23929697
v 0.29317401 -0.06535357 1.29338241
v 0.28214779 -0.06268502 1.34595184
v 0.26586569 -0.05874445 1.39602602
v 0.24463102 -0.05360526 1.44267213
v 0.21883933 -0.04736319 1.48502126
v 0.18897108 -0.04013452 1.52228452
v 0.15558266 -0.03205390 1.55376776
v 0.11929603 -0.02327186 1.57888452
v 0.08078714 -0.01395199 1.59716691
v 0.04077333 -0.00426791 1.60827438
f 2 1 5
f 2 5 3
f 3 5 6
f 3 6 4
f 5 1 7
f 5 7 6
f 6 7 8
f 6 8 4
f 7 1 9
f 7 9 8
f 8 9 10
f 8 10 4
f 9 1 11
f 9 11 10
f 10 11 12
f 10 12 4
f 11 1 13
f 11 13 12
f 12 13 14
f 12 14 4
f 13 1 15
f 13 15 14
f 14 15 16
f 14 16 4
f 15 1 17
f 15 17 16
f 16 17 18
f 16 18 4
f 17 1 19
f 17 19 18
f 18 19 20
f 18 20 4
f 19 1 21
f 19 21 20
f 20 21 22
f 20 22 4
f 21 1 23
f 21 23 22
f 22 23 24
f 22 24 4
f 23 1 25
f 23 25 24
f 24 25 26
f 24 26 4
f 25 1 27
f 25 27 26
f 26 27 28
f 26 28 4
f 27 1 29
f 27 29 28
f 28 29 30
f 28 30 4
f 29 1 31
f 29 31 30
f 30 31 32
f 30 32 4
f 31 1 33
f 31 33 32
f 32 33 34
f 32 34 4
f 33 1 35
f 33 35 34
f 34 35 36
f 34 36 4
f 35 1 37
f 35 37 36
f 36 37 38
f 36 38 4
f 37 1 39
f 37 39 38
f 38 39 40
f 38 40 4
f 39 1 41
f 39 41 40
f 40 41 42
f 40 42 4
f 41 1 2
f 41 2 42
f 42 2 3
f 42 3 4
f 44 43 63
f 44 63 45
f 45 63 64
f 45 64 46
f 46 64 65
f 46 65 47
f 47 65 66
f 47 66 48
f 48 66 67
f 48 67 49
f 49 67 68
f 49 68 50
f 50 68 69
f 50 69 51
f 51 69 70
f 51 70 52
f 52 70 71
f 52 71 53
f 53 71 72
f 53 72 54
f 54 72 73
f 54 73 55
f 55 73 74
f 55 74 56
f 56 74 75
f 56 75 57
f 57 75 76
f 57 76 58
f 58 76 77
f 58 77 59
f 59 77 78
f 59 78 60
f 60 78 79
f 60 79 61
f 61 79 80
f 61 80 62
f 63 43 81
f 63 81 64
f 64 81 82
f 64 82 65
f 65 82 83
f 65 83 66
f 66 83 84
f 66 84 67
f 67 84 85
f 67 85 68
f 68 85 86
f 68 86 69
f 69 86 87
f 69 87 70
f 70 87 88
f 70 88 71
f 71 88 89
f 71 89 72
f 72 89 90
f 72 90 73
f 73 90 91
f 73 91 74
f 74 91 92
f 74 92 75
f 75 92 93
f 75 93 76
f 76 93 94
f 76 94 77
f 77 94 95
f 77 95 78
f 78 95 96
f 78 96 79
f 79 96 97
f 79 97 80
f 80 97 98
f 80 98 62
f 81 43 99
f 81 99 82
f 82 99 100
f 82 100 83
f 83 100 101
f 83 101 84
f 84 101 102
f 84 102 85
f 85 102 103
f 85 103 86
f 86 103 104
f 86 104 87
f 87 104 105
f 87 105 88
f 88 105 106
f 88 106 89
f 89 106 107
f 89 107 90
f 90 107 108
f 90 108 91
f 91 108 109
f 91 109 92
f 92 109 110
f 92 110 93
f 93 110 111
f 93 111 94
f 94 111 112
f 94 112 95
f 95 112 113
f 95 113 96
f 96 113 114
f 96 114 97
f 97 114 115
f 97 115 98
f 98 115 116
f 98 116 62
f 99 43 117
f 99 117 100
f 100 117 118
f 100 118 101
f 101 118 119
f 101 119 102
f 102 119 120
f 102 120 103
f 103 120 121
f 103 121 104
f 104 121 122
f 104 122 105
f 105 122 123
f 105 123 106
f 106 123 124
f 106 124 107
f 107 124 125
f 107 125 108
f 108 125 126
f 108 126 109
f 109 126 127
f 109 127 110
f 110 127 128
f 110 128 111
f 111 128 129
f 111 129 112
f 112 129 130
f 112 130 113
f 113 130 131
f 113 131 114
f 114 131 132
f 114 132 115
f 115 132 133
f 115 133 116
f 116 133 134
f 116 134 62
f 117 43 135
f 117 135 118
f 118 135 136
f 118 136 119
f 119 136 137
f 119 137 120
f 120 137 138
f 120 138 121
f 121 138 139
f 121 139 122
f 122 139 140
f 122 140 123
f 123 140 141
f 123 141 124
f 124 141 142
f 124 142 125
f 125 142 143
f 125 143 126
f 126 143 144
f 126 144 127
f 127 144 145
f 127 145 128
f 128 145 146
f 128 146 129
f 129 146 147
f 129 147 130
f 130 147 148
f 130 148 131
f 131 148 149
f 131 149 132
f 132 149 150
f 132 150 133
f 133 150 151
f 133 151 134
f 134 151 152
f 134 152 62
f 135 43 153
f 135 153 136
f 136 153 154
f 136 154 137
f 137 154 155
f 137 155 138
f 138 155 156
f 138 156 139
f 139 156 157
f 139 157 140
f 140 157 158
f 140 158 141
f 141 158 159
f 141 159 142
f 142 159 160
f 142 160 143
f 143 160 161
f 143 161 144
f 144 161 162
f 144 162 145
f 145 162 163
f 145 163 146
f 146 163 164
f 146 164 147
f 147 164 165
f 147 165 148
f 148 165 166
f 148 166 149
f 149 166 167
f 149 167 150
f 150 167 168
f 150 168 151
f 151 168 169
f 151 169 152
f 152 169 170
f 152 170 62
f 153 43 171
f 153 171 154
f 154 171 172
f 154 172 155
f 155 172 173
f 155 173 156
f 156 173 174
f 156 174 157
f 157 174 175
f 157 175 158
f 158 175 176
f 158 176 159
f 159 176 177
f 159 177 160
f 160 177 178
f 160 178 161
f 161 178 179
f 161 179 162
f 162 179 180
f 162 180 163
f 163 180 181
f 163 181 164
f 164 181 182
f 164 182 165
f 165 182 183
f 165 183 166
f 166 183 184
f 166 184 167
f 167 184 185
f 167 185 168
f 168 185 186
f 168 186 169
f 169 186 187
f 169 187 170
f 170 187 188
f 170 188 62
f 171 43 189
f 171 189 172
f 172 189 190
f 172 190 173
f 173 190 191
f 173 191 174
f 174 191 192
f 174 192 175
f 175 192 193
f 175 193 176
f 176 193 194
f 176 194 177
f 177 194 195
f 177 195 178
f 178 195 196
f 178 196 179
f 179 196 197
f 179 197 180
f 180 197 198
f 180 198 181
f 181 198 199
f 181 199 182
f 182 199 200
f 182 200 183
f 183 200 201
f 183 201 184
f 184 201 202
f 184 202 185
f 185 202 203
f 185 203 186
f 186 203 204
f 186 204 187
f 187 204 205
f 187 205 188
f 188 205 206
f 188 206 62
f 189 43 207
f 189 207 190
f 190 207 208
f 190 208 191
f 191 208 209
f 191 209 192
f 192 209 210
f 192 210 193
f 193 210 211
f 193 211 194
f 194 211 212
f 194 212 195
f 195 212 213
f 195 213 196
f 196 213 214
f 196 214 197
f 197 214 215
f 197 215 198
f 198 215 216
f 198 216 199
f 199 216 217
f 199 217 200
f 200 217 218
f 200 218 201
f 201 218 219
f 201 219 202
f 202 219 220
f 202 220 203
f 203 220 221
f 203 221 204
f 204 221 222
f 204 222 205
f 205 222 223
f 205 223 206
f 206 223 224
f 206 224 62
f 207 43 225
f 207 225 208
f 208 225 226
f 208 226 209
f 209 226 227
f 209 227 210
f 210 227 228
f 210 228 211
f 211 228 229
f 211 229 212
f 212 229 230
f 212 230 213
f 213 230 231
f 213 231 214
f 214 231 232
f 214 232 215
f 215 232 233
f 215 233 216
f 216 233 234
f 216 234 217
f 217 234 235
f 217 235 218
f 218 235 236
f 218 236 219
f 219 236 237
f 219 237 220
f 220 237 238
f 220 238 221
f 221 238 239
f 221 239 222
f 222 239 240
f 222 240 223
f 223 240 241
f 223 241 224
f 224 241 242
f 224 242 62
f 225 43 243
f 225 243 226
f 226 243 244
f 226 244 227
f 227 244 245
f 227 245 228
f 228 245 246
f 228 246 229
f 229 246 247
f 229 247 230
f 230 247 248
f 230 248 231
f 231 248 249
f 231 249 232
f 232 249 250
f 232 250 233
f 233 250 251
f 233 251 234
f 234 251 252
f 234 252 235
f 235 252 253
f 235 253 236
f 236 253 254
f 236 254 237
f 237 254 255
f 237 255 238
f 238 255 256
f 238 256 239
f 239 256 257
f 239 257 240
f 240 257 258
f 240 258 241
f 241 258 259
f 241 259 242
f 242 259 260
f 242 260 62
f 243 43 261
f 243 261 244
f 244 261 262
f 244 262 245
f 245 262 263
f 245 263 246
f 246 263 264
f 246 264 247
f 247 264 265
f 247 265 248
f 248 265 266
f 248 266 249
f 249 266 267
f 249 267 250
f 250 267 268
f 250 268 251
f 251 268 269
f 251 269 252
f 252 269 270
f 252 270 253
f 253 270 271
f 253 271 254
f 254 271 272
f 254 272 255
f 255 272 273
f 255 273 256
f 256 273 274
f 256 274 257
f 257 274 275
f 257 275 258
f 258 275 276
f 258 276 259
f 259 276 277
f 259 277 260
f 260 277 278
f 260 278 62
f 261 43 279
f 261 279 262
f 262 279 280
f 262 280 263
f 263 280 281
f 263 281 264
f 264 281 282
f 264 282 265
f 265 282 283
f 265 283 266
f 266 283 284
f 266 284 267
f 267 284 285
f 267 285 268
f 268 285 286
f 268 286 269
f 269 286 287
f 269 287 270
f 270 287 288
f 270 288 271
f 271 288 289
f 271 289 272
f 272 289 290
f 272 290 273
f 273 290 291
f 273 291 274
f 274 291 292
f 274 292 275
f 275 292 293
f 275 293 276
f 276 293 294
f 276 294 277
f 277 294 295
f 277 295 278
f 278 295 296
f 278 296 62
f 279 43 297
f 279 297 280
f 280 297 298
f 280 298 281
f 281 298 299
f 281 299 282
f 282 299 300
f 282 300 283
f 283 300 301
f 283 301 284
f 284 301 302
f 284 302 285
f 285 302 303
f 285 303 286
f 286 303 304
f 286 304 287
f 287 304 305
f 287 305 288
f 288 305 306
f 288 306 289
f 289 306 307
f 289 307 290
f 290 307 308
f 290 308 291
f 291 308 309
f 291 309 292
f 292 309 310
f 292 310 293
f 293 310 311
f 293 311 294
f 294 311 312
f 294 312 295
f 295 312 313
f 295 313 296
f 296 313 314
f 296 314 62
f 297 43 315
f 297 315 298
f 298 315 316
f 298 316 299
f 299 316 317
f 299 317 300
f 300 317 318
f 300 318 301
f 301 318 319
f 301 319 302
f 302 319 320
f 302 320 303
f 303 320 321
f 303 321 304
f 304 321 322
f 304 322 305
f 305 322 323
f 305 323 306
f 306 323 324
f 306 324 307
f 307 324 325
f 307 325 308
f 308 325 326
f 308 326 309
f 309 326 327
f 309 327 310
f 310 327 328
f 310 328 311
f 311 328 329
f 311 329 312
f 312 329 330
f 312 330 313
f 313 330 331
f 313 331 314
f 314 331 332
f 314 332 62
f 315 43 333
f 315 333 316
f 316 333 334
f 316 334 317
f 317 334 335
f 317 335 318
f 318 335 336
f 318 336 319
f 319 336 337
f 319 337 320
f 320 337 338
f 320 338 321
f 321 338 339
f 321 339 322
f 322 339 340
f 322 340 323
f 323 340 341
f 323 341 324
f 324 341 342
f 324 342 325
f 325 342 343
f 325 343 326
f 326 343 344
f 326 344 327
f 327 344 345
f 327 345 328
f 328 345 346
f 328 346 329
f 329 346 347
f 329 347 330
f 330 347 348
f 330 348 331
f 331 348 349
f 331 349 332
f 332 349 350
f 332 350 62
f 333 43 351
f 333 351 334
f 334 351 352
f 334 352 335
f 335 352 353
f 335 353 336
f 336 353 354
f 336 354 337
f 337 354 355
f 337 355 338
f 338 355 356
f 338 356 339
f 339 356 357
f 339 357 340
f 340 357 358
f 340 358 341
f 341 358 359
f 341 359 342
f 342 359 360
f 342 360 343
f 343 360 361
f 343 361 344
f 344 361 362
f 344 362 345
f 345 362 363
f 345 363 346
f 346 363 364
f 346 364 347
f 347 364 365
f 347 365 348
f 348 365 366
f 348 366 349
f 349 366 367
f 349 367 350
f 350 367 368
f 350 368 62
f 351 43 369
f 351 369 352
f 352 369 370
f 352 370 353
f 353 370 371
f 353 371 354
f 354 371 372
f 354 372 355
f 355 372 373
f 355 373 356
f 356 373 374
f 356 374 357
f 357 374 375
f 357 375 358
f 358 375 376
f 358 376 359
f 359 376 377
f 359 377 360
f 360 377 378
f 360 378 361
f 361 378 379
f 361 379 362
f 362 379 380
f 362 380 363
f 363 380 381
f 363 381 364
f 364 381 382
f 364 382 365
f 365 382 383
f 365 383 366
f 366 383 384
f 366 384 367
f 367 384 385
f 367 385 368
f 368 385 386
f 368 386 62
f 369 43 387
f 369 387 370
f 370 387 388
f 370 388 371
f 371 388 389
f 371 389 372
f 372 389 390
f 372 390 373
f 373 390 391
f 373 391 374
f 374 391 392
f 374 392 375
f 375 392 393
f 375 393 376
f 376 393 394
f 376 394 377
f 377 394 395
f 377 395 378
f 378 395 396
f 378 396 379
f 379 396 397
f 379 397 380
f 380 397 398
f 380 398 381
f 381 398 399
f 381 399 382
f 382 399 400
f 382 400 383
f 383 400 401
f 383 401 384
f 384 401 402
f 384 402 385
f 385 402 403
f 385 403 386
f 386 403 404
f 386 404 62
f 387 43 44
f 387 44 388
f 388 44 45
f 388 45 389
f 389 45 46
f 389 46 390
f 390 46 47
f 390 47 391
f 391 47 48
f 391 48 392
f 392 48 49
f 392 49 393
f 393 49 50
f 393 50 394
f 394 50 51
f 394 51 395
f 395 51 52
f 395 52 396
f 396 52 53
f 396 53 397
f 397 53 54
f 397 54 398
f 398 54 55
f 398 55 399
f 399 55 56
f 399 56 400
f 400 56 57
f 400 57 401
f 401 57 58
f 401 58 402
f 402 58 59
f 402 59 403
f 403 59 60
f 403 60 404
f 404 60 61
f 404 61 62
f 406 405 425
f 406 425 407
f 407 425 426
f 407 426 408
f 408 426 427
f 408 427 409
f 409 427 428
f 409 428 410
f 410 428 429
f 410 429 411
f 411 429 430
f 411 430 412
f 412 430 431
f 412 431 413
f 413 431 432
f 413 432 414
f 414 432 433
f 414 433 415
f 415 433 434
f 415 434 416
f 416 434 435
f 416 435 417
f 417 435 436
f 417 436 418
f 418 436 437
f 418 437 419
f 419 437 438
f 419 438 420
f 420 438 439
f 420 439 421
f 421 439 440
f 421 440 422
f 422 440 441
f 422 441 423
f 423 441 442
f 423 442 424
f 425 405 443
f 425 443 426
f 426 443 444
f 426 444 427
f 427 444 445
f 427 445 428
f 428 445 446
f 428 446 429
f 429 446 447
f 429 447 430
f 430 447 448
f 430 448 431
f 431 448 449
f 431 449 432
f 432 449 450
f 432 450 433
f 433 450 451
f 433 451 434
f 434 451 452
f 434 452 435
f 435 452 453
f 435 453 436
f 436 453 454
f 436 454 437
f 437 454 455
f 437 455 438
f 438 455 456
f 438 456 439
f 439 456 457
f 439 457 440
f 440 457 458
f 440 458 441
f 441 458 459
f 441 459 442
f 442 459 460
f 442 460 424
f 443 405 461
f 443 461 444
f 444 461 462
f 444 462 445
f 445 462 463
f 445 463 446
f 446 463 464
f 446 464 447
f 447 464 465
f 447 465 448
f 448 465 466
f 448 466 449
f 449 466 467
f 449 467 450
f 450 467 468
f 450 468 451
f 451 468 469
f 451 469 452
f 452 469 470
f 452 470 453
f 453 470 471
f 453 471 454
f 454 471 472
f 454 472 455
f 455 472 473
f 455 473 456
f 456 473 474
f 456 474 457
f 457 474 475
f 457 475 458
f 458 475 476
f 458 476 459
f 459 476 477
f 459 477 460
f 460 477 478
f 460 478 424
f 461 405 479
f 461 479 462
f 462 479 480
f 462 480 463
f 463 480 481
f 463 481 464
f 464 481 482
f 464 482 465
f 465 482 483
f 465 483 466
f 466 483 484
f 466 484 467
f 467 484 485
f 467 485 468
f 468 485 486
f 468 486 469
f 469 486 487
f 469 487 470
f 470 487 488
f 470 488 471
f 471 488 489
f 471 489 472
f 472 489 490
f 472 490 473
f 473 490 491
f 473 491 474
f 474 491 492
f 474 492 475
f 475 492 493
f 475 493 476
f 476 493 494
f 476 494 477
f 477 494 495
f 477 495 478
f 478 495 496
f 478 496 424
f 479 405 497
f 479 497 480
f 480 497 498
f 480 498 481
f 481 498 499
f 481 499 482
f 482 499 500
f 482 500 483
f 483 500 501
f 483 501 484
f 484 501 502
f 484 502 485
f 485 502 503
f 485 503 486
f 486 503 504
f 486 504 487
f 487 504 505
f 487 505 488
f 488 505 506
f 488 506 489
f 489 506 507
f 489 507 490
f 490 507 508
f 490 508 491
f 491 508 509
f 491 509 492
f 492 509 510
f 492 510 493
f 493 510 511
f 493 511 494
f 494 511 512
f 494 512 495
f 495 512 513
f 495 513 496
f 496 513 514
f 496 514 424
f 497 405 515
f 497 515 498
f 498 515 516
f 498 516 499
f 499 516 517
f 499 517 500
f 500 517 518
f 500 518 501
f 501 518 519
f 501 519 502
f 502 519 520
f 502 520 503
f 503 520 521
f 503 521 504
f 504 521 522
f 504 522 505
f 505 522 523
f 505 523 506
f 506 523 524
f 506 524 507
f 507 524 525
f 507 525 508
f 508 525 526
f 508 526 509
f 509 526 527
f 509 527 510
f 510 527 528
f 510 528 511
f 511 528 529
f 511 529 512
f 512 529 530
f 512 530 513
f 513 530 531
f 513 531 514
f 514 531 532
f 514 532 424
f 515 405 533
f 515 533 516
f 516 533 534
f 516 534 517
f 517 534 535
f 517 535 518
f 518 535 536
f 518 536 519
f 519 536 537
f 519 537 520
f 520 537 538
f 520 538 521
f 521 538 539
f 521 539 522
f 522 539 540
f 522 540 523
f 523 540 541
f 523 541 524
f 524 541 542
f 524 542 525
f 525 542 543
f 525 543 526
f 526 543 544
f 526 544 527
f 527 544 545
f 527 545 528
f 528 545 546
f 528 546 529
f 529 546 547
f 529 547 530
f 530 547 548
f 530 548 531
f 531 548 549
f 531 549 532
f 532 549 550
f 532 550 424
f 533 405 551
f 533 551 534
f 534 551 552
f 534 552 535
f 535 552 553
f 535 553 536
f 536 553 554
f 536 554 537
f 537 554 555
f 537 555 538
f 538 555 556
f 538 556 539
f 539 556 557
f 539 557 540
f 540 557 558
f 540 558 541
f 541 558 559
f 541 559 542
f 542 559 560
f 542 560 543
f 543 560 561
f 543 561 544
f 544 561 562
f 544 562 545
f 545 562 563
f 545 563 546
f 546 563 564
f 546 564 547
f 547 564 565
f 547 565 548
f 548 565 566
f 548 566 549
f 549 566 567
f 549 567 550
f 550 567 568
f 550 568 424
f 551 405 569
f 551 569 552
f 552 569 570
f 552 570 553
f 553 570 571
f 553 571 554
f 554 571 572
f 554 572 555
f 555 572 573
f 555 573 556
f 556 573 574
f 556 574 557
f 557 574 575
f 557 575 558
f 558 575 576
f 558 576 559
f 559 576 577
f 559 577 560
f 560 577 578
f 560 578 561
f 561 578 579
f 561 579 562
f 562 579 580
f 562 580 563
f 563 580 581
f 563 581 564
f 564 581 582
f 564 582 565
f 565 582 583
f 565 583 566
f 566 583 584
f 566 584 567
f 567 584 585
f 567 585 568
f 568 585 586
f 568 586 424
f 569 405 587
f 569 587 570
f 570 587 588
f 570 588 571
f 571 588 589
f 571 589 572
f 572 589 590
f 572 590 573
f 573 590 591
f 573 591 574
f 574 591 592
f 574 592 575
f 575 592 593
f 575 593 576
f 576 593 594
f 576 594 577
f 577 594 595
f 577 595 578
f 578 595 596
f 578 596 579
f 579 596 597
f 579 597 580
f 580 597 598
f 580 598 581
f 581 598 599
f 581 599 582
f 582 599 600
f 582 600 583
f 583 600 601
f 583 601 584
f 584 601 602
f 584 602 585
f 585 602 603
f 585 603 586
f 586 603 604
f 586 604 424
f 587 405 605
f 587 605 588
f 588 605 606
f 588 606 589
f 589 606 607
f 589 607 590
f 590 607 608
f 590 608 591
f 591 608 609
f 591 609 592
f 592 609 610
f 592 610 593
f 593 610 611
f 593 611 594
f 594 611 612
f 594 612 595
f 595 612 613
f 595 613 596
f 596 613 614
f 596 614 597
f 597 614 615
f 597 615 598
f 598 615 616
f 598 616 599
f 599 616 617
f 599 617 600
f 600 617 618
f 600 618 601
f 601 618 619
f 601 619 602
f 602 619 620
f 602 620 603
f 603 620 621
f 603 621 604
f 604 621 622
f 604 622 424
f 605 405 623
f 605 623 606
f 606 623 624
f 606 624 607
f 607 624 625
f 607 625 608
f 608 625 626
f 608 626 609
f 609 626 627
f 609 627 610
f 610 627 628
f 610 628 611
f 611 628 629
f 611 629 612
f 612 629 630
f 612 630 613
f 613 630 631
f 613 631 614
f 614 631 632
f 614 632 615
f 615 632 633
f 615 633 616
f 616 633 634
f 616 634 617
f 617 634 635
f 617 635 618
f 618 635 636
f 618 636 619
f 619 636 637
f 619 637 620
f 620 637 638
f 620 638 621
f 621 638 639
f 621 639 622
f 622 639 640
f 622 640 424
f 623 405 641
f 623 641 624
f 624 641 642
f 624 642 625
f 625 642 643
f 625 643 626
f 626 643 644
f 626 644 627
f 627 644 645
f 627 645 628
f 628 645 646
f 628 646 629
f 629 646 647
f 629 647 630
f 630 647 648
f 630 648 631
f 631 648 649
f 631 649 632
f 632 649 650
f 632 650 633
f 633 650 651
f 633 651 634
f 634 651 652
f 634 652 635
f 635 652 653
f 635 653 636
f 636 653 654
f 636 654 637
f 637 654 655
f 637 655 638
f 638 655 656
f 638 656 639
f 639 656 657
f 639 657 640
f 640 657 658
f 640 658 424
f 641 405 659
f 641 659 642
f 642 659 660
f 642 660 643
f 643 660 661
f 643 661 644
f 644 661 662
f 644 662 645
f 645 662 663
f 645 663 646
f 646 663 664
f 646 664 647
f 647 664 665
f 647 665 648
f 648 665 666
f 648 666 649
f 649 666 667
f 649 667 650
f 650 667 668
f 650 668 651
f 651 668 669
f 651 669 652
f 652 669 670
f 652 670 653
f 653 670 671
f 653 671 654
f 654 671 672
f 654 672 655
f 655 672 673
f 655 673 656
f 656 673 674
f 656 674 657
f 657 674 675
f 657 675 658
f 658 675 676
f 658 676 424
f 659 405 677
f 659 677 660
f 660 677 678
f 660 678 661
f 661 678 679
f 661 679 662
f 662 679 680
f 662 680 663
f 663 680 681
f 663 681 664
f 664 681 682
f 664 682 665
f 665 682 683
f 665 683 666
f 666 683 684
f 666 684 667
f 667 684 685
f 667 685 668
f 668 685 686
f 668 686 669
f 669 686 687
f 669 687 670
f 670 687 688
f 670 688 671
f 671 688 689
f 671 689 672
f 672 689 690
f 672 690 673
f 673 690 691
f 673 691 674
f 674 691 692
f 674 692 675
f 675 692 693
f 675 693 676
f 676 693 694
f 676 694 424
f 677 405 695
f 677 695 678
f 678 695 696
f 678 696 679
f 679 696 697
f 679 697 680
f 680 697 698
f 680 698 681
f 681 698 699
f 681 699 682
f 682 699 700
f 682 700 683
f 683 700 701
f 683 701 684
f 684 701 702
f 684 702 685
f 685 702 703
f 685 703 686
f 686 703 704
f 686 704 687
f 687 704 705
f 687 705 688
f 688 705 706
f 688 706 689
f 689 706 707
f 689 707 690
f 690 707 708
f 690 708 691
f 691 708 709
f 691 709 692
f 692 709 710
f 692 710 693
f 693 710 711
f 693 711 694
f 694 711 712
f 694 712 424
f 695 405 713
f 695 713 696
f 696 713 714
f 696 714 697
f 697 714 715
f 697 715 698
f 698 715 716
f 698 716 699
f 699 716 717
f 699 717 700
f 700 717 718
f 700 718 701
f 701 718 719
f 701 719 702
f 702 719 720
f 702 720 703
f 703 720 721
f 703 721 704
f 704 721 722
f 704 722 705
f 705 722 723
f 705 723 706
f 706 723 724
f 706 724 707
f 707 724 725
f 707 725 708
f 708 725 726
f 708 726 709
f 709 726 727
f 709 727 710
f 710 727 728
f 710 728 711
f 711 728 729
f 711 729 712
f 712 729 730
f 712 730 424
f 713 405 731
f 713 731 714
f 714 731 732
f 714 732 715
f 715 732 733
f 715 733 716
f 716 733 734
f 716 734 717
f 717 734 735
f 717 735 718
f 718 735 736
f 718 736 719
f 719 736 737
f 719 737 720
f 720 737 738
f 720 738 721
f 721 738 739
f 721 739 722
f 722 739 740
f 722 740 723
f 723 740 741
f 723 741 724
f 724 741 742
f 724 742 725
f 725 742 743
f 725 743 726
f 726 743 744
f 726 744 727
f 727 744 745
f 727 745 728
f 728 745 746
f 728 746 729
f 729 746 747
f 729 747 730
f 730 747 748
f 730 748 424
f 731 405 749
f 731 749 732
f 732 749 750
f 732 750 733
f 733 750 751
f 733 751 734
f 734 751 752
f 734 752 735
f 735 752 753
f 735 753 736
f 736 753 754
f 736 754 737
f 737 754 755
f 737 755 738
f 738 755 756
f 738 756 739
f 739 756 757
f 739 757 740
f 740 757 758
f 740 758 741
f 741 758 759
f 741 759 742
f 742 759 760
f 742 760 743
f 743 760 761
f 743 761 744
f 744 761 762
f 744 762 745
f 745 762 763
f 745 763 746
f 746 763 764
f 746 764 747
f 747 764 765
f 747 765 748
f 748 765 766
f 748 766 424
f 749 405 406
f 749 406 750
f 750 406 407
f 750 407 751
f 751 407 408
f 751 408 752
f 752 408 409
f 752 409 753
f 753 409 410
f 753 410 754
f 754 410 411
f 754 411 755
f 755 411 412
f 755 412 756
f 756 412 413
f 756 413 757
f 757 413 414
f 757 414 758
f 758 414 415
f 758 415 759
f 759 415 416
f 759 416 760
f 760 416 417
f 760 417 761
f 761 417 418
f 761 418 762
f 762 418 419
f 762 419 763
f 763 419 420
f 763 420 764
f 764 420 421
f 764 421 765
f 765 421 422
f 765 422 766
f 766 422 423
f 766 423 424
f 768 767 771
f 768 771 769
f 769 771 772
f 769 772 770
f 771 767 773
f 771 773 772
f 772 773 774
f 772 774 770
f 773 767 775
f 773 775 774
f 774 775 776
f 774 776 770
f 775 767 777
f 775 777 776
f 776 777 778
f 776 778 770
f 777 767 779
f 777 779 778
f 778 779 780
f 778 780 770
f 779 767 781
f 779 781 780
f 780 781 782
f 780 782 770
f 781 767 783
f 781 783 782
f 782 783 784
f 782 784 770
f 783 767 785
f 783 785 784
f 784 785 786
f 784 786 770
f 785 767 787
f 785 787 786
f 786 787 788
f 786 788 770
f 787 767 789
f 787 789 788
f 788 789 790
f 788 790 770
f 789 767 791
f 789 791 790
f 790 791 792
f 790 792 770
f 791 767 793
f 791 793 792
f 792 793 794
f 792 794 770
f 793 767 795
f 793 795 794
f 794 795 796
f 794 796 770
f 795 767 797
f 795 797 796
f 796 797 798
f 796 798 770
f 797 767 799
f 797 799 798
f 798 799 800
f 798 800 770
f 799 767 801
f 799 801 800
f 800 801 802
f 800 802 770
f 801 767 803
f 801 803 802
f 802 803 804
f 802 804 770
f 803 767 805
f 803 805 804
f 804 805 806
f 804 806 770
f 805 767 807
f 805 807 806
f 806 807 808
f 806 808 770
f 807 767 768
f 807 768 808
f 808 768 769
f 808 769 770
f 810 809 829
f 810 829 811
f 811 829 830
f 811 830 812
f 812 830 831
f 812 831 813
f 813 831 832
f 813 832 814
f 814 832 833
f 814 833 815
f 815 833 834
f 815 834 816
f 816 834 835
f 816 835 817
f 817 835 836
f 817 836 818
f 818 836 837
f 818 837 819
f 819 837 838
f 819 838 820
f 820 838 839
f 820 839 821
f 821 839 840
f 821 840 822
f 822 840 841
f 822 841 823
f 823 841 842
f 823 842 824
f 824 842 843
f 824 843 825
f 825 843 844
f 825 844 826
f 826 844 845
f 826 845 827
f 827 845 846
f 827 846 828
f 829 809 847
f 829 847 830
f 830 847 848
f 830 848 831
f 831 848 849
f 831 849 832
f 832 849 850
f 832 850 833
f 833 850 851
f 833 851 834
f 834 851 852
f 834 852 835
f 835 852 853
f 835 853 836
f 836 853 854
f 836 854 837
f 837 854 855
f 837 855 838
f 838 855 856
f 838 856 839
f 839 856 857
f 839 857 840
f 840 857 858
f 840 858 841
f 841 858 859
f 841 859 842
f 842 859 860
f 842 860 843
f 843 860 861
f 843 861 844
f 844 861 862
f 844 862 845
f 845 862 863
f 845 863 846
f 846 863 864
f 846 864 828
f 847 809 865
f 847 865 848
f 848 865 866
f 848 866 849
f 849 866 867
f 849 867 850
f 850 867 868
f 850 868 851
f 851 868 869
f 851 869 852
f 852 869 870
f 852 870 853
f 853 870 871
f 853 871 854
f 854 871 872
f 854 872 855
f 855 872 873
f 855 873 856
f 856 873 874
f 856 874 857
f 857 874 875
f 857 875 858
f 858 875 876
f 858 876 859
f 859 876 877
f 859 877 860
f 860 877 878
f 860 878 861
f 861 878 879
f 861 879 862
f 862 879 880
f 862 880 863
f 863 880 881
f 863 881 864
f 864 881 882
f 864 882 828
f 865 809 883
f 865 883 866
f 866 883 884
f 866 884 867
f 867 884 885
f 867 885 868
f 868 885 886
f 868 886 869
f 869 886 887
f 869 887 870
f 870 887 888
f 870 888 871
f 871 888 889
f 871 889 872
f 872 889 890
f 872 890 873
f 873 890 891
f 873 891 874
f 874 891 892
f 874 892 875
f 875 892 893
f 875 893 876
f 876 893 894
f 876 894 877
f 877 894 895
f 877 895 878
f 878 895 896
f 878 896 879
f 879 896 897
f 879 897 880
f 880 897 898
f 880 898 881
f 881 898 899
f 881 899 882
f 882 899 900
f 882 900 828
f 883 809 901
f 883 901 884
f 884 901 902
f 884 902 885
f 885 902 903
f 885 903 886
f 886 903 904
f 886 904 887
f 887 904 905
f 887 905 888
f 888 905 906
f 888 906 889
f 889 906 907
f 889 907 890
f 890 907 908
f 890 908 891
f 891 908 909
f 891 909 892
f 892 909 910
f 892 910 893
f 893 910 911
f 893 911 894
f 894 911 912
f 894 912 895
f 895 912 913
f 895 913 896
f 896 913 914
f 896 914 897
f 897 914 915
f 897 915 898
f 898 915 916
f 898 916 899
f 899 916 917
f 899 917 900
f 900 917 918
f 900 918 828
f 901 809 919
f 901 919 902
f 902 919 920
f 902 920 903
f 903 920 921
f 903 921 904
f 904 921 922
f 904 922 905
f 905 922 923
f 905 923 906
f 906 923 924
f 906 924 907
f 907 924 925
f 907 925 908
f 908 925 926
f 908 926 909
f 909 926 927
f 909 927 910
f 910 927 928
f 910 928 911
f 911 928 929
f 911 929 912
f 912 929 930
f 912 930 913
f 913 930 931
f 913 931 914
f 914 931 932
f 914 932 915
f 915 932 933
f 915 933 916
f 916 933 934
f 916 934 917
f 917 934 935
f 917 935 918
f 918 935 936
f 918 936 828
f 919 809 937
f 919 937 920
f 920 937 938
f 920 938 921
f 921 938 939
f 921 939 922
f 922 939 940
f 922 940 923
f 923 940 941
f 923 941 924
f 924 941 942
f 924 942 925
f 925 942 943
f 925 943 926
f 926 943 944
f 926 944 927
f 927 944 945
f 927 945 928
f 928 945 946
f 928 946 929
f 929 946 947
f 929 947 930
f 930 947 948
f 930 948 931
f 931 948 949
f 931 949 932
f 932 949 950
f 932 950 933
f 933 950 951
f 933 951 934
f 934 951 952
f 934 952 935
f 935 952 953
f 935 953 936
f 936 953 954
f 936 954 828
f 937 809 955
f 937 955 938
f 938 955 956
f 938 956 939
f 939 956 957
f 939 957 940
f 940 957 958
f 940 958 941
f 941 958 959
f 941 959 942
f 942 959 960
f 942 960 943
f 943 960 961
f 943 961 944
f 944 961 962
f 944 962 945
f 945 962 963
f 945 963 946
f 946 963 964
f 946 964 947
f 947 964 965
f 947 965 948
f 948 965 966
f 948 966 949
f 949 966 967
f 949 967 950
f 950 967 968
f 950 968 951
f 951 968 969
f 951 969 952
f 952 969 970
f 952 970 953
f 953 970 971
f 953 971 954
f 954 971 972
f 954 972 828
f 955 809 973
f 955 973 956
f 956 973 974
f 956 974 957
f 957 974 975
f 957 975 958
f 958 975 976
f 958 976 959
f 959 976 977
f 959 977 960
f 960 977 978
f 960 978 961
f 961 978 979
f 961 979 962
f 962 979 980
f 962 980 963
f 963 980 981
f 963 981 964
f 964 981 982
f 964 982 965
f 965 982 983
f 965 983 966
f 966 983 984
f 966 984 967
f 967 984 985
f 967 985 968
f 968 985 986
f 968 986 969
f 969 986 987
f 969 987 970
f 970 987 988
f 970 988 971
f 971 988 989
f 971 989 972
f 972 989 990
f 972 990 828
f 973 809 991
f 973 991 974
f 974 991 992
f 974 992 975
f 975 992 993
f 975 993 976
f 976 993 994
f 976 994 977
f 977 994 995
f 977 995 978
f 978 995 996
f 978 996 979
f 979 996 997
f 979 997 980
f 980 997 998
f 980 998 981
f 981 998 999
f 981 999 982
f 982 999 1000
f 982 1000 983
f 983 1000 1001
f 983 1001 984
f 984 1001 1002
f 984 1002 985
f 985 1002 1003
f 985 1003 986
f 986 1003 1004
f 986 1004 987
f 987 1004 1005
f 987 1005 988
f 988 1005 1006
f 988 1006 989
f 989 1006 1007
f 989 1007 990
f 990 1007 1008
f 990 1008 828
f 991 809 1009
f 991 1009 992
f 992 1009 1010
f 992 1010 993
f 993 1010 1011
f 993 1011 994
f 994 1011 1012
f 994 1012 995
f 995 1012 1013
f 995 1013 996
f 996 1013 1014
f 996 1014 997
f 997 1014 1015
f 997 1015 998
f 998 1015 1016
f 998 1016 999
f 999 1016 1017
f 999 1017 1000
f 1000 1017 1018
f 1000 1018 1001
f 1001 1018 1019
f 1001 1019 1002
f 1002 1019 1020
f 1002 1020 1003
f 1003 1020 1021
f 1003 1021 1004
f 1004 1021 1022
f 1004 1022 1005
f 1005 1022 1023
f 1005 1023 1006
f 1006 1023 1024
f 1006 1024 1007
f 1007 1024 1025
f 1007 1025 1008
f 1008 1025 1026
f 1008 1026 828
f 1009 809 1027
f 1009 1027 1010
f 1010 1027 1028
f 1010 1028 1011
f 1011 1028 1029
f 1011 1029 1012
f 1012 1029 1030
f 1012 1030 1013
f 1013 1030 1031
f 1013 1031 1014
f 1014 1031 1032
f 1014 1032 1015
f 1015 1032 1033
f 1015 1033 1016
f 1016 1033 1034
f 1016 1034 1017
f 1017 1034 1035
f 1017 1035 1018
f 1018 1035 1036
f 1018 1036 1019
f 1019 1036 1037
f 1019 1037 1020
f 1020 1037 1038
f 1020 1038 1021
f 1021 1038 1039
f 1021 1039 1022
f 1022 1039 1040
f 1022 1040 1023
f 1023 1040 1041
f 1023 1041 1024
f 1024 1041 1042
f 1024 1042 1025
f 1025 1042 1043
f 1025 1043 1026
f 1026 1043 1044
f 1026 1044 828
f 1027 809 1045
f 1027 1045 1028
f 1028 1045 1046
f 1028 1046 1029
f 1029 1046 1047
f 1029 1047 1030
f 1030 1047 1048
f 1030 1048 1031
f 1031 1048 1049
f 1031 1049 1032
f 1032 1049 1050
f 1032 1050 1033
f 1033 1050 1051
f 1033 1051 1034
f 1034 1051 1052
f 1034 1052 1035
f 1035 1052 1053
f 1035 1053 1036
f 1036 1053 1054
f 1036 1054 1037
f 1037 1054 1055
f 1037 1055 1038
f 1038 1055 1056
f 1038 1056 1039
f 1039 1056 1057
f 1039 1057 1040
f 1040 1057 1058
f 1040 1058 1041
f 1041 1058 1059
f 1041 1059 1042
f 1042 1059 1060
f 1042 1060 1043
f 1043 1060 1061
f 1043 1061 1044
f 1044 1061 1062
f 1044 1062 828
f 1045 809 1063
f 1045 1063 1046
f 1046 1063 1064
f 1046 1064 1047
f 1047 1064 1065
f 1047 1065 1048
f 1048 1065 1066
f 1048 1066 1049
f 1049 1066 1067
f 1049 1067 1050
f 1050 1067 1068
f 1050 1068 1051
f 1051 1068 1069
f 1051 1069 1052
f 1052 1069 1070
f 1052 1070 1053
f 1053 1070 1071
f 1053 1071 1054
f 1054 1071 1072
f 1054 1072 1055
f 1055 1072 1073
f 1055 1073 1056
f 1056 1073 1074
f 1056 1074 1057
f 1057 1074 1075
f 1057 1075 1058
f 1058 1075 1076
f 1058 1076 1059
f 1059 1076 1077
f 1059 1077 1060
f 1060 1077 1078
f 1060 1078 1061
f 1061 1078 1079
f 1061 1079 1062
f 1062 1079 1080
f 1062 1080 828
f 1063 809 1081
f 1063 1081 1064
f 1064 1081 1082
f 1064 1082 1065
f 1065 1082 1083
f 1065 1083 1066
f 1066 1083 1084
f 1066 1084 1067
f 1067 1084 1085
f 1067 1085 1068
f 1068 1085 1086
f 1068 1086 1069
f 1069 1086 1087
f 1069 1087 1070
f 1070 1087 1088
f 1070 1088 1071
f 1071 1088 1089
f 1071 1089 1072
f 1072 1089 1090
f 1072 1090 1073
f 1073 1090 1091
f 1073 1091 1074
f 1074 1091 1092
f 1074 1092 1075
f 1075 1092 1093
f 1075 1093 1076
f 1076 1093 1094
f 1076 1094 1077
f 1077 1094 1095
f 1077 1095 1078
f 1078 1095 1096
f 1078 1096 1079
f 1079 1096 1097
f 1079 1097 1080
f 1080 1097 1098
f 1080 1098 828
f 1081 809 1099
f 1081 1099 1082
f 1082 1099 1100
f 1082 1100 1083
f 1083 1100 1101
f 1083 1101 1084
f 1084 1101 1102
f 1084 1102 1085
f 1085 1102 1103
f 1085 1103 1086
f 1086 1103 1104
f 1086 1104 1087
f 1087 1104 1105
f 1087 1105 1088
f 1088 1105 1106
f 1088 1106 1089
f 1089 1106 1107
f 1089 1107 1090
f 1090 1107 1108
f 1090 1108 1091
f 1091 1108 1109
f 1091 1109 1092
f 1092 1109 1110
f 1092 1110 1093
f 1093 1110 1111
f 1093 1111 1094
f 1094 1111 1112
f 1094 1112 1095
f 1095 1112 1113
f 1095 1113 1096
f 1096 1113 1114
f 1096 1114 1097
f 1097 1114 1115
f 1097 1115 1098
f 1098 1115 1116
f 1098 1116 828
f 1099 809 1117
f 1099 1117 1100
f 1100 1117 1118
f 1100 1118 1101
f 1101 1118 1119
f 1101 1119 1102
f 1102 1119 1120
f 1102 1120 1103
f 1103 1120 1121
f 1103 1121 1104
f 1104 1121 1122
f 1104 1122 1105
f 1105 1122 1123
f 1105 1123 1106
f 1106 1123 1124
f 1106 1124 1107
f 1107 1124 1125
f 1107 1125 1108
f 1108 1125 1126
f 1108 1126 1109
f 1109 1126 1127
f 1109 1127 1110
f 1110 1127 1128
f 1110 1128 1111
f 1111 1128 1129
f 1111 1129 1112
f 1112 1129 1130
f 1112 1130 1113
f 1113 1130 1131
f 1113 1131 1114
f 1114 1131 1132
f 1114 1132 1115
f 1115 1132 1133
f 1115 1133 1116
f 1116 1133 1134
f 1116 1134 828
f 1117 809 1135
f 1117 1135 1118
f 1118 1135 1136
f 1118 1136 1119
f 1119 1136 1137
f 1119 1137 1120
f 1120 1137 1138
f 1120 1138 1121
f 1121 1138 1139
f 1121 1139 1122
f 1122 1139 1140
f 1122 1140 1123
f 1123 1140 1141
f 1123 1141 1124
f 1124 1141 1142
f 1124 1142 1125
f 1125 1142 1143
f 1125 1143 1126
f 1126 1143 1144
f 1126 1144 1127
f 1127 1144 1145
f 1127 1145 1128
f 1128 1145 1146
f 1128 1146 1129
f 1129 1146 1147
f 1129 1147 1130
f 1130 1147 1148
f 1130 1148 1131
f 1131 1148 1149
f 1131 1149 1132
f 1132 1149 1150
f 1132 1150 1133
f 1133 1150 1151
f 1133 1151 1134
f 1134 1151 1152
f 1134 1152 828
f 1135 809 1153
f 1135 1153 1136
f 1136 1153 1154
f 1136 1154 1137
f 1137 1154 1155
f 1137 1155 1138
f 1138 1155 1156
f 1138 1156 1139
f 1139 1156 1157
f 1139 1157 1140
f 1140 1157 1158
f 1140 1158 1141
f 1141 1158 1159
f 1141 1159 1142
f 1142 1159 1160
f 1142 1160 1143
f 1143 1160 1161
f 1143 1161 1144
f 1144 1161 1162
f 1144 1162 1145
f 1145 1162 1163
f 1145 1163 1146
f 1146 1163 1164
f 1146 1164 1147
f 1147 1164 1165
f 1147 1165 1148
f 1148 1165 1166
f 1148 1166 1149
f 1149 1166 1167
f 1149 1167 1150
f 1150 1167 1168
f 1150 1168 1151
f 1151 1168 1169
f 1151 1169 1152
f 1152 1169 1170
f 1152 1170 828
f 1153 809 810
f 1153 810 1154
f 1154 810 811
f 1154 811 1155
f 1155 811 812
f 1155 812 1156
f 1156 812 813
f 1156 813 1157
f 1157 813 814
f 1157 814 1158
f 1158 814 815
f 1158 815 1159
f 1159 815 816
f 1159 816 1160
f 1160 816 817
f 1160 817 1161
f 1161 817 818
f 1161 818 1162
f 1162 818 819
f 1162 819 1163
f 1163 819 820
f 1163 820 1164
f 1164 820 821
f 1164 821 1165
f 1165 821 822
f 1165 822 1166
f 1166 822 823
f 1166 823 1167
f 1167 823 824
f 1167 824 1168
f 1168 824 825
f 1168 825 1169
f 1169 825 826
f 1169 826 1170
f 1170 826 827
f 1170 827 828
f 1172 1171 1191
f 1172 1191 1173
f 1173 1191 1192
f 1173 1192 1174
f 1174 1192 1193
f 1174 1193 1175
f 1175 1193 1194
f 1175 1194 1176
f 1176 1194 1195
f 1176 1195 1177
f 1177 1195 1196
f 1177 1196 1178
f 1178 1196 1197
f 1178 1197 1179
f 1179 1197 1198
f 1179 1198 1180
f 1180 1198 1199
f 1180 1199 1181
f 1181 1199 1200
f 1181 1200 1182
f 1182 1200 1201
f 1182 1201 1183
f 1183 1201 1202
f 1183 1202 1184
f 1184 1202 1203
f 1184 1203 1185
f 1185 1203 1204
f 1185 1204 1186
f 1186 1204 1205
f 1186 1205 1187
f 1187 1205 1206
f 1187 1206 1188
f 1188 1206 1207
f 1188 1207 1189
f 1189 1207 1208
f 1189 1208 1190
f 1191 1171 1209
f 1191 1209 1192
f 1192 1209 1210
f 1192 1210 1193
f 1193 1210 1211
f 1193 1211 1194
f 1194 1211 1212
f 1194 1212 1195
f 1195 1212 1213
f 1195 1213 1196
f 1196 1213 1214
f 1196 1214 1197
f 1197 1214 1215
f 1197 1215 1198
f 1198 1215 1216
f 1198 1216 1199
f 1199 1216 1217
f 1199 1217 1200
f 1200 1217 1218
f 1200 1218 1201
f 1201 1218 1219
f 1201 1219 1202
f 1202 1219 1220
f 1202 1220 1203
f 1203 1220 1221
f 1203 1221 1204
f 1204 1221 1222
f 1204 1222 1205
f 1205 1222 1223
f 1205 1223 1206
f 1206 1223 1224
f 1206 1224 1207
f 1207 1224 1225
f 1207 1225 1208
f 1208 1225 1226
f 1208 1226 1190
f 1209 1171 1227
f 1209 1227 1210
f 1210 1227 1228
f 1210 1228 1211
f 1211 1228 1229
f 1211 1229 1212
f 1212 1229 1230
f 1212 1230 1213
f 1213 1230 1231
f 1213 1231 1214
f 1214 1231 1232
f 1214 1232 1215
f 1215 1232 1233
f 1215 1233 1216
f 1216 1233 1234
f 1216 1234 1217
f 1217 1234 1235
f 1217 1235 1218
f 1218 1235 1236
f 1218 1236 1219
f 1219 1236 1237
f 1219 1237 1220
f 1220 1237 1238
f 1220 1238 1221
f 1221 1238 1239
f 1221 1239 1222
f 1222 1239 1240
f 1222 1240 1223
f 1223 1240 1241
f 1223 1241 1224
f 1224 1241 1242
f 1224 1242 1225
f 1225 1242 1243
f 1225 1243 1226
f 1226 1243 1244
f 1226 1244 1190
f 1227 1171 1245
f 1227 1245 1228
f 1228 1245 1246
f 1228 1246 1229
f 1229 1246 1247
f 1229 1247 1230
f 1230 1247 1248
f 1230 1248 1231
f 1231 1248 1249
f 1231 1249 1232
f 1232 1249 1250
f 1232 1250 1233
f 1233 1250 1251
f 1233 1251 1234
f 1234 1251 1252
f 1234 1252 1235
f 1235 1252 1253
f 1235 1253 1236
f 1236 1253 1254
f 1236 1254 1237
f 1237 1254 1255
f 1237 1255 1238
f 1238 1255 1256
f 1238 1256 1239
f 1239 1256 1257
f 1239 1257 1240
f 1240 1257 1258
f 1240 1258 1241
f 1241 1258 1259
f 1241 1259 1242
f 1242 1259 1260
f 1242 1260 1243
f 1243 1260 1261
f 1243 1261 1244
f 1244 1261 1262
f 1244 1262 1190
f 1245 1171 1263
f 1245 1263 1246
f 1246 1263 1264
f 1246 1264 1247
f 1247 1264 1265
f 1247 1265 1248
f 1248 1265 1266
f 1248 1266 1249
f 1249 1266 1267
f 1249 1267 1250
f 1250 1267 1268
f 1250 1268 1251
f 1251 1268 1269
f 1251 1269 1252
f 1252 1269 1270
f 1252 1270 1253
f 1253 1270 1271
f 1253 1271 1254
f 1254 1271 1272
f 1254 1272 1255
f 1255 1272 1273
f 1255 1273 1256
f 1256 1273 1274
f 1256 1274 1257
f 1257 1274 1275
f 1257 1275 1258
f 1258 1275 1276
f 1258 1276 1259
f 1259 1276 1277
f 1259 1277 1260
f 1260 1277 1278
f 1260 1278 1261
f 1261 1278 1279
f 1261 1279 1262
f 1262 1279 1280
f 1262 1280 1190
f 1263 1171 1281
f 1263 1281 1264
f 1264 1281 1282
f 1264 1282 1265
f 1265 1282 1283
f 1265 1283 1266
f 1266 1283 1284
f 1266 1284 1267
f 1267 1284 1285
f 1267 1285 1268
f 1268 1285 1286
f 1268 1286 1269
f 1269 1286 1287
f 1269 1287 1270
f 1270 1287 1288
f 1270 1288 1271
f 1271 1288 1289
f 1271 1289 1272
f 1272 1289 1290
f 1272 1290 1273
f 1273 1290 1291
f 1273 1291 1274
f 1274 1291 1292
f 1274 1292 1275
f 1275 1292 1293
f 1275 1293 1276
f 1276 1293 1294
f 1276 1294 1277
f 1277 1294 1295
f 1277 1295 1278
f 1278 1295 1296
f 1278 1296 1279
f 1279 1296 1297
f 1279 1297 1280
f 1280 1297 1298
f 1280 1298 1190
f 1281 1171 1299
f 1281 1299 1282
f 1282 1299 1300
f 1282 1300 1283
f 1283 1300 1301
f 1283 1301 1284
f 1284 1301 1302
f 1284 1302 1285
f 1285 1302 1303
f 1285 1303 1286
f 1286 1303 1304
f 1286 1304 1287
f 1287 1304 1305
f 1287 1305 1288
f 1288 1305 1306
f 1288 1306 1289
f 1289 1306 1307
f 1289 1307 1290
f 1290 1307 1308
f 1290 1308 1291
f 1291 1308 1309
f 1291 1309 1292
f 1292 1309 1310
f 1292 1310 1293
f 1293 1310 1311
f 1293 1311 1294
f 1294 1311 1312
f 1294 1312 1295
f 1295 1312 1313
f 1295 1313 1296
f 1296 1313 1314
f 1296 1314 1297
f 1297 1314 1315
f 1297 1315 1298
f 1298 1315 1316
f 1298 1316 1190
f 1299 1171 1317
f 1299 1317 1300
f 1300 1317 1318
f 1300 1318 1301
f 1301 1318 1319
f 1301 1319 1302
f 1302 1319 1320
f 1302 1320 1303
f 1303 1320 1321
f 1303 1321 1304
f 1304 1321 1322
f 1304 1322 1305
f 1305 1322 1323
f 1305 1323 1306
f 1306 1323 1324
f 1306 1324 1307
f 1307 1324 1325
f 1307 1325 1308
f 1308 1325 1326
f 1308 1326 1309
f 1309 1326 1327
f 1309 1327 1310
f 1310 1327 1328
f 1310 1328 1311
f 1311 1328 1329
f 1311 1329 1312
f 1312 1329 1330
f 1312 1330 1313
f 1313 1330 1331
f 1313 1331 1314
f 1314 1331 1332
f 1314 1332 1315
f 1315 1332 1333
f 1315 1333 1316
f 1316 1333 1334
f 1316 1334 1190
f 1317 1171 1335
f 1317 1335 1318
f 1318 1335 1336
f 1318 1336 1319
f 1319 1336 1337
f 1319 1337 1320
f 1320 1337 1338
f 1320 1338 1321
f 1321 1338 1339
f 1321 1339 1322
f 1322 1339 1340
f 1322 1340 1323
f 1323 1340 1341
f 1323 1341 1324
f 1324 1341 1342
f 1324 1342 1325
f 1325 1342 1343
f 1325 1343 1326
f 1326 1343 1344
f 1326 1344 1327
f 1327 1344 1345
f 1327 1345 1328
f 1328 1345 1346
f 1328 1346 1329
f 1329 1346 1347
f 1329 1347 1330
f 1330 1347 1348
f 1330 1348 1331
f 1331 1348 1349
f 1331 1349 1332
f 1332 1349 1350
f 1332 1350 1333
f 1333 1350 1351
f 1333 1351 1334
f 1334 1351 1352
f 1334 1352 1190
f 1335 1171 1353
f 1335 1353 1336
f 1336 1353 1354
f 1336 1354 1337
f 1337 1354 1355
f 1337 1355 1338
f 1338 1355 1356
f 1338 1356 1339
f 1339 1356 1357
f 1339 1357 1340
f 1340 1357 1358
f 1340 1358 1341
f 1341 1358 1359
f 1341 1359 1342
f 1342 1359 1360
f 1342 1360 1343
f 1343 1360 1361
f 1343 1361 1344
f 1344 1361 1362
f 1344 1362 1345
f 1345 1362 1363
f 1345 1363 1346
f 1346 1363 1364
f 1346 1364 1347
f 1347 1364 1365
f 1347 1365 1348
f 1348 1365 1366
f 1348 1366 1349
f 1349 1366 1367
f 1349 1367 1350
f 1350 1367 1368
f 1350 1368 1351
f 1351 1368 1369
f 1351 1369 1352
f 1352 1369 1370
f 1352 1370 1190
f 1353 1171 1371
f 1353 1371 1354
f 1354 1371 1372
f 1354 1372 1355
f 1355 1372 1373
f 1355 1373 1356
f 1356 1373 1374
f 1356 1374 1357
f 1357 1374 1375
f 1357 1375 1358
f 1358 1375 1376
f 1358 1376 1359
f 1359 1376 1377
f 1359 1377 1360
f 1360 1377 1378
f 1360 1378 1361
f 1361 1378 1379
f 1361 1379 1362
f 1362 1379 1380
f 1362 1380 1363
f 1363 1380 1381
f 1363 1381 1364
f 1364 1381 1382
f 1364 1382 1365
f 1365 1382 1383
f 1365 1383 1366
f 1366 1383 1384
f 1366 1384 1367
f 1367 1384 1385
f 1367 1385 1368
f 1368 1385 1386
f 1368 1386 1369
f 1369 1386 1387
f 1369 1387 1370
f 1370 1387 1388
f 1370 1388 1190
f 1371 1171 1389
f 1371 1389 1372
f 1372 1389 1390
f 1372 1390 1373
f 1373 1390 1391
f 1373 1391 1374
f 1374 1391 1392
f 1374 1392 1375
f 1375 1392 1393
f 1375 1393 1376
f 1376 1393 1394
f 1376 1394 1377
f 1377 1394 1395
f 1377 1395 1378
f 1378 1395 1396
f 1378 1396 1379
f 1379 1396 1397
f 1379 1397 1380
f 1380 1397 1398
f 1380 1398 1381
f 1381 1398 1399
f 1381 1399 1382
f 1382 1399 1400
f 1382 1400 1383
f 1383 1400 1401
f 1383 1401 1384
f 1384 1401 1402
f 1384 1402 1385
f 1385 1402 1403
f 1385 1403 1386
f 1386 1403 1404
f 1386 1404 1387
f 1387 1404 1405
f 1387 1405 1388
f 1388 1405 1406
f 1388 1406 1190
f 1389 1171 1407
f 1389 1407 1390
f 1390 1407 1408
f 1390 1408 1391
f 1391 1408 1409
f 1391 1409 1392
f 1392 1409 1410
f 1392 1410 1393
f 1393 1410 1411
f 1393 1411 1394
f 1394 1411 1412
f 1394 1412 1395
f 1395 1412 1413
f 1395 1413 1396
f 1396 1413 1414
f 1396 1414 1397
f 1397 1414 1415
f 1397 1415 1398
f 1398 1415 1416
f 1398 1416 1399
f 1399 1416 1417
f 1399 1417 1400
f 1400 1417 1418
f 1400 1418 1401
f 1401 1418 1419
f 1401 1419 1402
f 1402 1419 1420
f 1402 1420 1403
f 1403 1420 1421
f 1403 1421 1404
f 1404 1421 1422
f 1404 1422 1405
f 1405 1422 1423
f 1405 1423 1406
f 1406 1423 1424
f 1406 1424 1190
f 1407 1171 1425
f 1407 1425 1408
f 1408 1425 1426
f 1408 1426 1409
f 1409 1426 1427
f 1409 1427 1410
f 1410 1427 1428
f 1410 1428 1411
f 1411 1428 1429
f 1411 1429 1412
f 1412 1429 1430
f 1412 1430 1413
f 1413 1430 1431
f 1413 1431 1414
f 1414 1431 1432
f 1414 1432 1415
f 1415 1432 1433
f 1415 1433 1416
f 1416 1433 1434
f 1416 1434 1417
f 1417 1434 1435
f 1417 1435 1418
f 1418 1435 1436
f 1418 1436 1419
f 1419 1436 1437
f 1419 1437 1420
f 1420 1437 1438
f 1420 1438 1421
f 1421 1438 1439
f 1421 1439 1422
f 1422 1439 1440
f 1422 1440 1423
f 1423 1440 1441
f 1423 1441 1424
f 1424 1441 1442
f 1424 1442 1190
f 1425 1171 1443
f 1425 1443 1426
f 1426 1443 1444
f 1426 1444 1427
f 1427 1444 1445
f 1427 1445 1428
f 1428 1445 1446
f 1428 1446 1429
f 1429 1446 1447
f 1429 1447 1430
f 1430 1447 1448
f 1430 1448 1431
f 1431 1448 1449
f 1431 1449 1432
f 1432 1449 1450
f 1432 1450 1433
f 1433 1450 1451
f 1433 1451 1434
f 1434 1451 1452
f 1434 1452 1435
f 1435 1452 1453
f 1435 1453 1436
f 1436 1453 1454
f 1436 1454 1437
f 1437 1454 1455
f 1437 1455 1438
f 1438 1455 1456
f 1438 1456 1439
f 1439 1456 1457
f 1439 1457 1440
f 1440 1457 1458
f 1440 1458 1441
f 1441 1458 1459
f 1441 1459 1442
f 1442 1459 1460
f 1442 1460 1190
f 1443 1171 1461
f 1443 1461 1444
f 1444 1461 1462
f 1444 1462 1445
f 1445 1462 1463
f 1445 1463 1446
f 1446 1463 1464
f 1446 1464 1447
f 1447 1464 1465
f 1447 1465 1448
f 1448 1465 1466
f 1448 1466 1449
f 1449 1466 1467
f 1449 1467 1450
f 1450 1467 1468
f 1450 1468 1451
f 1451 1468 1469
f 1451 1469 1452
f 1452 1469 1470
f 1452 1470 1453
f 1453 1470 1471
f 1453 1471 1454
f 1454 1471 1472
f 1454 1472 1455
f 1455 1472 1473
f 1455 1473 1456
f 1456 1473 1474
f 1456 1474 1457
f 1457 1474 1475
f 1457 1475 1458
f 1458 1475 1476
f 1458 1476 1459
f 1459 1476 1477
f 1459 1477 1460
f 1460 1477 1478
f 1460 1478 1190
f 1461 1171 1479
f 1461 1479 1462
f 1462 1479 1480
f 1462 1480 1463
f 1463 1480 1481
f 1463 1481 1464
f 1464 1481 1482
f 1464 1482 1465
f 1465 1482 1483
f 1465 1483 1466
f 1466 1483 1484
f 1466 1484 1467
f 1467 1484 1485
f 1467 1485 1468
f 1468 1485 1486
f 1468 1486 1469
f 1469 1486 1487
f 1469 1487 1470
f 1470 1487 1488
f 1470 1488 1471
f 1471 1488 1489
f 1471 1489 1472
f 1472 1489 1490
f 1472 1490 1473
f 1473 1490 1491
f 1473 1491 1474
f 1474 1491 1492
f 1474 1492 1475
f 1475 1492 1493
f 1475 1493 1476
f 1476 1493 1494
f 1476 1494 1477
f 1477 1494 1495
f 1477 1495 1478
f 1478 1495 1496
f 1478 1496 1190
f 1479 1171 1497
f 1479 1497 1480
f 1480 1497 1498
f 1480 1498 1481
f 1481 1498 1499
f 1481 1499 1482
f 1482 1499 1500
f 1482 1500 1483
f 1483 1500 1501
f 1483 1501 1484
f 1484 1501 1502
f 1484 1502 1485
f 1485 1502 1503
f 1485 1503 1486
f 1486 1503 1504
f 1486 1504 1487
f 1487 1504 1505
f 1487 1505 1488
f 1488 1505 1506
f 1488 1506 1489
f 1489 1506 1507
f 1489 1507 1490
f 1490 1507 1508
f 1490 1508 1491
f 1491 1508 1509
f 1491 1509 1492
f 1492 1509 1510
f 1492 1510 1493
f 1493 1510 1511
f 1493 1511 1494
f 1494 1511 1512
f 1494 1512 1495
f 1495 1512 1513
f 1495 1513 1496
f 1496 1513 1514
f 1496 1514 1190
f 1497 1171 1515
f 1497 1515 1498
f 1498 1515 1516
f 1498 1516 1499
f 1499 1516 1517
f 1499 1517 1500
f 1500 1517 1518
f 1500 1518 1501
f 1501 1518 1519
f 1501 1519 1502
f 1502 1519 1520
f 1502 1520 1503
f 1503 1520 1521
f 1503 1521 1504
f 1504 1521 1522
f 1504 1522 1505
f 1505 1522 1523
f 1505 1523 1506
f 1506 1523 1524
f 1506 1524 1507
f 1507 1524 1525
f 1507 1525 1508
f 1508 1525 1526
f 1508 1526 1509
f 1509 1526 1527
f 1509 1527 1510
f 1510 1527 1528
f 1510 1528 1511
f 1511 1528 1529
f 1511 1529 1512
f 1512 1529 1530
f 1512 1530 1513
f 1513 1530 1531
f 1513 1531 1514
f 1514 1531 1532
f 1514 1532 1190
f 1515 1171 1172
f 1515 1172 1516
f 1516 1172 1173
f 1516 1173 1517
f 1517 1173 1174
f 1517 1174 1518
f 1518 1174 1175
f 1518 1175 1519
f 1519 1175 1176
f 1519 1176 1520
f 1520 1176 1177
f 1520 1177 1521
f 1521 1177 1178
f 1521 1178 1522
f 1522 1178 1179
f 1522 1179 1523
f 1523 1179 1180
f 1523 1180 1524
f 1524 1180 1181
f 1524 1181 1525
f 1525 1181 1182
f 1525 1182 1526
f 1526 1182 1183
f 1526 1183 1527
f 1527 1183 1184
f 1527 1184 1528
f 1528 1184 1185
f 1528 1185 1529
f 1529 1185 1186
f 1529 1186 1530
f 1530 1186 1187
f 1530 1187 1531
f 1531 1187 1188
f 1531 1188 1532
f 1532 1188 1189
f 1532 1189 1190
f 1534 1533 1557
f 1534 1557 1535
f 1535 1557 1558
f 1535 1558 1536
f 1536 1558 1559
f 1536 1559 1537
f 1537 1559 1560
f 1537 1560 1538
f 1538 1560 1561
f 1538 1561 1539
f 1539 1561 1562
f 1539 1562 1540
f 1540 1562 1563
f 1540 1563 1541
f 1541 1563 1564
f 1541 1564 1542
f 1542 1564 1565
f 1542 1565 1543
f 1543 1565 1566
f 1543 1566 1544
f 1544 1566 1567
f 1544 1567 1545
f 1545 1567 1568
f 1545 1568 1546
f 1546 1568 1569
f 1546 1569 1547
f 1547 1569 1570
f 1547 1570 1548
f 1548 1570 1571
f 1548 1571 1549
f 1549 1571 1572
f 1549 1572 1550
f 1550 1572 1573
f 1550 1573 1551
f 1551 1573 1574
f 1551 1574 1552
f 1552 1574 1575
f 1552 1575 1553
f 1553 1575 1576
f 1553 1576 1554
f 1554 1576 1577
f 1554 1577 1555
f 1555 1577 1578
f 1555 1578 1556
f 1557 1533 1579
f 1557 1579 1558
f 1558 1579 1580
f 1558 1580 1559
f 1559 1580 1581
f 1559 1581 1560
f 1560 1581 1582
f 1560 1582 1561
f 1561 1582 1583
f 1561 1583 1562
f 1562 1583 1584
f 1562 1584 1563
f 1563 1584 1585
f 1563 1585 1564
f 1564 1585 1586
f 1564 1586 1565
f 1565 1586 1587
f 1565 1587 1566
f 1566 1587 1588
f 1566 1588 1567
f 1567 1588 1589
f 1567 1589 1568
f 1568 1589 1590
f 1568 1590 1569
f 1569 1590 1591
f 1569 1591 1570
f 1570 1591 1592
f 1570 1592 1571
f 1571 1592 1593
f 1571 1593 1572
f 1572 1593 1594
f 1572 1594 1573
f 1573 1594 1595
f 1573 1595 1574
f 1574 1595 1596
f 1574 1596 1575
f 1575 1596 1597
f 1575 1597 1576
f 1576 1597 1598
f 1576 1598 1577
f 1577 1598 1599
f 1577 1599 1578
f 1578 1599 1600
f 1578 1600 1556
f 1579 1533 1601
f 1579 1601 1580
f 1580 1601 1602
f 1580 1602 1581
f 1581 1602 1603
f 1581 1603 1582
f 1582 1603 1604
f 1582 1604 1583
f 1583 1604 1605
f 1583 1605 1584
f 1584 1605 1606
f 1584 1606 1585
f 1585 1606 1607
f 1585 1607 1586
f 1586 1607 1608
f 1586 1608 1587
f 1587 1608 1609
f 1587 1609 1588
f 1588 1609 1610
f 1588 1610 1589
f 1589 1610 1611
f 1589 1611 1590
f 1590 1611 1612
f 1590 1612 1591
f 1591 1612 1613
f 1591 1613 1592
f 1592 1613 1614
f 1592 1614 1593
f 1593 1614 1615
f 1593 1615 1594
f 1594 1615 1616
f 1594 1616 1595
f 1595 1616 1617
f 1595 1617 1596
f 1596 1617 1618
f 1596 1618 1597
f 1597 1618 1619
f 1597 1619 1598
f 1598 1619 1620
f 1598 1620 1599
f 1599 1620 1621
f 1599 1621 1600
f 1600 1621 1622
f 1600 1622 1556
f 1601 1533 1623
f 1601 1623 1602
f 1602 1623 1624
f 1602 1624 1603
f 1603 1624 1625
f 1603 1625 1604
f 1604 1625 1626
f 1604 1626 1605
f 1605 1626 1627
f 1605 1627 1606
f 1606 1627 1628
f 1606 1628 1607
f 1607 1628 1629
f 1607 1629 1608
f 1608 1629 1630
f 1608 1630 1609
f 1609 1630 1631
f 1609 1631 1610
f 1610 1631 1632
f 1610 1632 1611
f 1611 1632 1633
f 1611 1633 1612
f 1612 1633 1634
f 1612 1634 1613
f 1613 1634 1635
f 1613 1635 1614
f 1614 1635 1636
f 1614 1636 1615
f 1615 1636 1637
f 1615 1637 1616
f 1616 1637 1638
f 1616 1638 1617
f 1617 1638 1639
f 1617 1639 1618
f 1618 1639 1640
f 1618 1640 1619
f 1619 1640 1641
f 1619 1641 1620
f 1620 1641 1642
f 1620 1642 1621
f 1621 1642 1643
f 1621 1643 1622
f 1622 1643 1644
f 1622 1644 1556
f 1623 1533 1645
f 1623 1645 1624
f 1624 1645 1646
f 1624 1646 1625
f 1625 1646 1647
f 1625 1647 1626
f 1626 1647 1648
f 1626 1648 1627
f 1627 1648 1649
f 1627 1649 1628
f 1628 1649 1650
f 1628 1650 1629
f 1629 1650 1651
f 1629 1651 1630
f 1630 1651 1652
f 1630 1652 1631
f 1631 1652 1653
f 1631 1653 1632
f 1632 1653 1654
f 1632 1654 1633
f 1633 1654 1655
f 1633 1655 1634
f 1634 1655 1656
f 1634 1656 1635
f 1635 1656 1657
f 1635 1657 1636
f 1636 1657 1658
f 1636 1658 1637
f 1637 1658 1659
f 1637 1659 1638
f 1638 1659 1660
f 1638 1660 1639
f 1639 1660 1661
f 1639 1661 1640
f 1640 1661 1662
f 1640 1662 1641
f 1641 1662 1663
f 1641 1663 1642
f 1642 1663 1664
f 1642 1664 1643
f 1643 1664 1665
f 1643 1665 1644
f 1644 1665 1666
f 1644 1666 1556
f 1645 1533 1667
f 1645 1667 1646
f 1646 1667 1668
f 1646 1668 1647
f 1647 1668 1669
f 1647 1669 1648
f 1648 1669 1670
f 1648 1670 1649
f 1649 1670 1671
f 1649 1671 1650
f 1650 1671 1672
f 1650 1672 1651
f 1651 1672 1673
f 1651 1673 1652
f 1652 1673 1674
f 1652 1674 1653
f 1653 1674 1675
f 1653 1675 1654
f 1654 1675 1676
f 1654 1676 1655
f 1655 1676 1677
f 1655 1677 1656
f 1656 1677 1678
f 1656 1678 1657
f 1657 1678 1679
f 1657 1679 1658
f 1658 1679 1680
f 1658 1680 1659
f 1659 1680 1681
f 1659 1681 1660
f 1660 1681 1682
f 1660 1682 1661
f 1661 1682 1683
f 1661 1683 1662
f 1662 1683 1684
f 1662 1684 1663
f 1663 1684 1685
f 1663 1685 1664
f 1664 1685 1686
f 1664 1686 1665
f 1665 1686 1687
f 1665 1687 1666
f 1666 1687 1688
f 1666 1688 1556
f 1667 1533 1689
f 1667 1689 1668
f 1668 1689 1690
f 1668 1690 1669
f 1669 1690 1691
f 1669 1691 1670
f 1670 1691 1692
f 1670 1692 1671
f 1671 1692 1693
f 1671 1693 1672
f 1672 1693 1694
f 1672 1694 1673
f 1673 1694 1695
f 1673 1695 1674
f 1674 1695 1696
f 1674 1696 1675
f 1675 1696 1697
f 1675 1697 1676
f 1676 1697 1698
f 1676 1698 1677
f 1677 1698 1699
f 1677 1699 1678
f 1678 1699 1700
f 1678 1700 1679
f 1679 1700 1701
f 1679 1701 1680
f 1680 1701 1702
f 1680 1702 1681
f 1681 1702 1703
f 1681 1703 1682
f 1682 1703 1704
f 1682 1704 1683
f 1683 1704 1705
f 1683 1705 1684
f 1684 1705 1706
f 1684 1706 1685
f 1685 1706 1707
f 1685 1707 1686
f 1686 1707 1708
f 1686 1708 1687
f 1687 1708 1709
f 1687 1709 1688
f 1688 1709 1710
f 1688 1710 1556
f 1689 1533 1711
f 1689 1711 1690
f 1690 1711 1712
f 1690 1712 1691
f 1691 1712 1713
f 1691 1713 1692
f 1692 1713 1714
f 1692 1714 1693
f 1693 1714 1715
f 1693 1715 1694
f 1694 1715 1716
f 1694 1716 1695
f 1695 1716 1717
f 1695 1717 1696
f 1696 1717 1718
f 1696 1718 1697
f 1697 1718 1719
f 1697 1719 1698
f 1698 1719 1720
f 1698 1720 1699
f 1699 1720 1721
f 1699 1721 1700
f 1700 1721 1722
f 1700 1722 1701
f 1701 1722 1723
f 1701 1723 1702
f 1702 1723 1724
f 1702 1724 1703
f 1703 1724 1725
f 1703 1725 1704
f 1704 1725 1726
f 1704 1726 1705
f 1705 1726 1727
f 1705 1727 1706
f 1706 1727 1728
f 1706 1728 1707
f 1707 1728 1729
f 1707 1729 1708
f 1708 1729 1730
f 1708 1730 1709
f 1709 1730 1731
f 1709 1731 1710
f 1710 1731 1732
f 1710 1732 1556
f 1711 1533 1733
f 1711 1733 1712
f 1712 1733 1734
f 1712 1734 1713
f 1713 1734 1735
f 1713 1735 1714
f 1714 1735 1736
f 1714 1736 1715
f 1715 1736 1737
f 1715 1737 1716
f 1716 1737 1738
f 1716 1738 1717
f 1717 1738 1739
f 1717 1739 1718
f 1718 1739 1740
f 1718 1740 1719
f 1719 1740 1741
f 1719 1741 1720
f 1720 1741 1742
f 1720 1742 1721
f 1721 1742 1743
f 1721 1743 1722
f 1722 1743 1744
f 1722 1744 1723
f 1723 1744 1745
f 1723 1745 1724
f 1724 1745 1746
f 1724 1746 1725
f 1725 1746 1747
f 1725 1747 1726
f 1726 1747 1748
f 1726 1748 1727
f 1727 1748 1749
f 1727 1749 1728
f 1728 1749 1750
f 1728 1750 1729
f 1729 1750 1751
f 1729 1751 1730
f 1730 1751 1752
f 1730 1752 1731
f 1731 1752 1753
f 1731 1753 1732
f 1732 1753 1754
f 1732 1754 1556
f 1733 1533 1755
f 1733 1755 1734
f 1734 1755 1756
f 1734 1756 1735
f 1735 1756 1757
f 1735 1757 1736
f 1736 1757 1758
f 1736 1758 1737
f 1737 1758 1759
f 1737 1759 1738
f 1738 1759 1760
f 1738 1760 1739
f 1739 1760 1761
f 1739 1761 1740
f 1740 1761 1762
f 1740 1762 1741
f 1741 1762 1763
f 1741 1763 1742
f 1742 1763 1764
f 1742 1764 1743
f 1743 1764 1765
f 1743 1765 1744
f 1744 1765 1766
f 1744 1766 1745
f 1745 1766 1767
f 1745 1767 1746
f 1746 1767 1768
f 1746 1768 1747
f 1747 1768 1769
f 1747 1769 1748
f 1748 1769 1770
f 1748 1770 1749
f 1749 1770 1771
f 1749 1771 1750
f 1750 1771 1772
f 1750 1772 1751
f 1751 1772 1773
f 1751 1773 1752
f 1752 1773 1774
f 1752 1774 1753
f 1753 1774 1775
f 1753 1775 1754
f 1754 1775 1776
f 1754 1776 1556
f 1755 1533 1777
f 1755 1777 1756
f 1756 1777 1778
f 1756 1778 1757
f 1757 1778 1779
f 1757 1779 1758
f 1758 1779 1780
f 1758 1780 1759
f 1759 1780 1781
f 1759 1781 1760
f 1760 1781 1782
f 1760 1782 1761
f 1761 1782 1783
f 1761 1783 1762
f 1762 1783 1784
f 1762 1784 1763
f 1763 1784 1785
f 1763 1785 1764
f 1764 1785 1786
f 1764 1786 1765
f 1765 1786 1787
f 1765 1787 1766
f 1766 1787 1788
f 1766 1788 1767
f 1767 1788 1789
f 1767 1789 1768
f 1768 1789 1790
f 1768 1790 1769
f 1769 1790 1791
f 1769 1791 1770
f 1770 1791 1792
f 1770 1792 1771
f 1771 1792 1793
f 1771 1793 1772
f 1772 1793 1794
f 1772 1794 1773
f 1773 1794 1795
f 1773 1795 1774
f 1774 1795 1796
f 1774 1796 1775
f 1775 1796 1797
f 1775 1797 1776
f 1776 1797 1798
f 1776 1798 1556
f 1777 1533 1799
f 1777 1799 1778
f 1778 1799 1800
f 1778 1800 1779
f 1779 1800 1801
f 1779 1801 1780
f 1780 1801 1802
f 1780 1802 1781
f 1781 1802 1803
f 1781 1803 1782
f 1782 1803 1804
f 1782 1804 1783
f 1783 1804 1805
f 1783 1805 1784
f 1784 1805 1806
f 1784 1806 1785
f 1785 1806 1807
f 1785 1807 1786
f 1786 1807 1808
f 1786 1808 1787
f 1787 1808 1809
f 1787 1809 1788
f 1788 1809 1810
f 1788 1810 1789
f 1789 1810 1811
f 1789 1811 1790
f 1790 1811 1812
f 1790 1812 1791
f 1791 1812 1813
f 1791 1813 1792
f 1792 1813 1814
f 1792 1814 1793
f 1793 1814 1815
f 1793 1815 1794
f 1794 1815 1816
f 1794 1816 1795
f 1795 1816 1817
f 1795 1817 1796
f 1796 1817 1818
f 1796 1818 1797
f 1797 1818 1819
f 1797 1819 1798
f 1798 1819 1820
f 1798 1820 1556
f 1799 1533 1821
f 1799 1821 1800
f 1800 1821 1822
f 1800 1822 1801
f 1801 1822 1823
f 1801 1823 1802
f 1802 1823 1824
f 1802 1824 1803
f 1803 1824 1825
f 1803 1825 1804
f 1804 1825 1826
f 1804 1826 1805
f 1805 1826 1827
f 1805 1827 1806
f 1806 1827 1828
f 1806 1828 1807
f 1807 1828 1829
f 1807 1829 1808
f 1808 1829 1830
f 1808 1830 1809
f 1809 1830 1831
f 1809 1831 1810
f 1810 1831 1832
f 1810 1832 1811
f 1811 1832 1833
f 1811 1833 1812
f 1812 1833 1834
f 1812 1834 1813
f 1813 1834 1835
f 1813 1835 1814
f 1814 1835 1836
f 1814 1836 1815
f 1815 1836 1837
f 1815 1837 1816
f 1816 1837 1838
f 1816 1838 1817
f 1817 1838 1839
f 1817 1839 1818
f 1818 1839 1840
f 1818 1840 1819
f 1819 1840 1841
f 1819 1841 1820
f 1820 1841 1842
f 1820 1842 1556
f 1821 1533 1843
f 1821 1843 1822
f 1822 1843 1844
f 1822 1844 1823
f 1823 1844 1845
f 1823 1845 1824
f 1824 1845 1846
f 1824 1846 1825
f 1825 1846 1847
f 1825 1847 1826
f 1826 1847 1848
f 1826 1848 1827
f 1827 1848 1849
f 1827 1849 1828
f 1828 1849 1850
f 1828 1850 1829
f 1829 1850 1851
f 1829 1851 1830
f 1830 1851 1852
f 1830 1852 1831
f 1831 1852 1853
f 1831 1853 1832
f 1832 1853 1854
f 1832 1854 1833
f 1833 1854 1855
f 1833 1855 1834
f 1834 1855 1856
f 1834 1856 1835
f 1835 1856 1857
f 1835 1857 1836
f 1836 1857 1858
f 1836 1858 1837
f 1837 1858 1859
f 1837 1859 1838
f 1838 1859 1860
f 1838 1860 1839
f 1839 1860 1861
f 1839 1861 1840
f 1840 1861 1862
f 1840 1862 1841
f 1841 1862 1863
f 1841 1863 1842
f 1842 1863 1864
f 1842 1864 1556
f 1843 1533 1865
f 1843 1865 1844
f 1844 1865 1866
f 1844 1866 1845
f 1845 1866 1867
f 1845 1867 1846
f 1846 1867 1868
f 1846 1868 1847
f 1847 1868 1869
f 1847 1869 1848
f 1848 1869 1870
f 1848 1870 1849
f 1849 1870 1871
f 1849 1871 1850
f 1850 1871 1872
f 1850 1872 1851
f 1851 1872 1873
f 1851 1873 1852
f 1852 1873 1874
f 1852 1874 1853
f 1853 1874 1875
f 1853 1875 1854
f 1854 1875 1876
f 1854 1876 1855
f 1855 1876 1877
f 1855 1877 1856
f 1856 1877 1878
f 1856 1878 1857
f 1857 1878 1879
f 1857 1879 1858
f 1858 1879 1880
f 1858 1880 1859
f 1859 1880 1881
f 1859 1881 1860
f 1860 1881 1882
f 1860 1882 1861
f 1861 1882 1883
f 1861 1883 1862
f 1862 1883 1884
f 1862 1884 1863
f 1863 1884 1885
f 1863 1885 1864
f 1864 1885 1886
f 1864 1886 1556
f 1865 1533 1887
f 1865 1887 1866
f 1866 1887 1888
f 1866 1888 1867
f 1867 1888 1889
f 1867 1889 1868
f 1868 1889 1890
f 1868 1890 1869
f 1869 1890 1891
f 1869 1891 1870
f 1870 1891 1892
f 1870 1892 1871
f 1871 1892 1893
f 1871 1893 1872
f 1872 1893 1894
f 1872 1894 1873
f 1873 1894 1895
f 1873 1895 1874
f 1874 1895 1896
f 1874 1896 1875
f 1875 1896 1897
f 1875 1897 1876
f 1876 1897 1898
f 1876 1898 1877
f 1877 1898 1899
f 1877 1899 1878
f 1878 1899 1900
f 1878 1900 1879
f 1879 1900 1901
f 1879 1901 1880
f 1880 1901 1902
f 1880 1902 1881
f 1881 1902 1903
f 1881 1903 1882
f 1882 1903 1904
f 1882 1904 1883
f 1883 1904 1905
f 1883 1905 1884
f 1884 1905 1906
f 1884 1906 1885
f 1885 1906 1907
f 1885 1907 1886
f 1886 1907 1908
f 1886 1908 1556
f 1887 1533 1909
f 1887 1909 1888
f 1888 1909 1910
f 1888 1910 1889
f 1889 1910 1911
f 1889 1911 1890
f 1890 1911 1912
f 1890 1912 1891
f 1891 1912 1913
f 1891 1913 1892
f 1892 1913 1914
f 1892 1914 1893
f 1893 1914 1915
f 1893 1915 1894
f 1894 1915 1916
f 1894 1916 1895
f 1895 1916 1917
f 1895 1917 1896
f 1896 1917 1918
f 1896 1918 1897
f 1897 1918 1919
f 1897 1919 1898
f 1898 1919 1920
f 1898 1920 1899
f 1899 1920 1921
f 1899 1921 1900
f 1900 1921 1922
f 1900 1922 1901
f 1901 1922 1923
f 1901 1923 1902
f 1902 1923 1924
f 1902 1924 1903
f 1903 1924 1925
f 1903 1925 1904
f 1904 1925 1926
f 1904 1926 1905
f 1905 1926 1927
f 1905 1927 1906
f 1906 1927 1928
f 1906 1928 1907
f 1907 1928 1929
f 1907 1929 1908
f 1908 1929 1930
f 1908 1930 1556
f 1909 1533 1931
f 1909 1931 1910
f 1910 1931 1932
f 1910 1932 1911
f 1911 1932 1933
f 1911 1933 1912
f 1912 1933 1934
f 1912 1934 1913
f 1913 1934 1935
f 1913 1935 1914
f 1914 1935 1936
f 1914 1936 1915
f 1915 1936 1937
f 1915 1937 1916
f 1916 1937 1938
f 1916 1938 1917
f 1917 1938 1939
f 1917 1939 1918
f 1918 1939 1940
f 1918 1940 1919
f 1919 1940 1941
f 1919 1941 1920
f 1920 1941 1942
f 1920 1942 1921
f 1921 1942 1943
f 1921 1943 1922
f 1922 1943 1944
f 1922 1944 1923
f 1923 1944 1945
f 1923 1945 1924
f 1924 1945 1946
f 1924 1946 1925
f 1925 1946 1947
f 1925 1947 1926
f 1926 1947 1948
f 1926 1948 1927
f 1927 1948 1949
f 1927 1949 1928
f 1928 1949 1950
f 1928 1950 1929
f 1929 1950 1951
f 1929 1951 1930
f 1930 1951 1952
f 1930 1952 1556
f 1931 1533 1953
f 1931 1953 1932
f 1932 1953 1954
f 1932 1954 1933
f 1933 1954 1955
f 1933 1955 1934
f 1934 1955 1956
f 1934 1956 1935
f 1935 1956 1957
f 1935 1957 1936
f 1936 1957 1958
f 1936 1958 1937
f 1937 1958 1959
f 1937 1959 1938
f 1938 1959 1960
f 1938 1960 1939
f 1939 1960 1961
f 1939 1961 1940
f 1940 1961 1962
f 1940 1962 1941
f 1941 1962 1963
f 1941 1963 1942
f 1942 1963 1964
f 1942 1964 1943
f 1943 1964 1965
f 1943 1965 1944
f 1944 1965 1966
f 1944 1966 1945
f 1945 1966 1967
f 1945 1967 1946
f 1946 1967 1968
f 1946 1968 1947
f 1947 1968 1969
f 1947 1969 1948
f 1948 1969 1970
f 1948 1970 1949
f 1949 1970 1971
f 1949 1971 1950
f 1950 1971 1972
f 1950 1972 1951
f 1951 1972 1973
f 1951 1973 1952
f 1952 1973 1974
f 1952 1974 1556
f 1953 1533 1975
f 1953 1975 1954
f 1954 1975 1976
f 1954 1976 1955
f 1955 1976 1977
f 1955 1977 1956
f 1956 1977 1978
f 1956 1978 1957
f 1957 1978 1979
f 1957 1979 1958
f 1958 1979 1980
f 1958 1980 1959
f 1959 1980 1981
f 1959 1981 1960
f 1960 1981 1982
f 1960 1982 1961
f 1961 1982 1983
f 1961 1983 1962
f 1962 1983 1984
f 1962 1984 1963
f 1963 1984 1985
f 1963 1985 1964
f 1964 1985 1986
f 1964 1986 1965
f 1965 1986 1987
f 1965 1987 1966
f 1966 1987 1988
f 1966 1988 1967
f 1967 1988 1989
f 1967 1989 1968
f 1968 1989 1990
f 1968 1990 1969
f 1969 1990 1991
f 1969 1991 1970
f 1970 1991 1992
f 1970 1992 1971
f 1971 1992 1993
f 1971 1993 1972
f 1972 1993 1994
f 1972 1994 1973
f 1973 1994 1995
f 1973 1995 1974
f 1974 1995 1996
f 1974 1996 1556
f 1975 1533 1997
f 1975 1997 1976
f 1976 1997 1998
f 1976 1998 1977
f 1977 1998 1999
f 1977 1999 1978
f 1978 1999 2000
f 1978 2000 1979
f 1979 2000 2001
f 1979 2001 1980
f 1980 2001 2002
f 1980 2002 1981
f 1981 2002 2003
f 1981 2003 1982
f 1982 2003 2004
f 1982 2004 1983
f 1983 2004 2005
f 1983 2005 1984
f 1984 2005 2006
f 1984 2006 1985
f 1985 2006 2007
f 1985 2007 1986
f 1986 2007 2008
f 1986 2008 1987
f 1987 2008 2009
f 1987 2009 1988
f 1988 2009 2010
f 1988 2010 1989
f 1989 2010 2011
f 1989 2011 1990
f 1990 2011 2012
f 1990 2012 1991
f 1991 2012 2013
f 1991 2013 1992
f 1992 2013 2014
f 1992 2014 1993
f 1993 2014 2015
f 1993 2015 1994
f 1994 2015 2016
f 1994 2016 1995
f 1995 2016 2017
f 1995 2017 1996
f 1996 2017 2018
f 1996 2018 1556
f 1997 1533 2019
f 1997 2019 1998
f 1998 2019 2020
f 1998 2020 1999
f 1999 2020 2021
f 1999 2021 2000
f 2000 2021 2022
f 2000 2022 2001
f 2001 2022 2023
f 2001 2023 2002
f 2002 2023 2024
f 2002 2024 2003
f 2003 2024 2025
f 2003 2025 2004
f 2004 2025 2026
f 2004 2026 2005
f 2005 2026 2027
f 2005 2027 2006
f 2006 2027 2028
f 2006 2028 2007
f 2007 2028 2029
f 2007 2029 2008
f 2008 2029 2030
f 2008 2030 2009
f 2009 2030 2031
f 2009 2031 2010
f 2010 2031 2032
f 2010 2032 2011
f 2011 2032 2033
f 2011 2033 2012
f 2012 2033 2034
f 2012 2034 2013
f 2013 2034 2035
f 2013 2035 2014
f 2014 2035 2036
f 2014 2036 2015
f 2015 2036 2037
f 2015 2037 2016
f 2016 2037 2038
f 2016 2038 2017
f 2017 2038 2039
f 2017 2039 2018
f 2018 2039 2040
f 2018 2040 1556
f 2019 1533 2041
f 2019 2041 2020
f 2020 2041 2042
f 2020 2042 2021
f 2021 2042 2043
f 2021 2043 2022
f 2022 2043 2044
f 2022 2044 2023
f 2023 2044 2045
f 2023 2045 2024
f 2024 2045 2046
f 2024 2046 2025
f 2025 2046 2047
f 2025 2047 2026
f 2026 2047 2048
f 2026 2048 2027
f 2027 2048 2049
f 2027 2049 2028
f 2028 2049 2050
f 2028 2050 2029
f 2029 2050 2051
f 2029 2051 2030
f 2030 2051 2052
f 2030 2052 2031
f 2031 2052 2053
f 2031 2053 2032
f 2032 2053 2054
f 2032 2054 2033
f 2033 2054 2055
f 2033 2055 2034
f 2034 2055 2056
f 2034 2056 2035
f 2035 2056 2057
f 2035 2057 2036
f 2036 2057 2058
f 2036 2058 2037
f 2037 2058 2059
f 2037 2059 2038
f 2038 2059 2060
f 2038 2060 2039
f 2039 2060 2061
f 2039 2061 2040
f 2040 2061 2062
f 2040 2062 1556
f 2041 1533 1534
f 2041 1534 2042
f 2042 1534 1535
f 2042 1535 2043
f 2043 1535 1536
f 2043 1536 2044
f 2044 1536 1537
f 2044 1537 2045
f 2045 1537 1538
f 2045 1538 2046
f 2046 1538 1539
f 2046 1539 2047
f 2047 1539 1540
f 2047 1540 2048
f 2048 1540 1541
f 2048 1541 2049
f 2049 1541 1542
f 2049 1542 2050
f 2050 1542 1543
f 2050 1543 2051
f 2051 1543 1544
f 2051 1544 2052
f 2052 1544 1545
f 2052 1545 2053
f 2053 1545 1546
f 2053 1546 2054
f 2054 1546 1547
f 2054 1547 2055
f 2055 1547 1548
f 2055 1548 2056
f 2056 1548 1549
f 2056 1549 2057
f 2057 1549 1550
f 2057 1550 2058
f 2058 1550 1551
f 2058 1551 2059
f 2059 1551 1552
f 2059 1552 2060
f 2060 1552 1553
f 2060 1553 2061
f 2061 1553 1554
f 2061 1554 2062
f 2062 1554 1555
f 2062 1555 1556
f 2064 2063 2087
f 2064 2087 2065
f 2065 2087 2088
f 2065 2088 2066
f 2066 2088 2089
f 2066 2089 2067
f 2067 2089 2090
f 2067 2090 2068
f 2068 2090 2091
f 2068 2091 2069
f 2069 2091 2092
f 2069 2092 2070
f 2070 2092 2093
f 2070 2093 2071
f 2071 2093 2094
f 2071 2094 2072
f 2072 2094 2095
f 2072 2095 2073
f 2073 2095 2096
f 2073 2096 2074
f 2074 2096 2097
f 2074 2097 2075
f 2075 2097 2098
f 2075 2098 2076
f 2076 2098 2099
f 2076 2099 2077
f 2077 2099 2100
f 2077 2100 2078
f 2078 2100 2101
f 2078 2101 2079
f 2079 2101 2102
f 2079 2102 2080
f 2080 2102 2103
f 2080 2103 2081
f 2081 2103 2104
f 2081 2104 2082
f 2082 2104 2105
f 2082 2105 2083
f 2083 2105 2106
f 2083 2106 2084
f 2084 2106 2107
f 2084 2107 2085
f 2085 2107 2108
f 2085 2108 2086
f 2087 2063 2109
f 2087 2109 2088
f 2088 2109 2110
f 2088 2110 2089
f 2089 2110 2111
f 2089 2111 2090
f 2090 2111 2112
f 2090 2112 2091
f 2091 2112 2113
f 2091 2113 2092
f 2092 2113 2114
f 2092 2114 2093
f 2093 2114 2115
f 2093 2115 2094
f 2094 2115 2116
f 2094 2116 2095
f 2095 2116 2117
f 2095 2117 2096
f 2096 2117 2118
f 2096 2118 2097
f 2097 2118 2119
f 2097 2119 2098
f 2098 2119 2120
f 2098 2120 2099
f 2099 2120 2121
f 2099 2121 2100
f 2100 2121 2122
f 2100 2122 2101
f 2101 2122 2123
f 2101 2123 2102
f 2102 2123 2124
f 2102 2124 2103
f 2103 2124 2125
f 2103 2125 2104
f 2104 2125 2126
f 2104 2126 2105
f 2105 2126 2127
f 2105 2127 2106
f 2106 2127 2128
f 2106 2128 2107
f 2107 2128 2129
f 2107 2129 2108
f 2108 2129 2130
f 2108 2130 2086
f 2109 2063 2131
f 2109 2131 2110
f 2110 2131 2132
f 2110 2132 2111
f 2111 2132 2133
f 2111 2133 2112
f 2112 2133 2134
f 2112 2134 2113
f 2113 2134 2135
f 2113 2135 2114
f 2114 2135 2136
f 2114 2136 2115
f 2115 2136 2137
f 2115 2137 2116
f 2116 2137 2138
f 2116 2138 2117
f 2117 2138 2139
f 2117 2139 2118
f 2118 2139 2140
f 2118 2140 2119
f 2119 2140 2141
f 2119 2141 2120
f 2120 2141 2142
f 2120 2142 2121
f 2121 2142 2143
f 2121 2143 2122
f 2122 2143 2144
f 2122 2144 2123
f 2123 2144 2145
f 2123 2145 2124
f 2124 2145 2146
f 2124 2146 2125
f 2125 2146 2147
f 2125 2147 2126
f 2126 2147 2148
f 2126 2148 2127
f 2127 2148 2149
f 2127 2149 2128
f 2128 2149 2150
f 2128 2150 2129
f 2129 2150 2151
f 2129 2151 2130
f 2130 2151 2152
f 2130 2152 2086
f 2131 2063 2153
f 2131 2153 2132
f 2132 2153 2154
f 2132 2154 2133
f 2133 2154 2155
f 2133 2155 2134
f 2134 2155 2156
f 2134 2156 2135
f 2135 2156 2157
f 2135 2157 2136
f 2136 2157 2158
f 2136 2158 2137
f 2137 2158 2159
f 2137 2159 2138
f 2138 2159 2160
f 2138 2160 2139
f 2139 2160 2161
f 2139 2161 2140
f 2140 2161 2162
f 2140 2162 2141
f 2141 2162 2163
f 2141 2163 2142
f 2142 2163 2164
f 2142 2164 2143
f 2143 2164 2165
f 2143 2165 2144
f 2144 2165 2166
f 2144 2166 2145
f 2145 2166 2167
f 2145 2167 2146
f 2146 2167 2168
f 2146 2168 2147
f 2147 2168 2169
f 2147 2169 2148
f 2148 2169 2170
f 2148 2170 2149
f 2149 2170 2171
f 2149 2171 2150
f 2150 2171 2172
f 2150 2172 2151
f 2151 2172 2173
f 2151 2173 2152
f 2152 2173 2174
f 2152 2174 2086
f 2153 2063 2175
f 2153 2175 2154
f 2154 2175 2176
f 2154 2176 2155
f 2155 2176 2177
f 2155 2177 2156
f 2156 2177 2178
f 2156 2178 2157
f 2157 2178 2179
f 2157 2179 2158
f 2158 2179 2180
f 2158 2180 2159
f 2159 2180 2181
f 2159 2181 2160
f 2160 2181 2182
f 2160 2182 2161
f 2161 2182 2183
f 2161 2183 2162
f 2162 2183 2184
f 2162 2184 2163
f 2163 2184 2185
f 2163 2185 2164
f 2164 2185 2186
f 2164 2186 2165
f 2165 2186 2187
f 2165 2187 2166
f 2166 2187 2188
f 2166 2188 2167
f 2167 2188 2189
f 2167 2189 2168
f 2168 2189 2190
f 2168 2190 2169
f 2169 2190 2191
f 2169 2191 2170
f 2170 2191 2192
f 2170 2192 2171
f 2171 2192 2193
f 2171 2193 2172
f 2172 2193 2194
f 2172 2194 2173
f 2173 2194 2195
f 2173 2195 2174
f 2174 2195 2196
f 2174 2196 2086
f 2175 2063 2197
f 2175 2197 2176
f 2176 2197 2198
f 2176 2198 2177
f 2177 2198 2199
f 2177 2199 2178
f 2178 2199 2200
f 2178 2200 2179
f 2179 2200 2201
f 2179 2201 2180
f 2180 2201 2202
f 2180 2202 2181
f 2181 2202 2203
f 2181 2203 2182
f 2182 2203 2204
f 2182 2204 2183
f 2183 2204 2205
f 2183 2205 2184
f 2184 2205 2206
f 2184 2206 2185
f 2185 2206 2207
f 2185 2207 2186
f 2186 2207 2208
f 2186 2208 2187
f 2187 2208 2209
f 2187 2209 2188
f 2188 2209 2210
f 2188 2210 2189
f 2189 2210 2211
f 2189 2211 2190
f 2190 2211 2212
f 2190 2212 2191
f 2191 2212 2213
f 2191 2213 2192
f 2192 2213 2214
f 2192 2214 2193
f 2193 2214 2215
f 2193 2215 2194
f 2194 2215 2216
f 2194 2216 2195
f 2195 2216 2217
f 2195 2217 2196
f 2196 2217 2218
f 2196 2218 2086
f 2197 2063 2219
f 2197 2219 2198
f 2198 2219 2220
f 2198 2220 2199
f 2199 2220 2221
f 2199 2221 2200
f 2200 2221 2222
f 2200 2222 2201
f 2201 2222 2223
f 2201 2223 2202
f 2202 2223 2224
f 2202 2224 2203
f 2203 2224 2225
f 2203 2225 2204
f 2204 2225 2226
f 2204 2226 2205
f 2205 2226 2227
f 2205 2227 2206
f 2206 2227 2228
f 2206 2228 2207
f 2207 2228 2229
f 2207 2229 2208
f 2208 2229 2230
f 2208 2230 2209
f 2209 2230 2231
f 2209 2231 2210
f 2210 2231 2232
f 2210 2232 2211
f 2211 2232 2233
f 2211 2233 2212
f 2212 2233 2234
f 2212 2234 2213
f 2213 2234 2235
f 2213 2235 2214
f 2214 2235 2236
f 2214 2236 2215
f 2215 2236 2237
f 2215 2237 2216
f 2216 2237 2238
f 2216 2238 2217
f 2217 2238 2239
f 2217 2239 2218
f 2218 2239 2240
f 2218 2240 2086
f 2219 2063 2241
f 2219 2241 2220
f 2220 2241 2242
f 2220 2242 2221
f 2221 2242 2243
f 2221 2243 2222
f 2222 2243 2244
f 2222 2244 2223
f 2223 2244 2245
f 2223 2245 2224
f 2224 2245 2246
f 2224 2246 2225
f 2225 2246 2247
f 2225 2247 2226
f 2226 2247 2248
f 2226 2248 2227
f 2227 2248 2249
f 2227 2249 2228
f 2228 2249 2250
f 2228 2250 2229
f 2229 2250 2251
f 2229 2251 2230
f 2230 2251 2252
f 2230 2252 2231
f 2231 2252 2253
f 2231 2253 2232
f 2232 2253 2254
f 2232 2254 2233
f 2233 2254 2255
f 2233 2255 2234
f 2234 2255 2256
f 2234 2256 2235
f 2235 2256 2257
f 2235 2257 2236
f 2236 2257 2258
f 2236 2258 2237
f 2237 2258 2259
f 2237 2259 2238
f 2238 2259 2260
f 2238 2260 2239
f 2239 2260 2261
f 2239 2261 2240
f 2240 2261 2262
f 2240 2262 2086
f 2241 2063 2263
f 2241 2263 2242
f 2242 2263 2264
f 2242 2264 2243
f 2243 2264 2265
f 2243 2265 2244
f 2244 2265 2266
f 2244 2266 2245
f 2245 2266 2267
f 2245 2267 2246
f 2246 2267 2268
f 2246 2268 2247
f 2247 2268 2269
f 2247 2269 2248
f 2248 2269 2270
f 2248 2270 2249
f 2249 2270 2271
f 2249 2271 2250
f 2250 2271 2272
f 2250 2272 2251
f 2251 2272 2273
f 2251 2273 2252
f 2252 2273 2274
f 2252 2274 2253
f 2253 2274 2275
f 2253 2275 2254
f 2254 2275 2276
f 2254 2276 2255
f 2255 2276 2277
f 2255 2277 2256
f 2256 2277 2278
f 2256 2278 2257
f 2257 2278 2279
f 2257 2279 2258
f 2258 2279 2280
f 2258 2280 2259
f 2259 2280 2281
f 2259 2281 2260
f 2260 2281 2282
f 2260 2282 2261
f 2261 2282 2283
f 2261 2283 2262
f 2262 2283 2284
f 2262 2284 2086
f 2263 2063 2285
f 2263 2285 2264
f 2264 2285 2286
f 2264 2286 2265
f 2265 2286 2287
f 2265 2287 2266
f 2266 2287 2288
f 2266 2288 2267
f 2267 2288 2289
f 2267 2289 2268
f 2268 2289 2290
f 2268 2290 2269
f 2269 2290 2291
f 2269 2291 2270
f 2270 2291 2292
f 2270 2292 2271
f 2271 2292 2293
f 2271 2293 2272
f 2272 2293 2294
f 2272 2294 2273
f 2273 2294 2295
f 2273 2295 2274
f 2274 2295 2296
f 2274 2296 2275
f 2275 2296 2297
f 2275 2297 2276
f 2276 2297 2298
f 2276 2298 2277
f 2277 2298 2299
f 2277 2299 2278
f 2278 2299 2300
f 2278 2300 2279
f 2279 2300 2301
f 2279 2301 2280
f 2280 2301 2302
f 2280 2302 2281
f 2281 2302 2303
f 2281 2303 2282
f 2282 2303 2304
f 2282 2304 2283
f 2283 2304 2305
f 2283 2305 2284
f 2284 2305 2306
f 2284 2306 2086
f 2285 2063 2307
f 2285 2307 2286
f 2286 2307 2308
f 2286 2308 2287
f 2287 2308 2309
f 2287 2309 2288
f 2288 2309 2310
f 2288 2310 2289
f 2289 2310 2311
f 2289 2311 2290
f 2290 2311 2312
f 2290 2312 2291
f 2291 2312 2313
f 2291 2313 2292
f 2292 2313 2314
f 2292 2314 2293
f 2293 2314 2315
f 2293 2315 2294
f 2294 2315 2316
f 2294 2316 2295
f 2295 2316 2317
f 2295 2317 2296
f 2296 2317 2318
f 2296 2318 2297
f 2297 2318 2319
f 2297 2319 2298
f 2298 2319 2320
f 2298 2320 2299
f 2299 2320 2321
f 2299 2321 2300
f 2300 2321 2322
f 2300 2322 2301
f 2301 2322 2323
f 2301 2323 2302
f 2302 2323 2324
f 2302 2324 2303
f 2303 2324 2325
f 2303 2325 2304
f 2304 2325 2326
f 2304 2326 2305
f 2305 2326 2327
f 2305 2327 2306
f 2306 2327 2328
f 2306 2328 2086
f 2307 2063 2329
f 2307 2329 2308
f 2308 2329 2330
f 2308 2330 2309
f 2309 2330 2331
f 2309 2331 2310
f 2310 2331 2332
f 2310 2332 2311
f 2311 2332 2333
f 2311 2333 2312
f 2312 2333 2334
f 2312 2334 2313
f 2313 2334 2335
f 2313 2335 2314
f 2314 2335 2336
f 2314 2336 2315
f 2315 2336 2337
f 2315 2337 2316
f 2316 2337 2338
f 2316 2338 2317
f 2317 2338 2339
f 2317 2339 2318
f 2318 2339 2340
f 2318 2340 2319
f 2319 2340 2341
f 2319 2341 2320
f 2320 2341 2342
f 2320 2342 2321
f 2321 2342 2343
f 2321 2343 2322
f 2322 2343 2344
f 2322 2344 2323
f 2323 2344 2345
f 2323 2345 2324
f 2324 2345 2346
f 2324 2346 2325
f 2325 2346 2347
f 2325 2347 2326
f 2326 2347 2348
f 2326 2348 2327
f 2327 2348 2349
f 2327 2349 2328
f 2328 2349 2350
f 2328 2350 2086
f 2329 2063 2351
f 2329 2351 2330
f 2330 2351 2352
f 2330 2352 2331
f 2331 2352 2353
f 2331 2353 2332
f 2332 2353 2354
f 2332 2354 2333
f 2333 2354 2355
f 2333 2355 2334
f 2334 2355 2356
f 2334 2356 2335
f 2335 2356 2357
f 2335 2357 2336
f 2336 2357 2358
f 2336 2358 2337
f 2337 2358 2359
f 2337 2359 2338
f 2338 2359 2360
f 2338 2360 2339
f 2339 2360 2361
f 2339 2361 2340
f 2340 2361 2362
f 2340 2362 2341
f 2341 2362 2363
f 2341 2363 2342
f 2342 2363 2364
f 2342 2364 2343
f 2343 2364 2365
f 2343 2365 2344
f 2344 2365 2366
f 2344 2366 2345
f 2345 2366 2367
f 2345 2367 2346
f 2346 2367 2368
f 2346 2368 2347
f 2347 2368 2369
f 2347 2369 2348
f 2348 2369 2370
f 2348 2370 2349
f 2349 2370 2371
f 2349 2371 2350
f 2350 2371 2372
f 2350 2372 2086
f 2351 2063 2373
f 2351 2373 2352
f 2352 2373 2374
f 2352 2374 2353
f 2353 2374 2375
f 2353 2375 2354
f 2354 2375 2376
f 2354 2376 2355
f 2355 2376 2377
f 2355 2377 2356
f 2356 2377 2378
f 2356 2378 2357
f 2357 2378 2379
f 2357 2379 2358
f 2358 2379 2380
f 2358 2380 2359
f 2359 2380 2381
f 2359 2381 2360
f 2360 2381 2382
f 2360 2382 2361
f 2361 2382 2383
f 2361 2383 2362
f 2362 2383 2384
f 2362 2384 2363
f 2363 2384 2385
f 2363 2385 2364
f 2364 2385 2386
f 2364 2386 2365
f 2365 2386 2387
f 2365 2387 2366
f 2366 2387 2388
f 2366 2388 2367
f 2367 2388 2389
f 2367 2389 2368
f 2368 2389 2390
f 2368 2390 2369
f 2369 2390 2391
f 2369 2391 2370
f 2370 2391 2392
f 2370 2392 2371
f 2371 2392 2393
f 2371 2393 2372
f 2372 2393 2394
f 2372 2394 2086
f 2373 2063 2395
f 2373 2395 2374
f 2374 2395 2396
f 2374 2396 2375
f 2375 2396 2397
f 2375 2397 2376
f 2376 2397 2398
f 2376 2398 2377
f 2377 2398 2399
f 2377 2399 2378
f 2378 2399 2400
f 2378 2400 2379
f 2379 2400 2401
f 2379 2401 2380
f 2380 2401 2402
f 2380 2402 2381
f 2381 2402 2403
f 2381 2403 2382
f 2382 2403 2404
f 2382 2404 2383
f 2383 2404 2405
f 2383 2405 2384
f 2384 2405 2406
f 2384 2406 2385
f 2385 2406 2407
f 2385 2407 2386
f 2386 2407 2408
f 2386 2408 2387
f 2387 2408 2409
f 2387 2409 2388
f 2388 2409 2410
f 2388 2410 2389
f 2389 2410 2411
f 2389 2411 2390
f 2390 2411 2412
f 2390 2412 2391
f 2391 2412 2413
f 2391 2413 2392
f 2392 2413 2414
f 2392 2414 2393
f 2393 2414 2415
f 2393 2415 2394
f 2394 2415 2416
f 2394 2416 2086
f 2395 2063 2417
f 2395 2417 2396
f 2396 2417 2418
f 2396 2418 2397
f 2397 2418 2419
f 2397 2419 2398
f 2398 2419 2420
f 2398 2420 2399
f 2399 2420 2421
f 2399 2421 2400
f 2400 2421 2422
f 2400 2422 2401
f 2401 2422 2423
f 2401 2423 2402
f 2402 2423 2424
f 2402 2424 2403
f 2403 2424 2425
f 2403 2425 2404
f 2404 2425 2426
f 2404 2426 2405
f 2405 2426 2427
f 2405 2427 2406
f 2406 2427 2428
f 2406 2428 2407
f 2407 2428 2429
f 2407 2429 2408
f 2408 2429 2430
f 2408 2430 2409
f 2409 2430 2431
f 2409 2431 2410
f 2410 2431 2432
f 2410 2432 2411
f 2411 2432 2433
f 2411 2433 2412
f 2412 2433 2434
f 2412 2434 2413
f 2413 2434 2435
f 2413 2435 2414
f 2414 2435 2436
f 2414 2436 2415
f 2415 2436 2437
f 2415 2437 2416
f 2416 2437 2438
f 2416 2438 2086
f 2417 2063 2439
f 2417 2439 2418
f 2418 2439 2440
f 2418 2440 2419
f 2419 2440 2441
f 2419 2441 2420
f 2420 2441 2442
f 2420 2442 2421
f 2421 2442 2443
f 2421 2443 2422
f 2422 2443 2444
f 2422 2444 2423
f 2423 2444 2445
f 2423 2445 2424
f 2424 2445 2446
f 2424 2446 2425
f 2425 2446 2447
f 2425 2447 2426
f 2426 2447 2448
f 2426 2448 2427
f 2427 2448 2449
f 2427 2449 2428
f 2428 2449 2450
f 2428 2450 2429
f 2429 2450 2451
f 2429 2451 2430
f 2430 2451 2452
f 2430 2452 2431
f 2431 2452 2453
f 2431 2453 2432
f 2432 2453 2454
f 2432 2454 2433
f 2433 2454 2455
f 2433 2455 2434
f 2434 2455 2456
f 2434 2456 2435
f 2435 2456 2457
f 2435 2457 2436
f 2436 2457 2458
f 2436 2458 2437
f 2437 2458 2459
f 2437 2459 2438
f 2438 2459 2460
f 2438 2460 2086
f 2439 2063 2461
f 2439 2461 2440
f 2440 2461 2462
f 2440 2462 2441
f 2441 2462 2463
f 2441 2463 2442
f 2442 2463 2464
f 2442 2464 2443
f 2443 2464 2465
f 2443 2465 2444
f 2444 2465 2466
f 2444 2466 2445
f 2445 2466 2467
f 2445 2467 2446
f 2446 2467 2468
f 2446 2468 2447
f 2447 2468 2469
f 2447 2469 2448
f 2448 2469 2470
f 2448 2470 2449
f 2449 2470 2471
f 2449 2471 2450
f 2450 2471 2472
f 2450 2472 2451
f 2451 2472 2473
f 2451 2473 2452
f 2452 2473 2474
f 2452 2474 2453
f 2453 2474 2475
f 2453 2475 2454
f 2454 2475 2476
f 2454 2476 2455
f 2455 2476 2477
f 2455 2477 2456
f 2456 2477 2478
f 2456 2478 2457
f 2457 2478 2479
f 2457 2479 2458
f 2458 2479 2480
f 2458 2480 2459
f 2459 2480 2481
f 2459 2481 2460
f 2460 2481 2482
f 2460 2482 2086
f 2461 2063 2483
f 2461 2483 2462
f 2462 2483 2484
f 2462 2484 2463
f 2463 2484 2485
f 2463 2485 2464
f 2464 2485 2486
f 2464 2486 2465
f 2465 2486 2487
f 2465 2487 2466
f 2466 2487 2488
f 2466 2488 2467
f 2467 2488 2489
f 2467 2489 2468
f 2468 2489 2490
f 2468 2490 2469
f 2469 2490 2491
f 2469 2491 2470
f 2470 2491 2492
f 2470 2492 2471
f 2471 2492 2493
f 2471 2493 2472
f 2472 2493 2494
f 2472 2494 2473
f 2473 2494 2495
f 2473 2495 2474
f 2474 2495 2496
f 2474 2496 2475
f 2475 2496 2497
f 2475 2497 2476
f 2476 2497 2498
f 2476 2498 2477
f 2477 2498 2499
f 2477 2499 2478
f 2478 2499 2500
f 2478 2500 2479
f 2479 2500 2501
f 2479 2501 2480
f 2480 2501 2502
f 2480 2502 2481
f 2481 2502 2503
f 2481 2503 2482
f 2482 2503 2504
f 2482 2504 2086
f 2483 2063 2505
f 2483 2505 2484
f 2484 2505 2506
f 2484 2506 2485
f 2485 2506 2507
f 2485 2507 2486
f 2486 2507 2508
f 2486 2508 2487
f 2487 2508 2509
f 2487 2509 2488
f 2488 2509 2510
f 2488 2510 2489
f 2489 2510 2511
f 2489 2511 2490
f 2490 2511 2512
f 2490 2512 2491
f 2491 2512 2513
f 2491 2513 2492
f 2492 2513 2514
f 2492 2514 2493
f 2493 2514 2515
f 2493 2515 2494
f 2494 2515 2516
f 2494 2516 2495
f 2495 2516 2517
f 2495 2517 2496
f 2496 2517 2518
f 2496 2518 2497
f 2497 2518 2519
f 2497 2519 2498
f 2498 2519 2520
f 2498 2520 2499
f 2499 2520 2521
f 2499 2521 2500
f 2500 2521 2522
f 2500 2522 2501
f 2501 2522 2523
f 2501 2523 2502
f 2502 2523 2524
f 2502 2524 2503
f 2503 2524 2525
f 2503 2525 2504
f 2504 2525 2526
f 2504 2526 2086
f 2505 2063 2527
f 2505 2527 2506
f 2506 2527 2528
f 2506 2528 2507
f 2507 2528 2529
f 2507 2529 2508
f 2508 2529 2530
f 2508 2530 2509
f 2509 2530 2531
f 2509 2531 2510
f 2510 2531 2532
f 2510 2532 2511
f 2511 2532 2533
f 2511 2533 2512
f 2512 2533 2534
f 2512 2534 2513
f 2513 2534 2535
f 2513 2535 2514
f 2514 2535 2536
f 2514 2536 2515
f 2515 2536 2537
f 2515 2537 2516
f 2516 2537 2538
f 2516 2538 2517
f 2517 2538 2539
f 2517 2539 2518
f 2518 2539 2540
f 2518 2540 2519
f 2519 2540 2541
f 2519 2541 2520
f 2520 2541 2542
f 2520 2542 2521
f 2521 2542 2543
f 2521 2543 2522
f 2522 2543 2544
f 2522 2544 2523
f 2523 2544 2545
f 2523 2545 2524
f 2524 2545 2546
f 2524 2546 2525
f 2525 2546 2547
f 2525 2547 2526
f 2526 2547 2548
f 2526 2548 2086
f 2527 2063 2549
f 2527 2549 2528
f 2528 2549 2550
f 2528 2550 2529
f 2529 2550 2551
f 2529 2551 2530
f 2530 2551 2552
f 2530 2552 2531
f 2531 2552 2553
f 2531 2553 2532
f 2532 2553 2554
f 2532 2554 2533
f 2533 2554 2555
f 2533 2555 2534
f 2534 2555 2556
f 2534 2556 2535
f 2535 2556 2557
f 2535 2557 2536
f 2536 2557 2558
f 2536 2558 2537
f 2537 2558 2559
f 2537 2559 2538
f 2538 2559 2560
f 2538 2560 2539
f 2539 2560 2561
f 2539 2561 2540
f 2540 2561 2562
f 2540 2562 2541
f 2541 2562 2563
f 2541 2563 2542
f 2542 2563 2564
f 2542 2564 2543
f 2543 2564 2565
f 2543 2565 2544
f 2544 2565 2566
f 2544 2566 2545
f 2545 2566 2567
f 2545 2567 2546
f 2546 2567 2568
f 2546 2568 2547
f 2547 2568 2569
f 2547 2569 2548
f 2548 2569 2570
f 2548 2570 2086
f 2549 2063 2571
f 2549 2571 2550
f 2550 2571 2572
f 2550 2572 2551
f 2551 2572 2573
f 2551 2573 2552
f 2552 2573 2574
f 2552 2574 2553
f 2553 2574 2575
f 2553 2575 2554
f 2554 2575 2576
f 2554 2576 2555
f 2555 2576 2577
f 2555 2577 2556
f 2556 2577 2578
f 2556 2578 2557
f 2557 2578 2579
f 2557 2579 2558
f 2558 2579 2580
f 2558 2580 2559
f 2559 2580 2581
f 2559 2581 2560
f 2560 2581 2582
f 2560 2582 2561
f 2561 2582 2583
f 2561 2583 2562
f 2562 2583 2584
f 2562 2584 2563
f 2563 2584 2585
f 2563 2585 2564
f 2564 2585 2586
f 2564 2586 2565
f 2565 2586 2587
f 2565 2587 2566
f 2566 2587 2588
f 2566 2588 2567
f 2567 2588 2589
f 2567 2589 2568
f 2568 2589 2590
f 2568 2590 2569
f 2569 2590 2591
f 2569 2591 2570
f 2570 2591 2592
f 2570 2592 2086
f 2571 2063 2064
f 2571 2064 2572
f 2572 2064 2065
f 2572 2065 2573
f 2573 2065 2066
f 2573 2066 2574
f 2574 2066 2067
f 2574 2067 2575
f 2575 2067 2068
f 2575 2068 2576
f 2576 2068 2069
f 2576 2069 2577
f 2577 2069 2070
f 2577 2070 2578
f 2578 2070 2071
f 2578 2071 2579
f 2579 2071 2072
f 2579 2072 2580
f 2580 2072 2073
f 2580 2073 2581
f 2581 2073 2074
f 2581 2074 2582
f 2582 2074 2075
f 2582 2075 2583
f 2583 2075 2076
f 2583 2076 2584
f 2584 2076 2077
f 2584 2077 2585
f 2585 2077 2078
f 2585 2078 2586
f 2586 2078 2079
f 2586 2079 2587
f 2587 2079 2080
f 2587 2080 2588
f 2588 2080 2081
f 2588 2081 2589
f 2589 2081 2082
f 2589 2082 2590
f 2590 2082 2083
f 2590 2083 2591
f 2591 2083 2084
f 2591 2084 2592
f 2592 2084 2085
f 2592 2085 2086
f 2594 2593 2617
f 2594 2617 2595
f 2595 2617 2618
f 2595 2618 2596
f 2596 2618 2619
f 2596 2619 2597
f 2597 2619 2620
f 2597 2620 2598
f 2598 2620 2621
f 2598 2621 2599
f 2599 2621 2622
f 2599 2622 2600
f 2600 2622 2623
f 2600 2623 2601
f 2601 2623 2624
f 2601 2624 2602
f 2602 2624 2625
f 2602 2625 2603
f 2603 2625 2626
f 2603 2626 2604
f 2604 2626 2627
f 2604 2627 2605
f 2605 2627 2628
f 2605 2628 2606
f 2606 2628 2629
f 2606 2629 2607
f 2607 2629 2630
f 2607 2630 2608
f 2608 2630 2631
f 2608 2631 2609
f 2609 2631 2632
f 2609 2632 2610
f 2610 2632 2633
f 2610 2633 2611
f 2611 2633 2634
f 2611 2634 2612
f 2612 2634 2635
f 2612 2635 2613
f 2613 2635 2636
f 2613 2636 2614
f 2614 2636 2637
f 2614 2637 2615
f 2615 2637 2638
f 2615 2638 2616
f 2617 2593 2639
f 2617 2639 2618
f 2618 2639 2640
f 2618 2640 2619
f 2619 2640 2641
f 2619 2641 2620
f 2620 2641 2642
f 2620 2642 2621
f 2621 2642 2643
f 2621 2643 2622
f 2622 2643 2644
f 2622 2644 2623
f 2623 2644 2645
f 2623 2645 2624
f 2624 2645 2646
f 2624 2646 2625
f 2625 2646 2647
f 2625 2647 2626
f 2626 2647 2648
f 2626 2648 2627
f 2627 2648 2649
f 2627 2649 2628
f 2628 2649 2650
f 2628 2650 2629
f 2629 2650 2651
f 2629 2651 2630
f 2630 2651 2652
f 2630 2652 2631
f 2631 2652 2653
f 2631 2653 2632
f 2632 2653 2654
f 2632 2654 2633
f 2633 2654 2655
f 2633 2655 2634
f 2634 2655 2656
f 2634 2656 2635
f 2635 2656 2657
f 2635 2657 2636
f 2636 2657 2658
f 2636 2658 2637
f 2637 2658 2659
f 2637 2659 2638
f 2638 2659 2660
f 2638 2660 2616
f 2639 2593 2661
f 2639 2661 2640
f 2640 2661 2662
f 2640 2662 2641
f 2641 2662 2663
f 2641 2663 2642
f 2642 2663 2664
f 2642 2664 2643
f 2643 2664 2665
f 2643 2665 2644
f 2644 2665 2666
f 2644 2666 2645
f 2645 2666 2667
f 2645 2667 2646
f 2646 2667 2668
f 2646 2668 2647
f 2647 2668 2669
f 2647 2669 2648
f 2648 2669 2670
f 2648 2670 2649
f 2649 2670 2671
f 2649 2671 2650
f 2650 2671 2672
f 2650 2672 2651
f 2651 2672 2673
f 2651 2673 2652
f 2652 2673 2674
f 2652 2674 2653
f 2653 2674 2675
f 2653 2675 2654
f 2654 2675 2676
f 2654 2676 2655
f 2655 2676 2677
f 2655 2677 2656
f 2656 2677 2678
f 2656 2678 2657
f 2657 2678 2679
f 2657 2679 2658
f 2658 2679 2680
f 2658 2680 2659
f 2659 2680 2681
f 2659 2681 2660
f 2660 2681 2682
f 2660 2682 2616
f 2661 2593 2683
f 2661 2683 2662
f 2662 2683 2684
f 2662 2684 2663
f 2663 2684 2685
f 2663 2685 2664
f 2664 2685 2686
f 2664 2686 2665
f 2665 2686 2687
f 2665 2687 2666
f 2666 2687 2688
f 2666 2688 2667
f 2667 2688 2689
f 2667 2689 2668
f 2668 2689 2690
f 2668 2690 2669
f 2669 2690 2691
f 2669 2691 2670
f 2670 2691 2692
f 2670 2692 2671
f 2671 2692 2693
f 2671 2693 2672
f 2672 2693 2694
f 2672 2694 2673
f 2673 2694 2695
f 2673 2695 2674
f 2674 2695 2696
f 2674 2696 2675
f 2675 2696 2697
f 2675 2697 2676
f 2676 2697 2698
f 2676 2698 2677
f 2677 2698 2699
f 2677 2699 2678
f 2678 2699 2700
f 2678 2700 2679
f 2679 2700 2701
f 2679 2701 2680
f 2680 2701 2702
f 2680 2702 2681
f 2681 2702 2703
f 2681 2703 2682
f 2682 2703 2704
f 2682 2704 2616
f 2683 2593 2705
f 2683 2705 2684
f 2684 2705 2706
f 2684 2706 2685
f 2685 2706 2707
f 2685 2707 2686
f 2686 2707 2708
f 2686 2708 2687
f 2687 2708 2709
f 2687 2709 2688
f 2688 2709 2710
f 2688 2710 2689
f 2689 2710 2711
f 2689 2711 2690
f 2690 2711 2712
f 2690 2712 2691
f 2691 2712 2713
f 2691 2713 2692
f 2692 2713 2714
f 2692 2714 2693
f 2693 2714 2715
f 2693 2715 2694
f 2694 2715 2716
f 2694 2716 2695
f 2695 2716 2717
f 2695 2717 2696
f 2696 2717 2718
f 2696 2718 2697
f 2697 2718 2719
f 2697 2719 2698
f 2698 2719 2720
f 2698 2720 2699
f 2699 2720 2721
f 2699 2721 2700
f 2700 2721 2722
f 2700 2722 2701
f 2701 2722 2723
f 2701 2723 2702
f 2702 2723 2724
f 2702 2724 2703
f 2703 2724 2725
f 2703 2725 2704
f 2704 2725 2726
f 2704 2726 2616
f 2705 2593 2727
f 2705 2727 2706
f 2706 2727 2728
f 2706 2728 2707
f 2707 2728 2729
f 2707 2729 2708
f 2708 2729 2730
f 2708 2730 2709
f 2709 2730 2731
f 2709 2731 2710
f 2710 2731 2732
f 2710 2732 2711
f 2711 2732 2733
f 2711 2733 2712
f 2712 2733 2734
f 2712 2734 2713
f 2713 2734 2735
f 2713 2735 2714
f 2714 2735 2736
f 2714 2736 2715
f 2715 2736 2737
f 2715 2737 2716
f 2716 2737 2738
f 2716 2738 2717
f 2717 2738 2739
f 2717 2739 2718
f 2718 2739 2740
f 2718 2740 2719
f 2719 2740 2741
f 2719 2741 2720
f 2720 2741 2742
f 2720 2742 2721
f 2721 2742 2743
f 2721 2743 2722
f 2722 2743 2744
f 2722 2744 2723
f 2723 2744 2745
f 2723 2745 2724
f 2724 2745 2746
f 2724 2746 2725
f 2725 2746 2747
f 2725 2747 2726
f 2726 2747 2748
f 2726 2748 2616
f 2727 2593 2749
f 2727 2749 2728
f 2728 2749 2750
f 2728 2750 2729
f 2729 2750 2751
f 2729 2751 2730
f 2730 2751 2752
f 2730 2752 2731
f 2731 2752 2753
f 2731 2753 2732
f 2732 2753 2754
f 2732 2754 2733
f 2733 2754 2755
f 2733 2755 2734
f 2734 2755 2756
f 2734 2756 2735
f 2735 2756 2757
f 2735 2757 2736
f 2736 2757 2758
f 2736 2758 2737
f 2737 2758 2759
f 2737 2759 2738
f 2738 2759 2760
f 2738 2760 2739
f 2739 2760 2761
f 2739 2761 2740
f 2740 2761 2762
f 2740 2762 2741
f 2741 2762 2763
f 2741 2763 2742
f 2742 2763 2764
f 2742 2764 2743
f 2743 2764 2765
f 2743 2765 2744
f 2744 2765 2766
f 2744 2766 2745
f 2745 2766 2767
f 2745 2767 2746
f 2746 2767 2768
f 2746 2768 2747
f 2747 2768 2769
f 2747 2769 2748
f 2748 2769 2770
f 2748 2770 2616
f 2749 2593 2771
f 2749 2771 2750
f 2750 2771 2772
f 2750 2772 2751
f 2751 2772 2773
f 2751 2773 2752
f 2752 2773 2774
f 2752 2774 2753
f 2753 2774 2775
f 2753 2775 2754
f 2754 2775 2776
f 2754 2776 2755
f 2755 2776 2777
f 2755 2777 2756
f 2756 2777 2778
f 2756 2778 2757
f 2757 2778 2779
f 2757 2779 2758
f 2758 2779 2780
f 2758 2780 2759
f 2759 2780 2781
f 2759 2781 2760
f 2760 2781 2782
f 2760 2782 2761
f 2761 2782 2783
f 2761 2783 2762
f 2762 2783 2784
f 2762 2784 2763
f 2763 2784 2785
f 2763 2785 2764
f 2764 2785 2786
f 2764 2786 2765
f 2765 2786 2787
f 2765 2787 2766
f 2766 2787 2788
f 2766 2788 2767
f 2767 2788 2789
f 2767 2789 2768
f 2768 2789 2790
f 2768 2790 2769
f 2769 2790 2791
f 2769 2791 2770
f 2770 2791 2792
f 2770 2792 2616
f 2771 2593 2793
f 2771 2793 2772
f 2772 2793 2794
f 2772 2794 2773
f 2773 2794 2795
f 2773 2795 2774
f 2774 2795 2796
f 2774 2796 2775
f 2775 2796 2797
f 2775 2797 2776
f 2776 2797 2798
f 2776 2798 2777
f 2777 2798 2799
f 2777 2799 2778
f 2778 2799 2800
f 2778 2800 2779
f 2779 2800 2801
f 2779 2801 2780
f 2780 2801 2802
f 2780 2802 2781
f 2781 2802 2803
f 2781 2803 2782
f 2782 2803 2804
f 2782 2804 2783
f 2783 2804 2805
f 2783 2805 2784
f 2784 2805 2806
f 2784 2806 2785
f 2785 2806 2807
f 2785 2807 2786
f 2786 2807 2808
f 2786 2808 2787
f 2787 2808 2809
f 2787 2809 2788
f 2788 2809 2810
f 2788 2810 2789
f 2789 2810 2811
f 2789 2811 2790
f 2790 2811 2812
f 2790 2812 2791
f 2791 2812 2813
f 2791 2813 2792
f 2792 2813 2814
f 2792 2814 2616
f 2793 2593 2815
f 2793 2815 2794
f 2794 2815 2816
f 2794 2816 2795
f 2795 2816 2817
f 2795 2817 2796
f 2796 2817 2818
f 2796 2818 2797
f 2797 2818 2819
f 2797 2819 2798
f 2798 2819 2820
f 2798 2820 2799
f 2799 2820 2821
f 2799 2821 2800
f 2800 2821 2822
f 2800 2822 2801
f 2801 2822 2823
f 2801 2823 2802
f 2802 2823 2824
f 2802 2824 2803
f 2803 2824 2825
f 2803 2825 2804
f 2804 2825 2826
f 2804 2826 2805
f 2805 2826 2827
f 2805 2827 2806
f 2806 2827 2828
f 2806 2828 2807
f 2807 2828 2829
f 2807 2829 2808
f 2808 2829 2830
f 2808 2830 2809
f 2809 2830 2831
f 2809 2831 2810
f 2810 2831 2832
f 2810 2832 2811
f 2811 2832 2833
f 2811 2833 2812
f 2812 2833 2834
f 2812 2834 2813
f 2813 2834 2835
f 2813 2835 2814
f 2814 2835 2836
f 2814 2836 2616
f 2815 2593 2837
f 2815 2837 2816
f 2816 2837 2838
f 2816 2838 2817
f 2817 2838 2839
f 2817 2839 2818
f 2818 2839 2840
f 2818 2840 2819
f 2819 2840 2841
f 2819 2841 2820
f 2820 2841 2842
f 2820 2842 2821
f 2821 2842 2843
f 2821 2843 2822
f 2822 2843 2844
f 2822 2844 2823
f 2823 2844 2845
f 2823 2845 2824
f 2824 2845 2846
f 2824 2846 2825
f 2825 2846 2847
f 2825 2847 2826
f 2826 2847 2848
f 2826 2848 2827
f 2827 2848 2849
f 2827 2849 2828
f 2828 2849 2850
f 2828 2850 2829
f 2829 2850 2851
f 2829 2851 2830
f 2830 2851 2852
f 2830 2852 2831
f 2831 2852 2853
f 2831 2853 2832
f 2832 2853 2854
f 2832 2854 2833
f 2833 2854 2855
f 2833 2855 2834
f 2834 2855 2856
f 2834 2856 2835
f 2835 2856 2857
f 2835 2857 2836
f 2836 2857 2858
f 2836 2858 2616
f 2837 2593 2859
f 2837 2859 2838
f 2838 2859 2860
f 2838 2860 2839
f 2839 2860 2861
f 2839 2861 2840
f 2840 2861 2862
f 2840 2862 2841
f 2841 2862 2863
f 2841 2863 2842
f 2842 2863 2864
f 2842 2864 2843
f 2843 2864 2865
f 2843 2865 2844
f 2844 2865 2866
f 2844 2866 2845
f 2845 2866 2867
f 2845 2867 2846
f 2846 2867 2868
f 2846 2868 2847
f 2847 2868 2869
f 2847 2869 2848
f 2848 2869 2870
f 2848 2870 2849
f 2849 2870 2871
f 2849 2871 2850
f 2850 2871 2872
f 2850 2872 2851
f 2851 2872 2873
f 2851 2873 2852
f 2852 2873 2874
f 2852 2874 2853
f 2853 2874 2875
f 2853 2875 2854
f 2854 2875 2876
f 2854 2876 2855
f 2855 2876 2877
f 2855 2877 2856
f 2856 2877 2878
f 2856 2878 2857
f 2857 2878 2879
f 2857 2879 2858
f 2858 2879 2880
f 2858 2880 2616
f 2859 2593 2881
f 2859 2881 2860
f 2860 2881 2882
f 2860 2882 2861
f 2861 2882 2883
f 2861 2883 2862
f 2862 2883 2884
f 2862 2884 2863
f 2863 2884 2885
f 2863 2885 2864
f 2864 2885 2886
f 2864 2886 2865
f 2865 2886 2887
f 2865 2887 2866
f 2866 2887 2888
f 2866 2888 2867
f 2867 2888 2889
f 2867 2889 2868
f 2868 2889 2890
f 2868 2890 2869
f 2869 2890 2891
f 2869 2891 2870
f 2870 2891 2892
f 2870 2892 2871
f 2871 2892 2893
f 2871 2893 2872
f 2872 2893 2894
f 2872 2894 2873
f 2873 2894 2895
f 2873 2895 2874
f 2874 2895 2896
f 2874 2896 2875
f 2875 2896 2897
f 2875 2897 2876
f 2876 2897 2898
f 2876 2898 2877
f 2877 2898 2899
f 2877 2899 2878
f 2878 2899 2900
f 2878 2900 2879
f 2879 2900 2901
f 2879 2901 2880
f 2880 2901 2902
f 2880 2902 2616
f 2881 2593 2903
f 2881 2903 2882
f 2882 2903 2904
f 2882 2904 2883
f 2883 2904 2905
f 2883 2905 2884
f 2884 2905 2906
f 2884 2906 2885
f 2885 2906 2907
f 2885 2907 2886
f 2886 2907 2908
f 2886 2908 2887
f 2887 2908 2909
f 2887 2909 2888
f 2888 2909 2910
f 2888 2910 2889
f 2889 2910 2911
f 2889 2911 2890
f 2890 2911 2912
f 2890 2912 2891
f 2891 2912 2913
f 2891 2913 2892
f 2892 2913 2914
f 2892 2914 2893
f 2893 2914 2915
f 2893 2915 2894
f 2894 2915 2916
f 2894 2916 2895
f 2895 2916 2917
f 2895 2917 2896
f 2896 2917 2918
f 2896 2918 2897
f 2897 2918 2919
f 2897 2919 2898
f 2898 2919 2920
f 2898 2920 2899
f 2899 2920 2921
f 2899 2921 2900
f 2900 2921 2922
f 2900 2922 2901
f 2901 2922 2923
f 2901 2923 2902
f 2902 2923 2924
f 2902 2924 2616
f 2903 2593 2925
f 2903 2925 2904
f 2904 2925 2926
f 2904 2926 2905
f 2905 2926 2927
f 2905 2927 2906
f 2906 2927 2928
f 2906 2928 2907
f 2907 2928 2929
f 2907 2929 2908
f 2908 2929 2930
f 2908 2930 2909
f 2909 2930 2931
f 2909 2931 2910
f 2910 2931 2932
f 2910 2932 2911
f 2911 2932 2933
f 2911 2933 2912
f 2912 2933 2934
f 2912 2934 2913
f 2913 2934 2935
f 2913 2935 2914
f 2914 2935 2936
f 2914 2936 2915
f 2915 2936 2937
f 2915 2937 2916
f 2916 2937 2938
f 2916 2938 2917
f 2917 2938 2939
f 2917 2939 2918
f 2918 2939 2940
f 2918 2940 2919
f 2919 2940 2941
f 2919 2941 2920
f 2920 2941 2942
f 2920 2942 2921
f 2921 2942 2943
f 2921 2943 2922
f 2922 2943 2944
f 2922 2944 2923
f 2923 2944 2945
f 2923 2945 2924
f 2924 2945 2946
f 2924 2946 2616
f 2925 2593 2947
f 2925 2947 2926
f 2926 2947 2948
f 2926 2948 2927
f 2927 2948 2949
f 2927 2949 2928
f 2928 2949 2950
f 2928 2950 2929
f 2929 2950 2951
f 2929 2951 2930
f 2930 2951 2952
f 2930 2952 2931
f 2931 2952 2953
f 2931 2953 2932
f 2932 2953 2954
f 2932 2954 2933
f 2933 2954 2955
f 2933 2955 2934
f 2934 2955 2956
f 2934 2956 2935
f 2935 2956 2957
f 2935 2957 2936
f 2936 2957 2958
f 2936 2958 2937
f 2937 2958 2959
f 2937 2959 2938
f 2938 2959 2960
f 2938 2960 2939
f 2939 2960 2961
f 2939 2961 2940
f 2940 2961 2962
f 2940 2962 2941
f 2941 2962 2963
f 2941 2963 2942
f 2942 2963 2964
f 2942 2964 2943
f 2943 2964 2965
f 2943 2965 2944
f 2944 2965 2966
f 2944 2966 2945
f 2945 2966 2967
f 2945 2967 2946
f 2946 2967 2968
f 2946 2968 2616
f 2947 2593 2969
f 2947 2969 2948
f 2948 2969 2970
f 2948 2970 2949
f 2949 2970 2971
f 2949 2971 2950
f 2950 2971 2972
f 2950 2972 2951
f 2951 2972 2973
f 2951 2973 2952
f 2952 2973 2974
f 2952 2974 2953
f 2953 2974 2975
f 2953 2975 2954
f 2954 2975 2976
f 2954 2976 2955
f 2955 2976 2977
f 2955 2977 2956
f 2956 2977 2978
f 2956 2978 2957
f 2957 2978 2979
f 2957 2979 2958
f 2958 2979 2980
f 2958 2980 2959
f 2959 2980 2981
f 2959 2981 2960
f 2960 2981 2982
f 2960 2982 2961
f 2961 2982 2983
f 2961 2983 2962
f 2962 2983 2984
f 2962 2984 2963
f 2963 2984 2985
f 2963 2985 2964
f 2964 2985 2986
f 2964 2986 2965
f 2965 2986 2987
f 2965 2987 2966
f 2966 2987 2988
f 2966 2988 2967
f 2967 2988 2989
f 2967 2989 2968
f 2968 2989 2990
f 2968 2990 2616
f 2969 2593 2991
f 2969 2991 2970
f 2970 2991 2992
f 2970 2992 2971
f 2971 2992 2993
f 2971 2993 2972
f 2972 2993 2994
f 2972 2994 2973
f 2973 2994 2995
f 2973 2995 2974
f 2974 2995 2996
f 2974 2996 2975
f 2975 2996 2997
f 2975 2997 2976
f 2976 2997 2998
f 2976 2998 2977
f 2977 2998 2999
f 2977 2999 2978
f 2978 2999 3000
f 2978 3000 2979
f 2979 3000 3001
f 2979 3001 2980
f 2980 3001 3002
f 2980 3002 2981
f 2981 3002 3003
f 2981 3003 2982
f 2982 3003 3004
f 2982 3004 2983
f 2983 3004 3005
f 2983 3005 2984
f 2984 3005 3006
f 2984 3006 2985
f 2985 3006 3007
f 2985 3007 2986
f 2986 3007 3008
f 2986 3008 2987
f 2987 3008 3009
f 2987 3009 2988
f 2988 3009 3010
f 2988 3010 2989
f 2989 3010 3011
f 2989 3011 2990
f 2990 3011 3012
f 2990 3012 2616
f 2991 2593 3013
f 2991 3013 2992
f 2992 3013 3014
f 2992 3014 2993
f 2993 3014 3015
f 2993 3015 2994
f 2994 3015 3016
f 2994 3016 2995
f 2995 3016 3017
f 2995 3017 2996
f 2996 3017 3018
f 2996 3018 2997
f 2997 3018 3019
f 2997 3019 2998
f 2998 3019 3020
f 2998 3020 2999
f 2999 3020 3021
f 2999 3021 3000
f 3000 3021 3022
f 3000 3022 3001
f 3001 3022 3023
f 3001 3023 3002
f 3002 3023 3024
f 3002 3024 3003
f 3003 3024 3025
f 3003 3025 3004
f 3004 3025 3026
f 3004 3026 3005
f 3005 3026 3027
f 3005 3027 3006
f 3006 3027 3028
f 3006 3028 3007
f 3007 3028 3029
f 3007 3029 3008
f 3008 3029 3030
f 3008 3030 3009
f 3009 3030 3031
f 3009 3031 3010
f 3010 3031 3032
f 3010 3032 3011
f 3011 3032 3033
f 3011 3033 3012
f 3012 3033 3034
f 3012 3034 2616
f 3013 2593 3035
f 3013 3035 3014
f 3014 3035 3036
f 3014 3036 3015
f 3015 3036 3037
f 3015 3037 3016
f 3016 3037 3038
f 3016 3038 3017
f 3017 3038 3039
f 3017 3039 3018
f 3018 3039 3040
f 3018 3040 3019
f 3019 3040 3041
f 3019 3041 3020
f 3020 3041 3042
f 3020 3042 3021
f 3021 3042 3043
f 3021 3043 3022
f 3022 3043 3044
f 3022 3044 3023
f 3023 3044 3045
f 3023 3045 3024
f 3024 3045 3046
f 3024 3046 3025
f 3025 3046 3047
f 3025 3047 3026
f 3026 3047 3048
f 3026 3048 3027
f 3027 3048 3049
f 3027 3049 3028
f 3028 3049 3050
f 3028 3050 3029
f 3029 3050 3051
f 3029 3051 3030
f 3030 3051 3052
f 3030 3052 3031
f 3031 3052 3053
f 3031 3053 3032
f 3032 3053 3054
f 3032 3054 3033
f 3033 3054 3055
f 3033 3055 3034
f 3034 3055 3056
f 3034 3056 2616
f 3035 2593 3057
f 3035 3057 3036
f 3036 3057 3058
f 3036 3058 3037
f 3037 3058 3059
f 3037 3059 3038
f 3038 3059 3060
f 3038 3060 3039
f 3039 3060 3061
f 3039 3061 3040
f 3040 3061 3062
f 3040 3062 3041
f 3041 3062 3063
f 3041 3063 3042
f 3042 3063 3064
f 3042 3064 3043
f 3043 3064 3065
f 3043 3065 3044
f 3044 3065 3066
f 3044 3066 3045
f 3045 3066 3067
f 3045 3067 3046
f 3046 3067 3068
f 3046 3068 3047
f 3047 3068 3069
f 3047 3069 3048
f 3048 3069 3070
f 3048 3070 3049
f 3049 3070 3071
f 3049 3071 3050
f 3050 3071 3072
f 3050 3072 3051
f 3051 3072 3073
f 3051 3073 3052
f 3052 3073 3074
f 3052 3074 3053
f 3053 3074 3075
f 3053 3075 3054
f 3054 3075 3076
f 3054 3076 3055
f 3055 3076 3077
f 3055 3077 3056
f 3056 3077 3078
f 3056 3078 2616
f 3057 2593 3079
f 3057 3079 3058
f 3058 3079 3080
f 3058 3080 3059
f 3059 3080 3081
f 3059 3081 3060
f 3060 3081 3082
f 3060 3082 3061
f 3061 3082 3083
f 3061 3083 3062
f 3062 3083 3084
f 3062 3084 3063
f 3063 3084 3085
f 3063 3085 3064
f 3064 3085 3086
f 3064 3086 3065
f 3065 3086 3087
f 3065 3087 3066
f 3066 3087 3088
f 3066 3088 3067
f 3067 3088 3089
f 3067 3089 3068
f 3068 3089 3090
f 3068 3090 3069
f 3069 3090 3091
f 3069 3091 3070
f 3070 3091 3092
f 3070 3092 3071
f 3071 3092 3093
f 3071 3093 3072
f 3072 3093 3094
f 3072 3094 3073
f 3073 3094 3095
f 3073 3095 3074
f 3074 3095 3096
f 3074 3096 3075
f 3075 3096 3097
f 3075 3097 3076
f 3076 3097 3098
f 3076 3098 3077
f 3077 3098 3099
f 3077 3099 3078
f 3078 3099 3100
f 3078 3100 2616
f 3079 2593 3101
f 3079 3101 3080
f 3080 3101 3102
f 3080 3102 3081
f 3081 3102 3103
f 3081 3103 3082
f 3082 3103 3104
f 3082 3104 3083
f 3083 3104 3105
f 3083 3105 3084
f 3084 3105 3106
f 3084 3106 3085
f 3085 3106 3107
f 3085 3107 3086
f 3086 3107 3108
f 3086 3108 3087
f 3087 3108 3109
f 3087 3109 3088
f 3088 3109 3110
f 3088 3110 3089
f 3089 3110 3111
f 3089 3111 3090
f 3090 3111 3112
f 3090 3112 3091
f 3091 3112 3113
f 3091 3113 3092
f 3092 3113 3114
f 3092 3114 3093
f 3093 3114 3115
f 3093 3115 3094
f 3094 3115 3116
f 3094 3116 3095
f 3095 3116 3117
f 3095 3117 3096
f 3096 3117 3118
f 3096 3118 3097
f 3097 3118 3119
f 3097 3119 3098
f 3098 3119 3120
f 3098 3120 3099
f 3099 3120 3121
f 3099 3121 3100
f 3100 3121 3122
f 3100 3122 2616
f 3101 2593 2594
f 3101 2594 3102
f 3102 2594 2595
f 3102 2595 3103
f 3103 2595 2596
f 3103 2596 3104
f 3104 2596 2597
f 3104 2597 3105
f 3105 2597 2598
f 3105 2598 3106
f 3106 2598 2599
f 3106 2599 3107
f 3107 2599 2600
f 3107 2600 3108
f 3108 2600 2601
f 3108 2601 3109
f 3109 2601 2602
f 3109 2602 3110
f 3110 2602 2603
f 3110 2603 3111
f 3111 2603 2604
f 3111 2604 3112
f 3112 2604 2605
f 3112 2605 3113
f 3113 2605 2606
f 3113 2606 3114
f 3114 2606 2607
f 3114 2607 3115
f 3115 2607 2608
f 3115 2608 3116
f 3116 2608 2609
f 3116 2609 3117
f 3117 2609 2610
f 3117 2610 3118
f 3118 2610 2611
f 3118 2611 3119
f 3119 2611 2612
f 3119 2612 3120
f 3120 2612 2613
f 3120 2613 3121
f 3121 2613 2614
f 3121 2614 3122
f 3122 2614 2615
f 3122 2615 2616
f 3124 3123 3147
f 3124 3147 3125
f 3125 3147 3148
f 3125 3148 3126
f 3126 3148 3149
f 3126 3149 3127
f 3127 3149 3150
f 3127 3150 3128
f 3128 3150 3151
f 3128 3151 3129
f 3129 3151 3152
f 3129 3152 3130
f 3130 3152 3153
f 3130 3153 3131
f 3131 3153 3154
f 3131 3154 3132
f 3132 3154 3155
f 3132 3155 3133
f 3133 3155 3156
f 3133 3156 3134
f 3134 3156 3157
f 3134 3157 3135
f 3135 3157 3158
f 3135 3158 3136
f 3136 3158 3159
f 3136 3159 3137
f 3137 3159 3160
f 3137 3160 3138
f 3138 3160 3161
f 3138 3161 3139
f 3139 3161 3162
f 3139 3162 3140
f 3140 3162 3163
f 3140 3163 3141
f 3141 3163 3164
f 3141 3164 3142
f 3142 3164 3165
f 3142 3165 3143
f 3143 3165 3166
f 3143 3166 3144
f 3144 3166 3167
f 3144 3167 3145
f 3145 3167 3168
f 3145 3168 3146
f 3147 3123 3169
f 3147 3169 3148
f 3148 3169 3170
f 3148 3170 3149
f 3149 3170 3171
f 3149 3171 3150
f 3150 3171 3172
f 3150 3172 3151
f 3151 3172 3173
f 3151 3173 3152
f 3152 3173 3174
f 3152 3174 3153
f 3153 3174 3175
f 3153 3175 3154
f 3154 3175 3176
f 3154 3176 3155
f 3155 3176 3177
f 3155 3177 3156
f 3156 3177 3178
f 3156 3178 3157
f 3157 3178 3179
f 3157 3179 3158
f 3158 3179 3180
f 3158 3180 3159
f 3159 3180 3181
f 3159 3181 3160
f 3160 3181 3182
f 3160 3182 3161
f 3161 3182 3183
f 3161 3183 3162
f 3162 3183 3184
f 3162 3184 3163
f 3163 3184 3185
f 3163 3185 3164
f 3164 3185 3186
f 3164 3186 3165
f 3165 3186 3187
f 3165 3187 3166
f 3166 3187 3188
f 3166 3188 3167
f 3167 3188 3189
f 3167 3189 3168
f 3168 3189 3190
f 3168 3190 3146
f 3169 3123 3191
f 3169 3191 3170
f 3170 3191 3192
f 3170 3192 3171
f 3171 3192 3193
f 3171 3193 3172
f 3172 3193 3194
f 3172 3194 3173
f 3173 3194 3195
f 3173 3195 3174
f 3174 3195 3196
f 3174 3196 3175
f 3175 3196 3197
f 3175 3197 3176
f 3176 3197 3198
f 3176 3198 3177
f 3177 3198 3199
f 3177 3199 3178
f 3178 3199 3200
f 3178 3200 3179
f 3179 3200 3201
f 3179 3201 3180
f 3180 3201 3202
f 3180 3202 3181
f 3181 3202 3203
f 3181 3203 3182
f 3182 3203 3204
f 3182 3204 3183
f 3183 3204 3205
f 3183 3205 3184
f 3184 3205 3206
f 3184 3206 3185
f 3185 3206 3207
f 3185 3207 3186
f 3186 3207 3208
f 3186 3208 3187
f 3187 3208 3209
f 3187 3209 3188
f 3188 3209 3210
f 3188 3210 3189
f 3189 3210 3211
f 3189 3211 3190
f 3190 3211 3212
f 3190 3212 3146
f 3191 3123 3213
f 3191 3213 3192
f 3192 3213 3214
f 3192 3214 3193
f 3193 3214 3215
f 3193 3215 3194
f 3194 3215 3216
f 3194 3216 3195
f 3195 3216 3217
f 3195 3217 3196
f 3196 3217 3218
f 3196 3218 3197
f 3197 3218 3219
f 3197 3219 3198
f 3198 3219 3220
f 3198 3220 3199
f 3199 3220 3221
f 3199 3221 3200
f 3200 3221 3222
f 3200 3222 3201
f 3201 3222 3223
f 3201 3223 3202
f 3202 3223 3224
f 3202 3224 3203
f 3203 3224 3225
f 3203 3225 3204
f 3204 3225 3226
f 3204 3226 3205
f 3205 3226 3227
f 3205 3227 3206
f 3206 3227 3228
f 3206 3228 3207
f 3207 3228 3229
f 3207 3229 3208
f 3208 3229 3230
f 3208 3230 3209
f 3209 3230 3231
f 3209 3231 3210
f 3210 3231 3232
f 3210 3232 3211
f 3211 3232 3233
f 3211 3233 3212
f 3212 3233 3234
f 3212 3234 3146
f 3213 3123 3235
f 3213 3235 3214
f 3214 3235 3236
f 3214 3236 3215
f 3215 3236 3237
f 3215 3237 3216
f 3216 3237 3238
f 3216 3238 3217
f 3217 3238 3239
f 3217 3239 3218
f 3218 3239 3240
f 3218 3240 3219
f 3219 3240 3241
f 3219 3241 3220
f 3220 3241 3242
f 3220 3242 3221
f 3221 3242 3243
f 3221 3243 3222
f 3222 3243 3244
f 3222 3244 3223
f 3223 3244 3245
f 3223 3245 3224
f 3224 3245 3246
f 3224 3246 3225
f 3225 3246 3247
f 3225 3247 3226
f 3226 3247 3248
f 3226 3248 3227
f 3227 3248 3249
f 3227 3249 3228
f 3228 3249 3250
f 3228 3250 3229
f 3229 3250 3251
f 3229 3251 3230
f 3230 3251 3252
f 3230 3252 3231
f 3231 3252 3253
f 3231 3253 3232
f 3232 3253 3254
f 3232 3254 3233
f 3233 3254 3255
f 3233 3255 3234
f 3234 3255 3256
f 3234 3256 3146
f 3235 3123 3257
f 3235 3257 3236
f 3236 3257 3258
f 3236 3258 3237
f 3237 3258 3259
f 3237 3259 3238
f 3238 3259 3260
f 3238 3260 3239
f 3239 3260 3261
f 3239 3261 3240
f 3240 3261 3262
f 3240 3262 3241
f 3241 3262 3263
f 3241 3263 3242
f 3242 3263 3264
f 3242 3264 3243
f 3243 3264 3265
f 3243 3265 3244
f 3244 3265 3266
f 3244 3266 3245
f 3245 3266 3267
f 3245 3267 3246
f 3246 3267 3268
f 3246 3268 3247
f 3247 3268 3269
f 3247 3269 3248
f 3248 3269 3270
f 3248 3270 3249
f 3249 3270 3271
f 3249 3271 3250
f 3250 3271 3272
f 3250 3272 3251
f 3251 3272 3273
f 3251 3273 3252
f 3252 3273 3274
f 3252 3274 3253
f 3253 3274 3275
f 3253 3275 3254
f 3254 3275 3276
f 3254 3276 3255
f 3255 3276 3277
f 3255 3277 3256
f 3256 3277 3278
f 3256 3278 3146
f 3257 3123 3279
f 3257 3279 3258
f 3258 3279 3280
f 3258 3280 3259
f 3259 3280 3281
f 3259 3281 3260
f 3260 3281 3282
f 3260 3282 3261
f 3261 3282 3283
f 3261 3283 3262
f 3262 3283 3284
f 3262 3284 3263
f 3263 3284 3285
f 3263 3285 3264
f 3264 3285 3286
f 3264 3286 3265
f 3265 3286 3287
f 3265 3287 3266
f 3266 3287 3288
f 3266 3288 3267
f 3267 3288 3289
f 3267 3289 3268
f 3268 3289 3290
f 3268 3290 3269
f 3269 3290 3291
f 3269 3291 3270
f 3270 3291 3292
f 3270 3292 3271
f 3271 3292 3293
f 3271 3293 3272
f 3272 3293 3294
f 3272 3294 3273
f 3273 3294 3295
f 3273 3295 3274
f 3274 3295 3296
f 3274 3296 3275
f 3275 3296 3297
f 3275 3297 3276
f 3276 3297 3298
f 3276 3298 3277
f 3277 3298 3299
f 3277 3299 3278
f 3278 3299 3300
f 3278 3300 3146
f 3279 3123 3301
f 3279 3301 3280
f 3280 3301 3302
f 3280 3302 3281
f 3281 3302 3303
f 3281 3303 3282
f 3282 3303 3304
f 3282 3304 3283
f 3283 3304 3305
f 3283 3305 3284
f 3284 3305 3306
f 3284 3306 3285
f 3285 3306 3307
f 3285 3307 3286
f 3286 3307 3308
f 3286 3308 3287
f 3287 3308 3309
f 3287 3309 3288
f 3288 3309 3310
f 3288 3310 3289
f 3289 3310 3311
f 3289 3311 3290
f 3290 3311 3312
f 3290 3312 3291
f 3291 3312 3313
f 3291 3313 3292
f 3292 3313 3314
f 3292 3314 3293
f 3293 3314 3315
f 3293 3315 3294
f 3294 3315 3316
f 3294 3316 3295
f 3295 3316 3317
f 3295 3317 3296
f 3296 3317 3318
f 3296 3318 3297
f 3297 3318 3319
f 3297 3319 3298
f 3298 3319 3320
f 3298 3320 3299
f 3299 3320 3321
f 3299 3321 3300
f 3300 3321 3322
f 3300 3322 3146
f 3301 3123 3323
f 3301 3323 3302
f 3302 3323 3324
f 3302 3324 3303
f 3303 3324 3325
f 3303 3325 3304
f 3304 3325 3326
f 3304 3326 3305
f 3305 3326 3327
f 3305 3327 3306
f 3306 3327 3328
f 3306 3328 3307
f 3307 3328 3329
f 3307 3329 3308
f 3308 3329 3330
f 3308 3330 3309
f 3309 3330 3331
f 3309 3331 3310
f 3310 3331 3332
f 3310 3332 3311
f 3311 3332 3333
f 3311 3333 3312
f 3312 3333 3334
f 3312 3334 3313
f 3313 3334 3335
f 3313 3335 3314
f 3314 3335 3336
f 3314 3336 3315
f 3315 3336 3337
f 3315 3337 3316
f 3316 3337 3338
f 3316 3338 3317
f 3317 3338 3339
f 3317 3339 3318
f 3318 3339 3340
f 3318 3340 3319
f 3319 3340 3341
f 3319 3341 3320
f 3320 3341 3342
f 3320 3342 3321
f 3321 3342 3343
f 3321 3343 3322
f 3322 3343 3344
f 3322 3344 3146
f 3323 3123 3345
f 3323 3345 3324
f 3324 3345 3346
f 3324 3346 3325
f 3325 3346 3347
f 3325 3347 3326
f 3326 3347 3348
f 3326 3348 3327
f 3327 3348 3349
f 3327 3349 3328
f 3328 3349 3350
f 3328 3350 3329
f 3329 3350 3351
f 3329 3351 3330
f 3330 3351 3352
f 3330 3352 3331
f 3331 3352 3353
f 3331 3353 3332
f 3332 3353 3354
f 3332 3354 3333
f 3333 3354 3355
f 3333 3355 3334
f 3334 3355 3356
f 3334 3356 3335
f 3335 3356 3357
f 3335 3357 3336
f 3336 3357 3358
f 3336 3358 3337
f 3337 3358 3359
f 3337 3359 3338
f 3338 3359 3360
f 3338 3360 3339
f 3339 3360 3361
f 3339 3361 3340
f 3340 3361 3362
f 3340 3362 3341
f 3341 3362 3363
f 3341 3363 3342
f 3342 3363 3364
f 3342 3364 3343
f 3343 3364 3365
f 3343 3365 3344
f 3344 3365 3366
f 3344 3366 3146
f 3345 3123 3367
f 3345 3367 3346
f 3346 3367 3368
f 3346 3368 3347
f 3347 3368 3369
f 3347 3369 3348
f 3348 3369 3370
f 3348 3370 3349
f 3349 3370 3371
f 3349 3371 3350
f 3350 3371 3372
f 3350 3372 3351
f 3351 3372 3373
f 3351 3373 3352
f 3352 3373 3374
f 3352 3374 3353
f 3353 3374 3375
f 3353 3375 3354
f 3354 3375 3376
f 3354 3376 3355
f 3355 3376 3377
f 3355 3377 3356
f 3356 3377 3378
f 3356 3378 3357
f 3357 3378 3379
f 3357 3379 3358
f 3358 3379 3380
f 3358 3380 3359
f 3359 3380 3381
f 3359 3381 3360
f 3360 3381 3382
f 3360 3382 3361
f 3361 3382 3383
f 3361 3383 3362
f 3362 3383 3384
f 3362 3384 3363
f 3363 3384 3385
f 3363 3385 3364
f 3364 3385 3386
f 3364 3386 3365
f 3365 3386 3387
f 3365 3387 3366
f 3366 3387 3388
f 3366 3388 3146
f 3367 3123 3389
f 3367 3389 3368
f 3368 3389 3390
f 3368 3390 3369
f 3369 3390 3391
f 3369 3391 3370
f 3370 3391 3392
f 3370 3392 3371
f 3371 3392 3393
f 3371 3393 3372
f 3372 3393 3394
f 3372 3394 3373
f 3373 3394 3395
f 3373 3395 3374
f 3374 3395 3396
f 3374 3396 3375
f 3375 3396 3397
f 3375 3397 3376
f 3376 3397 3398
f 3376 3398 3377
f 3377 3398 3399
f 3377 3399 3378
f 3378 3399 3400
f 3378 3400 3379
f 3379 3400 3401
f 3379 3401 3380
f 3380 3401 3402
f 3380 3402 3381
f 3381 3402 3403
f 3381 3403 3382
f 3382 3403 3404
f 3382 3404 3383
f 3383 3404 3405
f 3383 3405 3384
f 3384 3405 3406
f 3384 3406 3385
f 3385 3406 3407
f 3385 3407 3386
f 3386 3407 3408
f 3386 3408 3387
f 3387 3408 3409
f 3387 3409 3388
f 3388 3409 3410
f 3388 3410 3146
f 3389 3123 3411
f 3389 3411 3390
f 3390 3411 3412
f 3390 3412 3391
f 3391 3412 3413
f 3391 3413 3392
f 3392 3413 3414
f 3392 3414 3393
f 3393 3414 3415
f 3393 3415 3394
f 3394 3415 3416
f 3394 3416 3395
f 3395 3416 3417
f 3395 3417 3396
f 3396 3417 3418
f 3396 3418 3397
f 3397 3418 3419
f 3397 3419 3398
f 3398 3419 3420
f 3398 3420 3399
f 3399 3420 3421
f 3399 3421 3400
f 3400 3421 3422
f 3400 3422 3401
f 3401 3422 3423
f 3401 3423 3402
f 3402 3423 3424
f 3402 3424 3403
f 3403 3424 3425
f 3403 3425 3404
f 3404 3425 3426
f 3404 3426 3405
f 3405 3426 3427
f 3405 3427 3406
f 3406 3427 3428
f 3406 3428 3407
f 3407 3428 3429
f 3407 3429 3408
f 3408 3429 3430
f 3408 3430 3409
f 3409 3430 3431
f 3409 3431 3410
f 3410 3431 3432
f 3410 3432 3146
f 3411 3123 3433
f 3411 3433 3412
f 3412 3433 3434
f 3412 3434 3413
f 3413 3434 3435
f 3413 3435 3414
f 3414 3435 3436
f 3414 3436 3415
f 3415 3436 3437
f 3415 3437 3416
f 3416 3437 3438
f 3416 3438 3417
f 3417 3438 3439
f 3417 3439 3418
f 3418 3439 3440
f 3418 3440 3419
f 3419 3440 3441
f 3419 3441 3420
f 3420 3441 3442
f 3420 3442 3421
f 3421 3442 3443
f 3421 3443 3422
f 3422 3443 3444
f 3422 3444 3423
f 3423 3444 3445
f 3423 3445 3424
f 3424 3445 3446
f 3424 3446 3425
f 3425 3446 3447
f 3425 3447 3426
f 3426 3447 3448
f 3426 3448 3427
f 3427 3448 3449
f 3427 3449 3428
f 3428 3449 3450
f 3428 3450 3429
f 3429 3450 3451
f 3429 3451 3430
f 3430 3451 3452
f 3430 3452 3431
f 3431 3452 3453
f 3431 3453 3432
f 3432 3453 3454
f 3432 3454 3146
f 3433 3123 3455
f 3433 3455 3434
f 3434 3455 3456
f 3434 3456 3435
f 3435 3456 3457
f 3435 3457 3436
f 3436 3457 3458
f 3436 3458 3437
f 3437 3458 3459
f 3437 3459 3438
f 3438 3459 3460
f 3438 3460 3439
f 3439 3460 3461
f 3439 3461 3440
f 3440 3461 3462
f 3440 3462 3441
f 3441 3462 3463
f 3441 3463 3442
f 3442 3463 3464
f 3442 3464 3443
f 3443 3464 3465
f 3443 3465 3444
f 3444 3465 3466
f 3444 3466 3445
f 3445 3466 3467
f 3445 3467 3446
f 3446 3467 3468
f 3446 3468 3447
f 3447 3468 3469
f 3447 3469 3448
f 3448 3469 3470
f 3448 3470 3449
f 3449 3470 3471
f 3449 3471 3450
f 3450 3471 3472
f 3450 3472 3451
f 3451 3472 3473
f 3451 3473 3452
f 3452 3473 3474
f 3452 3474 3453
f 3453 3474 3475
f 3453 3475 3454
f 3454 3475 3476
f 3454 3476 3146
f 3455 3123 3477
f 3455 3477 3456
f 3456 3477 3478
f 3456 3478 3457
f 3457 3478 3479
f 3457 3479 3458
f 3458 3479 3480
f 3458 3480 3459
f 3459 3480 3481
f 3459 3481 3460
f 3460 3481 3482
f 3460 3482 3461
f 3461 3482 3483
f 3461 3483 3462
f 3462 3483 3484
f 3462 3484 3463
f 3463 3484 3485
f 3463 3485 3464
f 3464 3485 3486
f 3464 3486 3465
f 3465 3486 3487
f 3465 3487 3466
f 3466 3487 3488
f 3466 3488 3467
f 3467 3488 3489
f 3467 3489 3468
f 3468 3489 3490
f 3468 3490 3469
f 3469 3490 3491
f 3469 3491 3470
f 3470 3491 3492
f 3470 3492 3471
f 3471 3492 3493
f 3471 3493 3472
f 3472 3493 3494
f 3472 3494 3473
f 3473 3494 3495
f 3473 3495 3474
f 3474 3495 3496
f 3474 3496 3475
f 3475 3496 3497
f 3475 3497 3476
f 3476 3497 3498
f 3476 3498 3146
f 3477 3123 3499
f 3477 3499 3478
f 3478 3499 3500
f 3478 3500 3479
f 3479 3500 3501
f 3479 3501 3480
f 3480 3501 3502
f 3480 3502 3481
f 3481 3502 3503
f 3481 3503 3482
f 3482 3503 3504
f 3482 3504 3483
f 3483 3504 3505
f 3483 3505 3484
f 3484 3505 3506
f 3484 3506 3485
f 3485 3506 3507
f 3485 3507 3486
f 3486 3507 3508
f 3486 3508 3487
f 3487 3508 3509
f 3487 3509 3488
f 3488 3509 3510
f 3488 3510 3489
f 3489 3510 3511
f 3489 3511 3490
f 3490 3511 3512
f 3490 3512 3491
f 3491 3512 3513
f 3491 3513 3492
f 3492 3513 3514
f 3492 3514 3493
f 3493 3514 3515
f 3493 3515 3494
f 3494 3515 3516
f 3494 3516 3495
f 3495 3516 3517
f 3495 3517 3496
f 3496 3517 3518
f 3496 3518 3497
f 3497 3518 3519
f 3497 3519 3498
f 3498 3519 3520
f 3498 3520 3146
f 3499 3123 3521
f 3499 3521 3500
f 3500 3521 3522
f 3500 3522 3501
f 3501 3522 3523
f 3501 3523 3502
f 3502 3523 3524
f 3502 3524 3503
f 3503 3524 3525
f 3503 3525 3504
f 3504 3525 3526
f 3504 3526 3505
f 3505 3526 3527
f 3505 3527 3506
f 3506 3527 3528
f 3506 3528 3507
f 3507 3528 3529
f 3507 3529 3508
f 3508 3529 3530
f 3508 3530 3509
f 3509 3530 3531
f 3509 3531 3510
f 3510 3531 3532
f 3510 3532 3511
f 3511 3532 3533
f 3511 3533 3512
f 3512 3533 3534
f 3512 3534 3513
f 3513 3534 3535
f 3513 3535 3514
f 3514 3535 3536
f 3514 3536 3515
f 3515 3536 3537
f 3515 3537 3516
f 3516 3537 3538
f 3516 3538 3517
f 3517 3538 3539
f 3517 3539 3518
f 3518 3539 3540
f 3518 3540 3519
f 3519 3540 3541
f 3519 3541 3520
f 3520 3541 3542
f 3520 3542 3146
f 3521 3123 3543
f 3521 3543 3522
f 3522 3543 3544
f 3522 3544 3523
f 3523 3544 3545
f 3523 3545 3524
f 3524 3545 3546
f 3524 3546 3525
f 3525 3546 3547
f 3525 3547 3526
f 3526 3547 3548
f 3526 3548 3527
f 3527 3548 3549
f 3527 3549 3528
f 3528 3549 3550
f 3528 3550 3529
f 3529 3550 3551
f 3529 3551 3530
f 3530 3551 3552
f 3530 3552 3531
f 3531 3552 3553
f 3531 3553 3532
f 3532 3553 3554
f 3532 3554 3533
f 3533 3554 3555
f 3533 3555 3534
f 3534 3555 3556
f 3534 3556 3535
f 3535 3556 3557
f 3535 3557 3536
f 3536 3557 3558
f 3536 3558 3537
f 3537 3558 3559
f 3537 3559 3538
f 3538 3559 3560
f 3538 3560 3539
f 3539 3560 3561
f 3539 3561 3540
f 3540 3561 3562
f 3540 3562 3541
f 3541 3562 3563
f 3541 3563 3542
f 3542 3563 3564
f 3542 3564 3146
f 3543 3123 3565
f 3543 3565 3544
f 3544 3565 3566
f 3544 3566 3545
f 3545 3566 3567
f 3545 3567 3546
f 3546 3567 3568
f 3546 3568 3547
f 3547 3568 3569
f 3547 3569 3548
f 3548 3569 3570
f 3548 3570 3549
f 3549 3570 3571
f 3549 3571 3550
f 3550 3571 3572
f 3550 3572 3551
f 3551 3572 3573
f 3551 3573 3552
f 3552 3573 3574
f 3552 3574 3553
f 3553 3574 3575
f 3553 3575 3554
f 3554 3575 3576
f 3554 3576 3555
f 3555 3576 3577
f 3555 3577 3556
f 3556 3577 3578
f 3556 3578 3557
f 3557 3578 3579
f 3557 3579 3558
f 3558 3579 3580
f 3558 3580 3559
f 3559 3580 3581
f 3559 3581 3560
f 3560 3581 3582
f 3560 3582 3561
f 3561 3582 3583
f 3561 3583 3562
f 3562 3583 3584
f 3562 3584 3563
f 3563 3584 3585
f 3563 3585 3564
f 3564 3585 3586
f 3564 3586 3146
f 3565 3123 3587
f 3565 3587 3566
f 3566 3587 3588
f 3566 3588 3567
f 3567 3588 3589
f 3567 3589 3568
f 3568 3589 3590
f 3568 3590 3569
f 3569 3590 3591
f 3569 3591 3570
f 3570 3591 3592
f 3570 3592 3571
f 3571 3592 3593
f 3571 3593 3572
f 3572 3593 3594
f 3572 3594 3573
f 3573 3594 3595
f 3573 3595 3574
f 3574 3595 3596
f 3574 3596 3575
f 3575 3596 3597
f 3575 3597 3576
f 3576 3597 3598
f 3576 3598 3577
f 3577 3598 3599
f 3577 3599 3578
f 3578 3599 3600
f 3578 3600 3579
f 3579 3600 3601
f 3579 3601 3580
f 3580 3601 3602
f 3580 3602 3581
f 3581 3602 3603
f 3581 3603 3582
f 3582 3603 3604
f 3582 3604 3583
f 3583 3604 3605
f 3583 3605 3584
f 3584 3605 3606
f 3584 3606 3585
f 3585 3606 3607
f 3585 3607 3586
f 3586 3607 3608
f 3586 3608 3146
f 3587 3123 3609
f 3587 3609 3588
f 3588 3609 3610
f 3588 3610 3589
f 3589 3610 3611
f 3589 3611 3590
f 3590 3611 3612
f 3590 3612 3591
f 3591 3612 3613
f 3591 3613 3592
f 3592 3613 3614
f 3592 3614 3593
f 3593 3614 3615
f 3593 3615 3594
f 3594 3615 3616
f 3594 3616 3595
f 3595 3616 3617
f 3595 3617 3596
f 3596 3617 3618
f 3596 3618 3597
f 3597 3618 3619
f 3597 3619 3598
f 3598 3619 3620
f 3598 3620 3599
f 3599 3620 3621
f 3599 3621 3600
f 3600 3621 3622
f 3600 3622 3601
f 3601 3622 3623
f 3601 3623 3602
f 3602 3623 3624
f 3602 3624 3603
f 3603 3624 3625
f 3603 3625 3604
f 3604 3625 3626
f 3604 3626 3605
f 3605 3626 3627
f 3605 3627 3606
f 3606 3627 3628
f 3606 3628 3607
f 3607 3628 3629
f 3607 3629 3608
f 3608 3629 3630
f 3608 3630 3146
f 3609 3123 3631
f 3609 3631 3610
f 3610 3631 3632
f 3610 3632 3611
f 3611 3632 3633
f 3611 3633 3612
f 3612 3633 3634
f 3612 3634 3613
f 3613 3634 3635
f 3613 3635 3614
f 3614 3635 3636
f 3614 3636 3615
f 3615 3636 3637
f 3615 3637 3616
f 3616 3637 3638
f 3616 3638 3617
f 3617 3638 3639
f 3617 3639 3618
f 3618 3639 3640
f 3618 3640 3619
f 3619 3640 3641
f 3619 3641 3620
f 3620 3641 3642
f 3620 3642 3621
f 3621 3642 3643
f 3621 3643 3622
f 3622 3643 3644
f 3622 3644 3623
f 3623 3644 3645
f 3623 3645 3624
f 3624 3645 3646
f 3624 3646 3625
f 3625 3646 3647
f 3625 3647 3626
f 3626 3647 3648
f 3626 3648 3627
f 3627 3648 3649
f 3627 3649 3628
f 3628 3649 3650
f 3628 3650 3629
f 3629 3650 3651
f 3629 3651 3630
f 3630 3651 3652
f 3630 3652 3146
f 3631 3123 3124
f 3631 3124 3632
f 3632 3124 3125
f 3632 3125 3633
f 3633 3125 3126
f 3633 3126 3634
f 3634 3126 3127
f 3634 3127 3635
f 3635 3127 3128
f 3635 3128 3636
f 3636 3128 3129
f 3636 3129 3637
f 3637 3129 3130
f 3637 3130 3638
f 3638 3130 3131
f 3638 3131 3639
f 3639 3131 3132
f 3639 3132 3640
f 3640 3132 3133
f 3640 3133 3641
f 3641 3133 3134
f 3641 3134 3642
f 3642 3134 3135
f 3642 3135 3643
f 3643 3135 3136
f 3643 3136 3644
f 3644 3136 3137
f 3644 3137 3645
f 3645 3137 3138
f 3645 3138 3646
f 3646 3138 3139
f 3646 3139 3647
f 3647 3139 3140
f 3647 3140 3648
f 3648 3140 3141
f 3648 3141 3649
f 3649 3141 3142
f 3649 3142 3650
f 3650 3142 3143
f 3650 3143 3651
f 3651 3143 3144
f 3651 3144 3652
f 3652 3144 3145
f 3652 3145 3146
f 3654 3653 3657
f 3654 3657 3655
f 3655 3657 3658
f 3655 3658 3656
f 3657 3653 3659
f 3657 3659 3658
f 3658 3659 3660
f 3658 3660 3656
f 3659 3653 3661
f 3659 3661 3660
f 3660 3661 3662
f 3660 3662 3656
f 3661 3653 3663
f 3661 3663 3662
f 3662 3663 3664
f 3662 3664 3656
f 3663 3653 3665
f 3663 3665 3664
f 3664 3665 3666
f 3664 3666 3656
f 3665 3653 3667
f 3665 3667 3666
f 3666 3667 3668
f 3666 3668 3656
f 3667 3653 3669
f 3667 3669 3668
f 3668 3669 3670
f 3668 3670 3656
f 3669 3653 3671
f 3669 3671 3670
f 3670 3671 3672
f 3670 3672 3656
f 3671 3653 3673
f 3671 3673 3672
f 3672 3673 3674
f 3672 3674 3656
f 3673 3653 3675
f 3673 3675 3674
f 3674 3675 3676
f 3674 3676 3656
f 3675 3653 3677
f 3675 3677 3676
f 3676 3677 3678
f 3676 3678 3656
f 3677 3653 3679
f 3677 3679 3678
f 3678 3679 3680
f 3678 3680 3656
f 3679 3653 3681
f 3679 3681 3680
f 3680 3681 3682
f 3680 3682 3656
f 3681 3653 3683
f 3681 3683 3682
f 3682 3683 3684
f 3682 3684 3656
f 3683 3653 3685
f 3683 3685 3684
f 3684 3685 3686
f 3684 3686 3656
f 3685 3653 3687
f 3685 3687 3686
f 3686 3687 3688
f 3686 3688 3656
f 3687 3653 3689
f 3687 3689 3688
f 3688 3689 3690
f 3688 3690 3656
f 3689 3653 3691
f 3689 3691 3690
f 3690 3691 3692
f 3690 3692 3656
f 3691 3653 3693
f 3691 3693 3692
f 3692 3693 3694
f 3692 3694 3656
f 3693 3653 3654
f 3693 3654 3694
f 3694 3654 3655
f 3694 3655 3656
f 3696 3695 3715
f 3696 3715 3697
f 3697 3715 3716
f 3697 3716 3698
f 3698 3716 3717
f 3698 3717 3699
f 3699 3717 3718
f 3699 3718 3700
f 3700 3718 3719
f 3700 3719 3701
f 3701 3719 3720
f 3701 3720 3702
f 3702 3720 3721
f 3702 3721 3703
f 3703 3721 3722
f 3703 3722 3704
f 3704 3722 3723
f 3704 3723 3705
f 3705 3723 3724
f 3705 3724 3706
f 3706 3724 3725
f 3706 3725 3707
f 3707 3725 3726
f 3707 3726 3708
f 3708 3726 3727
f 3708 3727 3709
f 3709 3727 3728
f 3709 3728 3710
f 3710 3728 3729
f 3710 3729 3711
f 3711 3729 3730
f 3711 3730 3712
f 3712 3730 3731
f 3712 3731 3713
f 3713 3731 3732
f 3713 3732 3714
f 3715 3695 3733
f 3715 3733 3716
f 3716 3733 3734
f 3716 3734 3717
f 3717 3734 3735
f 3717 3735 3718
f 3718 3735 3736
f 3718 3736 3719
f 3719 3736 3737
f 3719 3737 3720
f 3720 3737 3738
f 3720 3738 3721
f 3721 3738 3739
f 3721 3739 3722
f 3722 3739 3740
f 3722 3740 3723
f 3723 3740 3741
f 3723 3741 3724
f 3724 3741 3742
f 3724 3742 3725
f 3725 3742 3743
f 3725 3743 3726
f 3726 3743 3744
f 3726 3744 3727
f 3727 3744 3745
f 3727 3745 3728
f 3728 3745 3746
f 3728 3746 3729
f 3729 3746 3747
f 3729 3747 3730
f 3730 3747 3748
f 3730 3748 3731
f 3731 3748 3749
f 3731 3749 3732
f 3732 3749 3750
f 3732 3750 3714
f 3733 3695 3751
f 3733 3751 3734
f 3734 3751 3752
f 3734 3752 3735
f 3735 3752 3753
f 3735 3753 3736
f 3736 3753 3754
f 3736 3754 3737
f 3737 3754 3755
f 3737 3755 3738
f 3738 3755 3756
f 3738 3756 3739
f 3739 3756 3757
f 3739 3757 3740
f 3740 3757 3758
f 3740 3758 3741
f 3741 3758 3759
f 3741 3759 3742
f 3742 3759 3760
f 3742 3760 3743
f 3743 3760 3761
f 3743 3761 3744
f 3744 3761 3762
f 3744 3762 3745
f 3745 3762 3763
f 3745 3763 3746
f 3746 3763 3764
f 3746 3764 3747
f 3747 3764 3765
f 3747 3765 3748
f 3748 3765 3766
f 3748 3766 3749
f 3749 3766 3767
f 3749 3767 3750
f 3750 3767 3768
f 3750 3768 3714
f 3751 3695 3769
f 3751 3769 3752
f 3752 3769 3770
f 3752 3770 3753
f 3753 3770 3771
f 3753 3771 3754
f 3754 3771 3772
f 3754 3772 3755
f 3755 3772 3773
f 3755 3773 3756
f 3756 3773 3774
f 3756 3774 3757
f 3757 3774 3775
f 3757 3775 3758
f 3758 3775 3776
f 3758 3776 3759
f 3759 3776 3777
f 3759 3777 3760
f 3760 3777 3778
f 3760 3778 3761
f 3761 3778 3779
f 3761 3779 3762
f 3762 3779 3780
f 3762 3780 3763
f 3763 3780 3781
f 3763 3781 3764
f 3764 3781 3782
f 3764 3782 3765
f 3765 3782 3783
f 3765 3783 3766
f 3766 3783 3784
f 3766 3784 3767
f 3767 3784 3785
f 3767 3785 3768
f 3768 3785 3786
f 3768 3786 3714
f 3769 3695 3787
f 3769 3787 3770
f 3770 3787 3788
f 3770 3788 3771
f 3771 3788 3789
f 3771 3789 3772
f 3772 3789 3790
f 3772 3790 3773
f 3773 3790 3791
f 3773 3791 3774
f 3774 3791 3792
f 3774 3792 3775
f 3775 3792 3793
f 3775 3793 3776
f 3776 3793 3794
f 3776 3794 3777
f 3777 3794 3795
f 3777 3795 3778
f 3778 3795 3796
f 3778 3796 3779
f 3779 3796 3797
f 3779 3797 3780
f 3780 3797 3798
f 3780 3798 3781
f 3781 3798 3799
f 3781 3799 3782
f 3782 3799 3800
f 3782 3800 3783
f 3783 3800 3801
f 3783 3801 3784
f 3784 3801 3802
f 3784 3802 3785
f 3785 3802 3803
f 3785 3803 3786
f 3786 3803 3804
f 3786 3804 3714
f 3787 3695 3805
f 3787 3805 3788
f 3788 3805 3806
f 3788 3806 3789
f 3789 3806 3807
f 3789 3807 3790
f 3790 3807 3808
f 3790 3808 3791
f 3791 3808 3809
f 3791 3809 3792
f 3792 3809 3810
f 3792 3810 3793
f 3793 3810 3811
f 3793 3811 3794
f 3794 3811 3812
f 3794 3812 3795
f 3795 3812 3813
f 3795 3813 3796
f 3796 3813 3814
f 3796 3814 3797
f 3797 3814 3815
f 3797 3815 3798
f 3798 3815 3816
f 3798 3816 3799
f 3799 3816 3817
f 3799 3817 3800
f 3800 3817 3818
f 3800 3818 3801
f 3801 3818 3819
f 3801 3819 3802
f 3802 3819 3820
f 3802 3820 3803
f 3803 3820 3821
f 3803 3821 3804
f 3804 3821 3822
f 3804 3822 3714
f 3805 3695 3823
f 3805 3823 3806
f 3806 3823 3824
f 3806 3824 3807
f 3807 3824 3825
f 3807 3825 3808
f 3808 3825 3826
f 3808 3826 3809
f 3809 3826 3827
f 3809 3827 3810
f 3810 3827 3828
f 3810 3828 3811
f 3811 3828 3829
f 3811 3829 3812
f 3812 3829 3830
f 3812 3830 3813
f 3813 3830 3831
f 3813 3831 3814
f 3814 3831 3832
f 3814 3832 3815
f 3815 3832 3833
f 3815 3833 3816
f 3816 3833 3834
f 3816 3834 3817
f 3817 3834 3835
f 3817 3835 3818
f 3818 3835 3836
f 3818 3836 3819
f 3819 3836 3837
f 3819 3837 3820
f 3820 3837 3838
f 3820 3838 3821
f 3821 3838 3839
f 3821 3839 3822
f 3822 3839 3840
f 3822 3840 3714
f 3823 3695 3841
f 3823 3841 3824
f 3824 3841 3842
f 3824 3842 3825
f 3825 3842 3843
f 3825 3843 3826
f 3826 3843 3844
f 3826 3844 3827
f 3827 3844 3845
f 3827 3845 3828
f 3828 3845 3846
f 3828 3846 3829
f 3829 3846 3847
f 3829 3847 3830
f 3830 3847 3848
f 3830 3848 3831
f 3831 3848 3849
f 3831 3849 3832
f 3832 3849 3850
f 3832 3850 3833
f 3833 3850 3851
f 3833 3851 3834
f 3834 3851 3852
f 3834 3852 3835
f 3835 3852 3853
f 3835 3853 3836
f 3836 3853 3854
f 3836 3854 3837
f 3837 3854 3855
f 3837 3855 3838
f 3838 3855 3856
f 3838 3856 3839
f 3839 3856 3857
f 3839 3857 3840
f 3840 3857 3858
f 3840 3858 3714
f 3841 3695 3859
f 3841 3859 3842
f 3842 3859 3860
f 3842 3860 3843
f 3843 3860 3861
f 3843 3861 3844
f 3844 3861 3862
f 3844 3862 3845
f 3845 3862 3863
f 3845 3863 3846
f 3846 3863 3864
f 3846 3864 3847
f 3847 3864 3865
f 3847 3865 3848
f 3848 3865 3866
f 3848 3866 3849
f 3849 3866 3867
f 3849 3867 3850
f 3850 3867 3868
f 3850 3868 3851
f 3851 3868 3869
f 3851 3869 3852
f 3852 3869 3870
f 3852 3870 3853
f 3853 3870 3871
f 3853 3871 3854
f 3854 3871 3872
f 3854 3872 3855
f 3855 3872 3873
f 3855 3873 3856
f 3856 3873 3874
f 3856 3874 3857
f 3857 3874 3875
f 3857 3875 3858
f 3858 3875 3876
f 3858 3876 3714
f 3859 3695 3877
f 3859 3877 3860
f 3860 3877 3878
f 3860 3878 3861
f 3861 3878 3879
f 3861 3879 3862
f 3862 3879 3880
f 3862 3880 3863
f 3863 3880 3881
f 3863 3881 3864
f 3864 3881 3882
f 3864 3882 3865
f 3865 3882 3883
f 3865 3883 3866
f 3866 3883 3884
f 3866 3884 3867
f 3867 3884 3885
f 3867 3885 3868
f 3868 3885 3886
f 3868 3886 3869
f 3869 3886 3887
f 3869 3887 3870
f 3870 3887 3888
f 3870 3888 3871
f 3871 3888 3889
f 3871 3889 3872
f 3872 3889 3890
f 3872 3890 3873
f 3873 3890 3891
f 3873 3891 3874
f 3874 3891 3892
f 3874 3892 3875
f 3875 3892 3893
f 3875 3893 3876
f 3876 3893 3894
f 3876 3894 3714
f 3877 3695 3895
f 3877 3895 3878
f 3878 3895 3896
f 3878 3896 3879
f 3879 3896 3897
f 3879 3897 3880
f 3880 3897 3898
f 3880 3898 3881
f 3881 3898 3899
f 3881 3899 3882
f 3882 3899 3900
f 3882 3900 3883
f 3883 3900 3901
f 3883 3901 3884
f 3884 3901 3902
f 3884 3902 3885
f 3885 3902 3903
f 3885 3903 3886
f 3886 3903 3904
f 3886 3904 3887
f 3887 3904 3905
f 3887 3905 3888
f 3888 3905 3906
f 3888 3906 3889
f 3889 3906 3907
f 3889 3907 3890
f 3890 3907 3908
f 3890 3908 3891
f 3891 3908 3909
f 3891 3909 3892
f 3892 3909 3910
f 3892 3910 3893
f 3893 3910 3911
f 3893 3911 3894
f 3894 3911 3912
f 3894 3912 3714
f 3895 3695 3913
f 3895 3913 3896
f 3896 3913 3914
f 3896 3914 3897
f 3897 3914 3915
f 3897 3915 3898
f 3898 3915 3916
f 3898 3916 3899
f 3899 3916 3917
f 3899 3917 3900
f 3900 3917 3918
f 3900 3918 3901
f 3901 3918 3919
f 3901 3919 3902
f 3902 3919 3920
f 3902 3920 3903
f 3903 3920 3921
f 3903 3921 3904
f 3904 3921 3922
f 3904 3922 3905
f 3905 3922 3923
f 3905 3923 3906
f 3906 3923 3924
f 3906 3924 3907
f 3907 3924 3925
f 3907 3925 3908
f 3908 3925 3926
f 3908 3926 3909
f 3909 3926 3927
f 3909 3927 3910
f 3910 3927 3928
f 3910 3928 3911
f 3911 3928 3929
f 3911 3929 3912
f 3912 3929 3930
f 3912 3930 3714
f 3913 3695 3931
f 3913 3931 3914
f 3914 3931 3932
f 3914 3932 3915
f 3915 3932 3933
f 3915 3933 3916
f 3916 3933 3934
f 3916 3934 3917
f 3917 3934 3935
f 3917 3935 3918
f 3918 3935 3936
f 3918 3936 3919
f 3919 3936 3937
f 3919 3937 3920
f 3920 3937 3938
f 3920 3938 3921
f 3921 3938 3939
f 3921 3939 3922
f 3922 3939 3940
f 3922 3940 3923
f 3923 3940 3941
f 3923 3941 3924
f 3924 3941 3942
f 3924 3942 3925
f 3925 3942 3943
f 3925 3943 3926
f 3926 3943 3944
f 3926 3944 3927
f 3927 3944 3945
f 3927 3945 3928
f 3928 3945 3946
f 3928 3946 3929
f 3929 3946 3947
f 3929 3947 3930
f 3930 3947 3948
f 3930 3948 3714
f 3931 3695 3949
f 3931 3949 3932
f 3932 3949 3950
f 3932 3950 3933
f 3933 3950 3951
f 3933 3951 3934
f 3934 3951 3952
f 3934 3952 3935
f 3935 3952 3953
f 3935 3953 3936
f 3936 3953 3954
f 3936 3954 3937
f 3937 3954 3955
f 3937 3955 3938
f 3938 3955 3956
f 3938 3956 3939
f 3939 3956 3957
f 3939 3957 3940
f 3940 3957 3958
f 3940 3958 3941
f 3941 3958 3959
f 3941 3959 3942
f 3942 3959 3960
f 3942 3960 3943
f 3943 3960 3961
f 3943 3961 3944
f 3944 3961 3962
f 3944 3962 3945
f 3945 3962 3963
f 3945 3963 3946
f 3946 3963 3964
f 3946 3964 3947
f 3947 3964 3965
f 3947 3965 3948
f 3948 3965 3966
f 3948 3966 3714
f 3949 3695 3967
f 3949 3967 3950
f 3950 3967 3968
f 3950 3968 3951
f 3951 3968 3969
f 3951 3969 3952
f 3952 3969 3970
f 3952 3970 3953
f 3953 3970 3971
f 3953 3971 3954
f 3954 3971 3972
f 3954 3972 3955
f 3955 3972 3973
f 3955 3973 3956
f 3956 3973 3974
f 3956 3974 3957
f 3957 3974 3975
f 3957 3975 3958
f 3958 3975 3976
f 3958 3976 3959
f 3959 3976 3977
f 3959 3977 3960
f 3960 3977 3978
f 3960 3978 3961
f 3961 3978 3979
f 3961 3979 3962
f 3962 3979 3980
f 3962 3980 3963
f 3963 3980 3981
f 3963 3981 3964
f 3964 3981 3982
f 3964 3982 3965
f 3965 3982 3983
f 3965 3983 3966
f 3966 3983 3984
f 3966 3984 3714
f 3967 3695 3985
f 3967 3985 3968
f 3968 3985 3986
f 3968 3986 3969
f 3969 3986 3987
f 3969 3987 3970
f 3970 3987 3988
f 3970 3988 3971
f 3971 3988 3989
f 3971 3989 3972
f 3972 3989 3990
f 3972 3990 3973
f 3973 3990 3991
f 3973 3991 3974
f 3974 3991 3992
f 3974 3992 3975
f 3975 3992 3993
f 3975 3993 3976
f 3976 3993 3994
f 3976 3994 3977
f 3977 3994 3995
f 3977 3995 3978
f 3978 3995 3996
f 3978 3996 3979
f 3979 3996 3997
f 3979 3997 3980
f 3980 3997 3998
f 3980 3998 3981
f 3981 3998 3999
f 3981 3999 3982
f 3982 3999 4000
f 3982 4000 3983
f 3983 4000 4001
f 3983 4001 3984
f 3984 4001 4002
f 3984 4002 3714
f 3985 3695 4003
f 3985 4003 3986
f 3986 4003 4004
f 3986 4004 3987
f 3987 4004 4005
f 3987 4005 3988
f 3988 4005 4006
f 3988 4006 3989
f 3989 4006 4007
f 3989 4007 3990
f 3990 4007 4008
f 3990 4008 3991
f 3991 4008 4009
f 3991 4009 3992
f 3992 4009 4010
f 3992 4010 3993
f 3993 4010 4011
f 3993 4011 3994
f 3994 4011 4012
f 3994 4012 3995
f 3995 4012 4013
f 3995 4013 3996
f 3996 4013 4014
f 3996 4014 3997
f 3997 4014 4015
f 3997 4015 3998
f 3998 4015 4016
f 3998 4016 3999
f 3999 4016 4017
f 3999 4017 4000
f 4000 4017 4018
f 4000 4018 4001
f 4001 4018 4019
f 4001 4019 4002
f 4002 4019 4020
f 4002 4020 3714
f 4003 3695 4021
f 4003 4021 4004
f 4004 4021 4022
f 4004 4022 4005
f 4005 4022 4023
f 4005 4023 4006
f 4006 4023 4024
f 4006 4024 4007
f 4007 4024 4025
f 4007 4025 4008
f 4008 4025 4026
f 4008 4026 4009
f 4009 4026 4027
f 4009 4027 4010
f 4010 4027 4028
f 4010 4028 4011
f 4011 4028 4029
f 4011 4029 4012
f 4012 4029 4030
f 4012 4030 4013
f 4013 4030 4031
f 4013 4031 4014
f 4014 4031 4032
f 4014 4032 4015
f 4015 4032 4033
f 4015 4033 4016
f 4016 4033 4034
f 4016 4034 4017
f 4017 4034 4035
f 4017 4035 4018
f 4018 4035 4036
f 4018 4036 4019
f 4019 4036 4037
f 4019 4037 4020
f 4020 4037 4038
f 4020 4038 3714
f 4021 3695 4039
f 4021 4039 4022
f 4022 4039 4040
f 4022 4040 4023
f 4023 4040 4041
f 4023 4041 4024
f 4024 4041 4042
f 4024 4042 4025
f 4025 4042 4043
f 4025 4043 4026
f 4026 4043 4044
f 4026 4044 4027
f 4027 4044 4045
f 4027 4045 4028
f 4028 4045 4046
f 4028 4046 4029
f 4029 4046 4047
f 4029 4047 4030
f 4030 4047 4048
f 4030 4048 4031
f 4031 4048 4049
f 4031 4049 4032
f 4032 4049 4050
f 4032 4050 4033
f 4033 4050 4051
f 4033 4051 4034
f 4034 4051 4052
f 4034 4052 4035
f 4035 4052 4053
f 4035 4053 4036
f 4036 4053 4054
f 4036 4054 4037
f 4037 4054 4055
f 4037 4055 4038
f 4038 4055 4056
f 4038 4056 3714
f 4039 3695 3696
f 4039 3696 4040
f 4040 3696 3697
f 4040 3697 4041
f 4041 3697 3698
f 4041 3698 4042
f 4042 3698 3699
f 4042 3699 4043
f 4043 3699 3700
f 4043 3700 4044
f 4044 3700 3701
f 4044 3701 4045
f 4045 3701 3702
f 4045 3702 4046
f 4046 3702 3703
f 4046 3703 4047
f 4047 3703 3704
f 4047 3704 4048
f 4048 3704 3705
f 4048 3705 4049
f 4049 3705 3706
f 4049 3706 4050
f 4050 3706 3707
f 4050 3707 4051
f 4051 3707 3708
f 4051 3708 4052
f 4052 3708 3709
f 4052 3709 4053
f 4053 3709 3710
f 4053 3710 4054
f 4054 3710 3711
f 4054 3711 4055
f 4055 3711 3712
f 4055 3712 4056
f 4056 3712 3713
f 4056 3713 3714
f 4058 4057 4077
f 4058 4077 4059
f 4059 4077 4078
f 4059 4078 4060
f 4060 4078 4079
f 4060 4079 4061
f 4061 4079 4080
f 4061 4080 4062
f 4062 4080 4081
f 4062 4081 4063
f 4063 4081 4082
f 4063 4082 4064
f 4064 4082 4083
f 4064 4083 4065
f 4065 4083 4084
f 4065 4084 4066
f 4066 4084 4085
f 4066 4085 4067
f 4067 4085 4086
f 4067 4086 4068
f 4068 4086 4087
f 4068 4087 4069
f 4069 4087 4088
f 4069 4088 4070
f 4070 4088 4089
f 4070 4089 4071
f 4071 4089 4090
f 4071 4090 4072
f 4072 4090 4091
f 4072 4091 4073
f 4073 4091 4092
f 4073 4092 4074
f 4074 4092 4093
f 4074 4093 4075
f 4075 4093 4094
f 4075 4094 4076
f 4077 4057 4095
f 4077 4095 4078
f 4078 4095 4096
f 4078 4096 4079
f 4079 4096 4097
f 4079 4097 4080
f 4080 4097 4098
f 4080 4098 4081
f 4081 4098 4099
f 4081 4099 4082
f 4082 4099 4100
f 4082 4100 4083
f 4083 4100 4101
f 4083 4101 4084
f 4084 4101 4102
f 4084 4102 4085
f 4085 4102 4103
f 4085 4103 4086
f 4086 4103 4104
f 4086 4104 4087
f 4087 4104 4105
f 4087 4105 4088
f 4088 4105 4106
f 4088 4106 4089
f 4089 4106 4107
f 4089 4107 4090
f 4090 4107 4108
f 4090 4108 4091
f 4091 4108 4109
f 4091 4109 4092
f 4092 4109 4110
f 4092 4110 4093
f 4093 4110 4111
f 4093 4111 4094
f 4094 4111 4112
f 4094 4112 4076
f 4095 4057 4113
f 4095 4113 4096
f 4096 4113 4114
f 4096 4114 4097
f 4097 4114 4115
f 4097 4115 4098
f 4098 4115 4116
f 4098 4116 4099
f 4099 4116 4117
f 4099 4117 4100
f 4100 4117 4118
f 4100 4118 4101
f 4101 4118 4119
f 4101 4119 4102
f 4102 4119 4120
f 4102 4120 4103
f 4103 4120 4121
f 4103 4121 4104
f 4104 4121 4122
f 4104 4122 4105
f 4105 4122 4123
f 4105 4123 4106
f 4106 4123 4124
f 4106 4124 4107
f 4107 4124 4125
f 4107 4125 4108
f 4108 4125 4126
f 4108 4126 4109
f 4109 4126 4127
f 4109 4127 4110
f 4110 4127 4128
f 4110 4128 4111
f 4111 4128 4129
f 4111 4129 4112
f 4112 4129 4130
f 4112 4130 4076
f 4113 4057 4131
f 4113 4131 4114
f 4114 4131 4132
f 4114 4132 4115
f 4115 4132 4133
f 4115 4133 4116
f 4116 4133 4134
f 4116 4134 4117
f 4117 4134 4135
f 4117 4135 4118
f 4118 4135 4136
f 4118 4136 4119
f 4119 4136 4137
f 4119 4137 4120
f 4120 4137 4138
f 4120 4138 4121
f 4121 4138 4139
f 4121 4139 4122
f 4122 4139 4140
f 4122 4140 4123
f 4123 4140 4141
f 4123 4141 4124
f 4124 4141 4142
f 4124 4142 4125
f 4125 4142 4143
f 4125 4143 4126
f 4126 4143 4144
f 4126 4144 4127
f 4127 4144 4145
f 4127 4145 4128
f 4128 4145 4146
f 4128 4146 4129
f 4129 4146 4147
f 4129 4147 4130
f 4130 4147 4148
f 4130 4148 4076
f 4131 4057 4149
f 4131 4149 4132
f 4132 4149 4150
f 4132 4150 4133
f 4133 4150 4151
f 4133 4151 4134
f 4134 4151 4152
f 4134 4152 4135
f 4135 4152 4153
f 4135 4153 4136
f 4136 4153 4154
f 4136 4154 4137
f 4137 4154 4155
f 4137 4155 4138
f 4138 4155 4156
f 4138 4156 4139
f 4139 4156 4157
f 4139 4157 4140
f 4140 4157 4158
f 4140 4158 4141
f 4141 4158 4159
f 4141 4159 4142
f 4142 4159 4160
f 4142 4160 4143
f 4143 4160 4161
f 4143 4161 4144
f 4144 4161 4162
f 4144 4162 4145
f 4145 4162 4163
f 4145 4163 4146
f 4146 4163 4164
f 4146 4164 4147
f 4147 4164 4165
f 4147 4165 4148
f 4148 4165 4166
f 4148 4166 4076
f 4149 4057 4167
f 4149 4167 4150
f 4150 4167 4168
f 4150 4168 4151
f 4151 4168 4169
f 4151 4169 4152
f 4152 4169 4170
f 4152 4170 4153
f 4153 4170 4171
f 4153 4171 4154
f 4154 4171 4172
f 4154 4172 4155
f 4155 4172 4173
f 4155 4173 4156
f 4156 4173 4174
f 4156 4174 4157
f 4157 4174 4175
f 4157 4175 4158
f 4158 4175 4176
f 4158 4176 4159
f 4159 4176 4177
f 4159 4177 4160
f 4160 4177 4178
f 4160 4178 4161
f 4161 4178 4179
f 4161 4179 4162
f 4162 4179 4180
f 4162 4180 4163
f 4163 4180 4181
f 4163 4181 4164
f 4164 4181 4182
f 4164 4182 4165
f 4165 4182 4183
f 4165 4183 4166
f 4166 4183 4184
f 4166 4184 4076
f 4167 4057 4185
f 4167 4185 4168
f 4168 4185 4186
f 4168 4186 4169
f 4169 4186 4187
f 4169 4187 4170
f 4170 4187 4188
f 4170 4188 4171
f 4171 4188 4189
f 4171 4189 4172
f 4172 4189 4190
f 4172 4190 4173
f 4173 4190 4191
f 4173 4191 4174
f 4174 4191 4192
f 4174 4192 4175
f 4175 4192 4193
f 4175 4193 4176
f 4176 4193 4194
f 4176 4194 4177
f 4177 4194 4195
f 4177 4195 4178
f 4178 4195 4196
f 4178 4196 4179
f 4179 4196 4197
f 4179 4197 4180
f 4180 4197 4198
f 4180 4198 4181
f 4181 4198 4199
f 4181 4199 4182
f 4182 4199 4200
f 4182 4200 4183
f 4183 4200 4201
f 4183 4201 4184
f 4184 4201 4202
f 4184 4202 4076
f 4185 4057 4203
f 4185 4203 4186
f 4186 4203 4204
f 4186 4204 4187
f 4187 4204 4205
f 4187 4205 4188
f 4188 4205 4206
f 4188 4206 4189
f 4189 4206 4207
f 4189 4207 4190
f 4190 4207 4208
f 4190 4208 4191
f 4191 4208 4209
f 4191 4209 4192
f 4192 4209 4210
f 4192 4210 4193
f 4193 4210 4211
f 4193 4211 4194
f 4194 4211 4212
f 4194 4212 4195
f 4195 4212 4213
f 4195 4213 4196
f 4196 4213 4214
f 4196 4214 4197
f 4197 4214 4215
f 4197 4215 4198
f 4198 4215 4216
f 4198 4216 4199
f 4199 4216 4217
f 4199 4217 4200
f 4200 4217 4218
f 4200 4218 4201
f 4201 4218 4219
f 4201 4219 4202
f 4202 4219 4220
f 4202 4220 4076
f 4203 4057 4221
f 4203 4221 4204
f 4204 4221 4222
f 4204 4222 4205
f 4205 4222 4223
f 4205 4223 4206
f 4206 4223 4224
f 4206 4224 4207
f 4207 4224 4225
f 4207 4225 4208
f 4208 4225 4226
f 4208 4226 4209
f 4209 4226 4227
f 4209 4227 4210
f 4210 4227 4228
f 4210 4228 4211
f 4211 4228 4229
f 4211 4229 4212
f 4212 4229 4230
f 4212 4230 4213
f 4213 4230 4231
f 4213 4231 4214
f 4214 4231 4232
f 4214 4232 4215
f 4215 4232 4233
f 4215 4233 4216
f 4216 4233 4234
f 4216 4234 4217
f 4217 4234 4235
f 4217 4235 4218
f 4218 4235 4236
f 4218 4236 4219
f 4219 4236 4237
f 4219 4237 4220
f 4220 4237 4238
f 4220 4238 4076
f 4221 4057 4239
f 4221 4239 4222
f 4222 4239 4240
f 4222 4240 4223
f 4223 4240 4241
f 4223 4241 4224
f 4224 4241 4242
f 4224 4242 4225
f 4225 4242 4243
f 4225 4243 4226
f 4226 4243 4244
f 4226 4244 4227
f 4227 4244 4245
f 4227 4245 4228
f 4228 4245 4246
f 4228 4246 4229
f 4229 4246 4247
f 4229 4247 4230
f 4230 4247 4248
f 4230 4248 4231
f 4231 4248 4249
f 4231 4249 4232
f 4232 4249 4250
f 4232 4250 4233
f 4233 4250 4251
f 4233 4251 4234
f 4234 4251 4252
f 4234 4252 4235
f 4235 4252 4253
f 4235 4253 4236
f 4236 4253 4254
f 4236 4254 4237
f 4237 4254 4255
f 4237 4255 4238
f 4238 4255 4256
f 4238 4256 4076
f 4239 4057 4257
f 4239 4257 4240
f 4240 4257 4258
f 4240 4258 4241
f 4241 4258 4259
f 4241 4259 4242
f 4242 4259 4260
f 4242 4260 4243
f 4243 4260 4261
f 4243 4261 4244
f 4244 4261 4262
f 4244 4262 4245
f 4245 4262 4263
f 4245 4263 4246
f 4246 4263 4264
f 4246 4264 4247
f 4247 4264 4265
f 4247 4265 4248
f 4248 4265 4266
f 4248 4266 4249
f 4249 4266 4267
f 4249 4267 4250
f 4250 4267 4268
f 4250 4268 4251
f 4251 4268 4269
f 4251 4269 4252
f 4252 4269 4270
f 4252 4270 4253
f 4253 4270 4271
f 4253 4271 4254
f 4254 4271 4272
f 4254 4272 4255
f 4255 4272 4273
f 4255 4273 4256
f 4256 4273 4274
f 4256 4274 4076
f 4257 4057 4275
f 4257 4275 4258
f 4258 4275 4276
f 4258 4276 4259
f 4259 4276 4277
f 4259 4277 4260
f 4260 4277 4278
f 4260 4278 4261
f 4261 4278 4279
f 4261 4279 4262
f 4262 4279 4280
f 4262 4280 4263
f 4263 4280 4281
f 4263 4281 4264
f 4264 4281 4282
f 4264 4282 4265
f 4265 4282 4283
f 4265 4283 4266
f 4266 4283 4284
f 4266 4284 4267
f 4267 4284 4285
f 4267 4285 4268
f 4268 4285 4286
f 4268 4286 4269
f 4269 4286 4287
f 4269 4287 4270
f 4270 4287 4288
f 4270 4288 4271
f 4271 4288 4289
f 4271 4289 4272
f 4272 4289 4290
f 4272 4290 4273
f 4273 4290 4291
f 4273 4291 4274
f 4274 4291 4292
f 4274 4292 4076
f 4275 4057 4293
f 4275 4293 4276
f 4276 4293 4294
f 4276 4294 4277
f 4277 4294 4295
f 4277 4295 4278
f 4278 4295 4296
f 4278 4296 4279
f 4279 4296 4297
f 4279 4297 4280
f 4280 4297 4298
f 4280 4298 4281
f 4281 4298 4299
f 4281 4299 4282
f 4282 4299 4300
f 4282 4300 4283
f 4283 4300 4301
f 4283 4301 4284
f 4284 4301 4302
f 4284 4302 4285
f 4285 4302 4303
f 4285 4303 4286
f 4286 4303 4304
f 4286 4304 4287
f 4287 4304 4305
f 4287 4305 4288
f 4288 4305 4306
f 4288 4306 4289
f 4289 4306 4307
f 4289 4307 4290
f 4290 4307 4308
f 4290 4308 4291
f 4291 4308 4309
f 4291 4309 4292
f 4292 4309 4310
f 4292 4310 4076
f 4293 4057 4311
f 4293 4311 4294
f 4294 4311 4312
f 4294 4312 4295
f 4295 4312 4313
f 4295 4313 4296
f 4296 4313 4314
f 4296 4314 4297
f 4297 4314 4315
f 4297 4315 4298
f 4298 4315 4316
f 4298 4316 4299
f 4299 4316 4317
f 4299 4317 4300
f 4300 4317 4318
f 4300 4318 4301
f 4301 4318 4319
f 4301 4319 4302
f 4302 4319 4320
f 4302 4320 4303
f 4303 4320 4321
f 4303 4321 4304
f 4304 4321 4322
f 4304 4322 4305
f 4305 4322 4323
f 4305 4323 4306
f 4306 4323 4324
f 4306 4324 4307
f 4307 4324 4325
f 4307 4325 4308
f 4308 4325 4326
f 4308 4326 4309
f 4309 4326 4327
f 4309 4327 4310
f 4310 4327 4328
f 4310 4328 4076
f 4311 4057 4329
f 4311 4329 4312
f 4312 4329 4330
f 4312 4330 4313
f 4313 4330 4331
f 4313 4331 4314
f 4314 4331 4332
f 4314 4332 4315
f 4315 4332 4333
f 4315 4333 4316
f 4316 4333 4334
f 4316 4334 4317
f 4317 4334 4335
f 4317 4335 4318
f 4318 4335 4336
f 4318 4336 4319
f 4319 4336 4337
f 4319 4337 4320
f 4320 4337 4338
f 4320 4338 4321
f 4321 4338 4339
f 4321 4339 4322
f 4322 4339 4340
f 4322 4340 4323
f 4323 4340 4341
f 4323 4341 4324
f 4324 4341 4342
f 4324 4342 4325
f 4325 4342 4343
f 4325 4343 4326
f 4326 4343 4344
f 4326 4344 4327
f 4327 4344 4345
f 4327 4345 4328
f 4328 4345 4346
f 4328 4346 4076
f 4329 4057 4347
f 4329 4347 4330
f 4330 4347 4348
f 4330 4348 4331
f 4331 4348 4349
f 4331 4349 4332
f 4332 4349 4350
f 4332 4350 4333
f 4333 4350 4351
f 4333 4351 4334
f 4334 4351 4352
f 4334 4352 4335
f 4335 4352 4353
f 4335 4353 4336
f 4336 4353 4354
f 4336 4354 4337
f 4337 4354 4355
f 4337 4355 4338
f 4338 4355 4356
f 4338 4356 4339
f 4339 4356 4357
f 4339 4357 4340
f 4340 4357 4358
f 4340 4358 4341
f 4341 4358 4359
f 4341 4359 4342
f 4342 4359 4360
f 4342 4360 4343
f 4343 4360 4361
f 4343 4361 4344
f 4344 4361 4362
f 4344 4362 4345
f 4345 4362 4363
f 4345 4363 4346
f 4346 4363 4364
f 4346 4364 4076
f 4347 4057 4365
f 4347 4365 4348
f 4348 4365 4366
f 4348 4366 4349
f 4349 4366 4367
f 4349 4367 4350
f 4350 4367 4368
f 4350 4368 4351
f 4351 4368 4369
f 4351 4369 4352
f 4352 4369 4370
f 4352 4370 4353
f 4353 4370 4371
f 4353 4371 4354
f 4354 4371 4372
f 4354 4372 4355
f 4355 4372 4373
f 4355 4373 4356
f 4356 4373 4374
f 4356 4374 4357
f 4357 4374 4375
f 4357 4375 4358
f 4358 4375 4376
f 4358 4376 4359
f 4359 4376 4377
f 4359 4377 4360
f 4360 4377 4378
f 4360 4378 4361
f 4361 4378 4379
f 4361 4379 4362
f 4362 4379 4380
f 4362 4380 4363
f 4363 4380 4381
f 4363 4381 4364
f 4364 4381 4382
f 4364 4382 4076
f 4365 4057 4383
f 4365 4383 4366
f 4366 4383 4384
f 4366 4384 4367
f 4367 4384 4385
f 4367 4385 4368
f 4368 4385 4386
f 4368 4386 4369
f 4369 4386 4387
f 4369 4387 4370
f 4370 4387 4388
f 4370 4388 4371
f 4371 4388 4389
f 4371 4389 4372
f 4372 4389 4390
f 4372 4390 4373
f 4373 4390 4391
f 4373 4391 4374
f 4374 4391 4392
f 4374 4392 4375
f 4375 4392 4393
f 4375 4393 4376
f 4376 4393 4394
f 4376 4394 4377
f 4377 4394 4395
f 4377 4395 4378
f 4378 4395 4396
f 4378 4396 4379
f 4379 4396 4397
f 4379 4397 4380
f 4380 4397 4398
f 4380 4398 4381
f 4381 4398 4399
f 4381 4399 4382
f 4382 4399 4400
f 4382 4400 4076
f 4383 4057 4401
f 4383 4401 4384
f 4384 4401 4402
f 4384 4402 4385
f 4385 4402 4403
f 4385 4403 4386
f 4386 4403 4404
f 4386 4404 4387
f 4387 4404 4405
f 4387 4405 4388
f 4388 4405 4406
f 4388 4406 4389
f 4389 4406 4407
f 4389 4407 4390
f 4390 4407 4408
f 4390 4408 4391
f 4391 4408 4409
f 4391 4409 4392
f 4392 4409 4410
f 4392 4410 4393
f 4393 4410 4411
f 4393 4411 4394
f 4394 4411 4412
f 4394 4412 4395
f 4395 4412 4413
f 4395 4413 4396
f 4396 4413 4414
f 4396 4414 4397
f 4397 4414 4415
f 4397 4415 4398
f 4398 4415 4416
f 4398 4416 4399
f 4399 4416 4417
f 4399 4417 4400
f 4400 4417 4418
f 4400 4418 4076
f 4401 4057 4058
f 4401 4058 4402
f 4402 4058 4059
f 4402 4059 4403
f 4403 4059 4060
f 4403 4060 4404
f 4404 4060 4061
f 4404 4061 4405
f 4405 4061 4062
f 4405 4062 4406
f 4406 4062 4063
f 4406 4063 4407
f 4407 4063 4064
f 4407 4064 4408
f 4408 4064 4065
f 4408 4065 4409
f 4409 4065 4066
f 4409 4066 4410
f 4410 4066 4067
f 4410 4067 4411
f 4411 4067 4068
f 4411 4068 4412
f 4412 4068 4069
f 4412 4069 4413
f 4413 4069 4070
f 4413 4070 4414
f 4414 4070 4071
f 4414 4071 4415
f 4415 4071 4072
f 4415 4072 4416
f 4416 4072 4073
f 4416 4073 4417
f 4417 4073 4074
f 4417 4074 4418
f 4418 4074 4075
f 4418 4075 4076
f 4420 4419 4423
f 4420 4423 4421
f 4421 4423 4424
f 4421 4424 4422
f 4423 4419 4425
f 4423 4425 4424
f 4424 4425 4426
f 4424 4426 4422
f 4425 4419 4427
f 4425 4427 4426
f 4426 4427 4428
f 4426 4428 4422
f 4427 4419 4429
f 4427 4429 4428
f 4428 4429 4430
f 4428 4430 4422
f 4429 4419 4431
f 4429 4431 4430
f 4430 4431 4432
f 4430 4432 4422
f 4431 4419 4433
f 4431 4433 4432
f 4432 4433 4434
f 4432 4434 4422
f 4433 4419 4435
f 4433 4435 4434
f 4434 4435 4436
f 4434 4436 4422
f 4435 4419 4437
f 4435 4437 4436
f 4436 4437 4438
f 4436 4438 4422
f 4437 4419 4439
f 4437 4439 4438
f 4438 4439 4440
f 4438 4440 4422
f 4439 4419 4441
f 4439 4441 4440
f 4440 4441 4442
f 4440 4442 4422
f 4441 4419 4443
f 4441 4443 4442
f 4442 4443 4444
f 4442 4444 4422
f 4443 4419 4445
f 4443 4445 4444
f 4444 4445 4446
f 4444 4446 4422
f 4445 4419 4447
f 4445 4447 4446
f 4446 4447 4448
f 4446 4448 4422
f 4447 4419 4449
f 4447 4449 4448
f 4448 4449 4450
f 4448 4450 4422
f 4449 4419 4451
f 4449 4451 4450
f 4450 4451 4452
f 4450 4452 4422
f 4451 4419 4453
f 4451 4453 4452
f 4452 4453 4454
f 4452 4454 4422
f 4453 4419 4455
f 4453 4455 4454
f 4454 4455 4456
f 4454 4456 4422
f 4455 4419 4457
f 4455 4457 4456
f 4456 4457 4458
f 4456 4458 4422
f 4457 4419 4459
f 4457 4459 4458
f 4458 4459 4460
f 4458 4460 4422
f 4459 4419 4420
f 4459 4420 4460
f 4460 4420 4421
f 4460 4421 4422
f 4462 4461 4481
f 4462 4481 4463
f 4463 4481 4482
f 4463 4482 4464
f 4464 4482 4483
f 4464 4483 4465
f 4465 4483 4484
f 4465 4484 4466
f 4466 4484 4485
f 4466 4485 4467
f 4467 4485 4486
f 4467 4486 4468
f 4468 4486 4487
f 4468 4487 4469
f 4469 4487 4488
f 4469 4488 4470
f 4470 4488 4489
f 4470 4489 4471
f 4471 4489 4490
f 4471 4490 4472
f 4472 4490 4491
f 4472 4491 4473
f 4473 4491 4492
f 4473 4492 4474
f 4474 4492 4493
f 4474 4493 4475
f 4475 4493 4494
f 4475 4494 4476
f 4476 4494 4495
f 4476 4495 4477
f 4477 4495 4496
f 4477 4496 4478
f 4478 4496 4497
f 4478 4497 4479
f 4479 4497 4498
f 4479 4498 4480
f 4481 4461 4499
f 4481 4499 4482
f 4482 4499 4500
f 4482 4500 4483
f 4483 4500 4501
f 4483 4501 4484
f 4484 4501 4502
f 4484 4502 4485
f 4485 4502 4503
f 4485 4503 4486
f 4486 4503 4504
f 4486 4504 4487
f 4487 4504 4505
f 4487 4505 4488
f 4488 4505 4506
f 4488 4506 4489
f 4489 4506 4507
f 4489 4507 4490
f 4490 4507 4508
f 4490 4508 4491
f 4491 4508 4509
f 4491 4509 4492
f 4492 4509 4510
f 4492 4510 4493
f 4493 4510 4511
f 4493 4511 4494
f 4494 4511 4512
f 4494 4512 4495
f 4495 4512 4513
f 4495 4513 4496
f 4496 4513 4514
f 4496 4514 4497
f 4497 4514 4515
f 4497 4515 4498
f 4498 4515 4516
f 4498 4516 4480
f 4499 4461 4517
f 4499 4517 4500
f 4500 4517 4518
f 4500 4518 4501
f 4501 4518 4519
f 4501 4519 4502
f 4502 4519 4520
f 4502 4520 4503
f 4503 4520 4521
f 4503 4521 4504
f 4504 4521 4522
f 4504 4522 4505
f 4505 4522 4523
f 4505 4523 4506
f 4506 4523 4524
f 4506 4524 4507
f 4507 4524 4525
f 4507 4525 4508
f 4508 4525 4526
f 4508 4526 4509
f 4509 4526 4527
f 4509 4527 4510
f 4510 4527 4528
f 4510 4528 4511
f 4511 4528 4529
f 4511 4529 4512
f 4512 4529 4530
f 4512 4530 4513
f 4513 4530 4531
f 4513 4531 4514
f 4514 4531 4532
f 4514 4532 4515
f 4515 4532 4533
f 4515 4533 4516
f 4516 4533 4534
f 4516 4534 4480
f 4517 4461 4535
f 4517 4535 4518
f 4518 4535 4536
f 4518 4536 4519
f 4519 4536 4537
f 4519 4537 4520
f 4520 4537 4538
f 4520 4538 4521
f 4521 4538 4539
f 4521 4539 4522
f 4522 4539 4540
f 4522 4540 4523
f 4523 4540 4541
f 4523 4541 4524
f 4524 4541 4542
f 4524 4542 4525
f 4525 4542 4543
f 4525 4543 4526
f 4526 4543 4544
f 4526 4544 4527
f 4527 4544 4545
f 4527 4545 4528
f 4528 4545 4546
f 4528 4546 4529
f 4529 4546 4547
f 4529 4547 4530
f 4530 4547 4548
f 4530 4548 4531
f 4531 4548 4549
f 4531 4549 4532
f 4532 4549 4550
f 4532 4550 4533
f 4533 4550 4551
f 4533 4551 4534
f 4534 4551 4552
f 4534 4552 4480
f 4535 4461 4553
f 4535 4553 4536
f 4536 4553 4554
f 4536 4554 4537
f 4537 4554 4555
f 4537 4555 4538
f 4538 4555 4556
f 4538 4556 4539
f 4539 4556 4557
f 4539 4557 4540
f 4540 4557 4558
f 4540 4558 4541
f 4541 4558 4559
f 4541 4559 4542
f 4542 4559 4560
f 4542 4560 4543
f 4543 4560 4561
f 4543 4561 4544
f 4544 4561 4562
f 4544 4562 4545
f 4545 4562 4563
f 4545 4563 4546
f 4546 4563 4564
f 4546 4564 4547
f 4547 4564 4565
f 4547 4565 4548
f 4548 4565 4566
f 4548 4566 4549
f 4549 4566 4567
f 4549 4567 4550
f 4550 4567 4568
f 4550 4568 4551
f 4551 4568 4569
f 4551 4569 4552
f 4552 4569 4570
f 4552 4570 4480
f 4553 4461 4571
f 4553 4571 4554
f 4554 4571 4572
f 4554 4572 4555
f 4555 4572 4573
f 4555 4573 4556
f 4556 4573 4574
f 4556 4574 4557
f 4557 4574 4575
f 4557 4575 4558
f 4558 4575 4576
f 4558 4576 4559
f 4559 4576 4577
f 4559 4577 4560
f 4560 4577 4578
f 4560 4578 4561
f 4561 4578 4579
f 4561 4579 4562
f 4562 4579 4580
f 4562 4580 4563
f 4563 4580 4581
f 4563 4581 4564
f 4564 4581 4582
f 4564 4582 4565
f 4565 4582 4583
f 4565 4583 4566
f 4566 4583 4584
f 4566 4584 4567
f 4567 4584 4585
f 4567 4585 4568
f 4568 4585 4586
f 4568 4586 4569
f 4569 4586 4587
f 4569 4587 4570
f 4570 4587 4588
f 4570 4588 4480
f 4571 4461 4589
f 4571 4589 4572
f 4572 4589 4590
f 4572 4590 4573
f 4573 4590 4591
f 4573 4591 4574
f 4574 4591 4592
f 4574 4592 4575
f 4575 4592 4593
f 4575 4593 4576
f 4576 4593 4594
f 4576 4594 4577
f 4577 4594 4595
f 4577 4595 4578
f 4578 4595 4596
f 4578 4596 4579
f 4579 4596 4597
f 4579 4597 4580
f 4580 4597 4598
f 4580 4598 4581
f 4581 4598 4599
f 4581 4599 4582
f 4582 4599 4600
f 4582 4600 4583
f 4583 4600 4601
f 4583 4601 4584
f 4584 4601 4602
f 4584 4602 4585
f 4585 4602 4603
f 4585 4603 4586
f 4586 4603 4604
f 4586 4604 4587
f 4587 4604 4605
f 4587 4605 4588
f 4588 4605 4606
f 4588 4606 4480
f 4589 4461 4607
f 4589 4607 4590
f 4590 4607 4608
f 4590 4608 4591
f 4591 4608 4609
f 4591 4609 4592
f 4592 4609 4610
f 4592 4610 4593
f 4593 4610 4611
f 4593 4611 4594
f 4594 4611 4612
f 4594 4612 4595
f 4595 4612 4613
f 4595 4613 4596
f 4596 4613 4614
f 4596 4614 4597
f 4597 4614 4615
f 4597 4615 4598
f 4598 4615 4616
f 4598 4616 4599
f 4599 4616 4617
f 4599 4617 4600
f 4600 4617 4618
f 4600 4618 4601
f 4601 4618 4619
f 4601 4619 4602
f 4602 4619 4620
f 4602 4620 4603
f 4603 4620 4621
f 4603 4621 4604
f 4604 4621 4622
f 4604 4622 4605
f 4605 4622 4623
f 4605 4623 4606
f 4606 4623 4624
f 4606 4624 4480
f 4607 4461 4625
f 4607 4625 4608
f 4608 4625 4626
f 4608 4626 4609
f 4609 4626 4627
f 4609 4627 4610
f 4610 4627 4628
f 4610 4628 4611
f 4611 4628 4629
f 4611 4629 4612
f 4612 4629 4630
f 4612 4630 4613
f 4613 4630 4631
f 4613 4631 4614
f 4614 4631 4632
f 4614 4632 4615
f 4615 4632 4633
f 4615 4633 4616
f 4616 4633 4634
f 4616 4634 4617
f 4617 4634 4635
f 4617 4635 4618
f 4618 4635 4636
f 4618 4636 4619
f 4619 4636 4637
f 4619 4637 4620
f 4620 4637 4638
f 4620 4638 4621
f 4621 4638 4639
f 4621 4639 4622
f 4622 4639 4640
f 4622 4640 4623
f 4623 4640 4641
f 4623 4641 4624
f 4624 4641 4642
f 4624 4642 4480
f 4625 4461 4643
f 4625 4643 4626
f 4626 4643 4644
f 4626 4644 4627
f 4627 4644 4645
f 4627 4645 4628
f 4628 4645 4646
f 4628 4646 4629
f 4629 4646 4647
f 4629 4647 4630
f 4630 4647 4648
f 4630 4648 4631
f 4631 4648 4649
f 4631 4649 4632
f 4632 4649 4650
f 4632 4650 4633
f 4633 4650 4651
f 4633 4651 4634
f 4634 4651 4652
f 4634 4652 4635
f 4635 4652 4653
f 4635 4653 4636
f 4636 4653 4654
f 4636 4654 4637
f 4637 4654 4655
f 4637 4655 4638
f 4638 4655 4656
f 4638 4656 4639
f 4639 4656 4657
f 4639 4657 4640
f 4640 4657 4658
f 4640 4658 4641
f 4641 4658 4659
f 4641 4659 4642
f 4642 4659 4660
f 4642 4660 4480
f 4643 4461 4661
f 4643 4661 4644
f 4644 4661 4662
f 4644 4662 4645
f 4645 4662 4663
f 4645 4663 4646
f 4646 4663 4664
f 4646 4664 4647
f 4647 4664 4665
f 4647 4665 4648
f 4648 4665 4666
f 4648 4666 4649
f 4649 4666 4667
f 4649 4667 4650
f 4650 4667 4668
f 4650 4668 4651
f 4651 4668 4669
f 4651 4669 4652
f 4652 4669 4670
f 4652 4670 4653
f 4653 4670 4671
f 4653 4671 4654
f 4654 4671 4672
f 4654 4672 4655
f 4655 4672 4673
f 4655 4673 4656
f 4656 4673 4674
f 4656 4674 4657
f 4657 4674 4675
f 4657 4675 4658
f 4658 4675 4676
f 4658 4676 4659
f 4659 4676 4677
f 4659 4677 4660
f 4660 4677 4678
f 4660 4678 4480
f 4661 4461 4679
f 4661 4679 4662
f 4662 4679 4680
f 4662 4680 4663
f 4663 4680 4681
f 4663 4681 4664
f 4664 4681 4682
f 4664 4682 4665
f 4665 4682 4683
f 4665 4683 4666
f 4666 4683 4684
f 4666 4684 4667
f 4667 4684 4685
f 4667 4685 4668
f 4668 4685 4686
f 4668 4686 4669
f 4669 4686 4687
f 4669 4687 4670
f 4670 4687 4688
f 4670 4688 4671
f 4671 4688 4689
f 4671 4689 4672
f 4672 4689 4690
f 4672 4690 4673
f 4673 4690 4691
f 4673 4691 4674
f 4674 4691 4692
f 4674 4692 4675
f 4675 4692 4693
f 4675 4693 4676
f 4676 4693 4694
f 4676 4694 4677
f 4677 4694 4695
f 4677 4695 4678
f 4678 4695 4696
f 4678 4696 4480
f 4679 4461 4697
f 4679 4697 4680
f 4680 4697 4698
f 4680 4698 4681
f 4681 4698 4699
f 4681 4699 4682
f 4682 4699 4700
f 4682 4700 4683
f 4683 4700 4701
f 4683 4701 4684
f 4684 4701 4702
f 4684 4702 4685
f 4685 4702 4703
f 4685 4703 4686
f 4686 4703 4704
f 4686 4704 4687
f 4687 4704 4705
f 4687 4705 4688
f 4688 4705 4706
f 4688 4706 4689
f 4689 4706 4707
f 4689 4707 4690
f 4690 4707 4708
f 4690 4708 4691
f 4691 4708 4709
f 4691 4709 4692
f 4692 4709 4710
f 4692 4710 4693
f 4693 4710 4711
f 4693 4711 4694
f 4694 4711 4712
f 4694 4712 4695
f 4695 4712 4713
f 4695 4713 4696
f 4696 4713 4714
f 4696 4714 4480
f 4697 4461 4715
f 4697 4715 4698
f 4698 4715 4716
f 4698 4716 4699
f 4699 4716 4717
f 4699 4717 4700
f 4700 4717 4718
f 4700 4718 4701
f 4701 4718 4719
f 4701 4719 4702
f 4702 4719 4720
f 4702 4720 4703
f 4703 4720 4721
f 4703 4721 4704
f 4704 4721 4722
f 4704 4722 4705
f 4705 4722 4723
f 4705 4723 4706
f 4706 4723 4724
f 4706 4724 4707
f 4707 4724 4725
f 4707 4725 4708
f 4708 4725 4726
f 4708 4726 4709
f 4709 4726 4727
f 4709 4727 4710
f 4710 4727 4728
f 4710 4728 4711
f 4711 4728 4729
f 4711 4729 4712
f 4712 4729 4730
f 4712 4730 4713
f 4713 4730 4731
f 4713 4731 4714
f 4714 4731 4732
f 4714 4732 4480
f 4715 4461 4733
f 4715 4733 4716
f 4716 4733 4734
f 4716 4734 4717
f 4717 4734 4735
f 4717 4735 4718
f 4718 4735 4736
f 4718 4736 4719
f 4719 4736 4737
f 4719 4737 4720
f 4720 4737 4738
f 4720 4738 4721
f 4721 4738 4739
f 4721 4739 4722
f 4722 4739 4740
f 4722 4740 4723
f 4723 4740 4741
f 4723 4741 4724
f 4724 4741 4742
f 4724 4742 4725
f 4725 4742 4743
f 4725 4743 4726
f 4726 4743 4744
f 4726 4744 4727
f 4727 4744 4745
f 4727 4745 4728
f 4728 4745 4746
f 4728 4746 4729
f 4729 4746 4747
f 4729 4747 4730
f 4730 4747 4748
f 4730 4748 4731
f 4731 4748 4749
f 4731 4749 4732
f 4732 4749 4750
f 4732 4750 4480
f 4733 4461 4751
f 4733 4751 4734
f 4734 4751 4752
f 4734 4752 4735
f 4735 4752 4753
f 4735 4753 4736
f 4736 4753 4754
f 4736 4754 4737
f 4737 4754 4755
f 4737 4755 4738
f 4738 4755 4756
f 4738 4756 4739
f 4739 4756 4757
f 4739 4757 4740
f 4740 4757 4758
f 4740 4758 4741
f 4741 4758 4759
f 4741 4759 4742
f 4742 4759 4760
f 4742 4760 4743
f 4743 4760 4761
f 4743 4761 4744
f 4744 4761 4762
f 4744 4762 4745
f 4745 4762 4763
f 4745 4763 4746
f 4746 4763 4764
f 4746 4764 4747
f 4747 4764 4765
f 4747 4765 4748
f 4748 4765 4766
f 4748 4766 4749
f 4749 4766 4767
f 4749 4767 4750
f 4750 4767 4768
f 4750 4768 4480
f 4751 4461 4769
f 4751 4769 4752
f 4752 4769 4770
f 4752 4770 4753
f 4753 4770 4771
f 4753 4771 4754
f 4754 4771 4772
f 4754 4772 4755
f 4755 4772 4773
f 4755 4773 4756
f 4756 4773 4774
f 4756 4774 4757
f 4757 4774 4775
f 4757 4775 4758
f 4758 4775 4776
f 4758 4776 4759
f 4759 4776 4777
f 4759 4777 4760
f 4760 4777 4778
f 4760 4778 4761
f 4761 4778 4779
f 4761 4779 4762
f 4762 4779 4780
f 4762 4780 4763
f 4763 4780 4781
f 4763 4781 4764
f 4764 4781 4782
f 4764 4782 4765
f 4765 4782 4783
f 4765 4783 4766
f 4766 4783 4784
f 4766 4784 4767
f 4767 4784 4785
f 4767 4785 4768
f 4768 4785 4786
f 4768 4786 4480
f 4769 4461 4787
f 4769 4787 4770
f 4770 4787 4788
f 4770 4788 4771
f 4771 4788 4789
f 4771 4789 4772
f 4772 4789 4790
f 4772 4790 4773
f 4773 4790 4791
f 4773 4791 4774
f 4774 4791 4792
f 4774 4792 4775
f 4775 4792 4793
f 4775 4793 4776
f 4776 4793 4794
f 4776 4794 4777
f 4777 4794 4795
f 4777 4795 4778
f 4778 4795 4796
f 4778 4796 4779
f 4779 4796 4797
f 4779 4797 4780
f 4780 4797 4798
f 4780 4798 4781
f 4781 4798 4799
f 4781 4799 4782
f 4782 4799 4800
f 4782 4800 4783
f 4783 4800 4801
f 4783 4801 4784
f 4784 4801 4802
f 4784 4802 4785
f 4785 4802 4803
f 4785 4803 4786
f 4786 4803 4804
f 4786 4804 4480
f 4787 4461 4805
f 4787 4805 4788
f 4788 4805 4806
f 4788 4806 4789
f 4789 4806 4807
f 4789 4807 4790
f 4790 4807 4808
f 4790 4808 4791
f 4791 4808 4809
f 4791 4809 4792
f 4792 4809 4810
f 4792 4810 4793
f 4793 4810 4811
f 4793 4811 4794
f 4794 4811 4812
f 4794 4812 4795
f 4795 4812 4813
f 4795 4813 4796
f 4796 4813 4814
f 4796 4814 4797
f 4797 4814 4815
f 4797 4815 4798
f 4798 4815 4816
f 4798 4816 4799
f 4799 4816 4817
f 4799 4817 4800
f 4800 4817 4818
f 4800 4818 4801
f 4801 4818 4819
f 4801 4819 4802
f 4802 4819 4820
f 4802 4820 4803
f 4803 4820 4821
f 4803 4821 4804
f 4804 4821 4822
f 4804 4822 4480
f 4805 4461 4462
f 4805 4462 4806
f 4806 4462 4463
f 4806 4463 4807
f 4807 4463 4464
f 4807 4464 4808
f 4808 4464 4465
f 4808 4465 4809
f 4809 4465 4466
f 4809 4466 4810
f 4810 4466 4467
f 4810 4467 4811
f 4811 4467 4468
f 4811 4468 4812
f 4812 4468 4469
f 4812 4469 4813
f 4813 4469 4470
f 4813 4470 4814
f 4814 4470 4471
f 4814 4471 4815
f 4815 4471 4472
f 4815 4472 4816
f 4816 4472 4473
f 4816 4473 4817
f 4817 4473 4474
f 4817 4474 4818
f 4818 4474 4475
f 4818 4475 4819
f 4819 4475 4476
f 4819 4476 4820
f 4820 4476 4477
f 4820 4477 4821
f 4821 4477 4478
f 4821 4478 4822
f 4822 4478 4479
f 4822 4479 4480
f 4824 4823 4843
f 4824 4843 4825
f 4825 4843 4844
f 4825 4844 4826
f 4826 4844 4845
f 4826 4845 4827
f 4827 4845 4846
f 4827 4846 4828
f 4828 4846 4847
f 4828 4847 4829
f 4829 4847 4848
f 4829 4848 4830
f 4830 4848 4849
f 4830 4849 4831
f 4831 4849 4850
f 4831 4850 4832
f 4832 4850 4851
f 4832 4851 4833
f 4833 4851 4852
f 4833 4852 4834
f 4834 4852 4853
f 4834 4853 4835
f 4835 4853 4854
f 4835 4854 4836
f 4836 4854 4855
f 4836 4855 4837
f 4837 4855 4856
f 4837 4856 4838
f 4838 4856 4857
f 4838 4857 4839
f 4839 4857 4858
f 4839 4858 4840
f 4840 4858 4859
f 4840 4859 4841
f 4841 4859 4860
f 4841 4860 4842
f 4843 4823 4861
f 4843 4861 4844
f 4844 4861 4862
f 4844 4862 4845
f 4845 4862 4863
f 4845 4863 4846
f 4846 4863 4864
f 4846 4864 4847
f 4847 4864 4865
f 4847 4865 4848
f 4848 4865 4866
f 4848 4866 4849
f 4849 4866 4867
f 4849 4867 4850
f 4850 4867 4868
f 4850 4868 4851
f 4851 4868 4869
f 4851 4869 4852
f 4852 4869 4870
f 4852 4870 4853
f 4853 4870 4871
f 4853 4871 4854
f 4854 4871 4872
f 4854 4872 4855
f 4855 4872 4873
f 4855 4873 4856
f 4856 4873 4874
f 4856 4874 4857
f 4857 4874 4875
f 4857 4875 4858
f 4858 4875 4876
f 4858 4876 4859
f 4859 4876 4877
f 4859 4877 4860
f 4860 4877 4878
f 4860 4878 4842
f 4861 4823 4879
f 4861 4879 4862
f 4862 4879 4880
f 4862 4880 4863
f 4863 4880 4881
f 4863 4881 4864
f 4864 4881 4882
f 4864 4882 4865
f 4865 4882 4883
f 4865 4883 4866
f 4866 4883 4884
f 4866 4884 4867
f 4867 4884 4885
f 4867 4885 4868
f 4868 4885 4886
f 4868 4886 4869
f 4869 4886 4887
f 4869 4887 4870
f 4870 4887 4888
f 4870 4888 4871
f 4871 4888 4889
f 4871 4889 4872
f 4872 4889 4890
f 4872 4890 4873
f 4873 4890 4891
f 4873 4891 4874
f 4874 4891 4892
f 4874 4892 4875
f 4875 4892 4893
f 4875 4893 4876
f 4876 4893 4894
f 4876 4894 4877
f 4877 4894 4895
f 4877 4895 4878
f 4878 4895 4896
f 4878 4896 4842
f 4879 4823 4897
f 4879 4897 4880
f 4880 4897 4898
f 4880 4898 4881
f 4881 4898 4899
f 4881 4899 4882
f 4882 4899 4900
f 4882 4900 4883
f 4883 4900 4901
f 4883 4901 4884
f 4884 4901 4902
f 4884 4902 4885
f 4885 4902 4903
f 4885 4903 4886
f 4886 4903 4904
f 4886 4904 4887
f 4887 4904 4905
f 4887 4905 4888
f 4888 4905 4906
f 4888 4906 4889
f 4889 4906 4907
f 4889 4907 4890
f 4890 4907 4908
f 4890 4908 4891
f 4891 4908 4909
f 4891 4909 4892
f 4892 4909 4910
f 4892 4910 4893
f 4893 4910 4911
f 4893 4911 4894
f 4894 4911 4912
f 4894 4912 4895
f 4895 4912 4913
f 4895 4913 4896
f 4896 4913 4914
f 4896 4914 4842
f 4897 4823 4915
f 4897 4915 4898
f 4898 4915 4916
f 4898 4916 4899
f 4899 4916 4917
f 4899 4917 4900
f 4900 4917 4918
f 4900 4918 4901
f 4901 4918 4919
f 4901 4919 4902
f 4902 4919 4920
f 4902 4920 4903
f 4903 4920 4921
f 4903 4921 4904
f 4904 4921 4922
f 4904 4922 4905
f 4905 4922 4923
f 4905 4923 4906
f 4906 4923 4924
f 4906 4924 4907
f 4907 4924 4925
f 4907 4925 4908
f 4908 4925 4926
f 4908 4926 4909
f 4909 4926 4927
f 4909 4927 4910
f 4910 4927 4928
f 4910 4928 4911
f 4911 4928 4929
f 4911 4929 4912
f 4912 4929 4930
f 4912 4930 4913
f 4913 4930 4931
f 4913 4931 4914
f 4914 4931 4932
f 4914 4932 4842
f 4915 4823 4933
f 4915 4933 4916
f 4916 4933 4934
f 4916 4934 4917
f 4917 4934 4935
f 4917 4935 4918
f 4918 4935 4936
f 4918 4936 4919
f 4919 4936 4937
f 4919 4937 4920
f 4920 4937 4938
f 4920 4938 4921
f 4921 4938 4939
f 4921 4939 4922
f 4922 4939 4940
f 4922 4940 4923
f 4923 4940 4941
f 4923 4941 4924
f 4924 4941 4942
f 4924 4942 4925
f 4925 4942 4943
f 4925 4943 4926
f 4926 4943 4944
f 4926 4944 4927
f 4927 4944 4945
f 4927 4945 4928
f 4928 4945 4946
f 4928 4946 4929
f 4929 4946 4947
f 4929 4947 4930
f 4930 4947 4948
f 4930 4948 4931
f 4931 4948 4949
f 4931 4949 4932
f 4932 4949 4950
f 4932 4950 4842
f 4933 4823 4951
f 4933 4951 4934
f 4934 4951 4952
f 4934 4952 4935
f 4935 4952 4953
f 4935 4953 4936
f 4936 4953 4954
f 4936 4954 4937
f 4937 4954 4955
f 4937 4955 4938
f 4938 4955 4956
f 4938 4956 4939
f 4939 4956 4957
f 4939 4957 4940
f 4940 4957 4958
f 4940 4958 4941
f 4941 4958 4959
f 4941 4959 4942
f 4942 4959 4960
f 4942 4960 4943
f 4943 4960 4961
f 4943 4961 4944
f 4944 4961 4962
f 4944 4962 4945
f 4945 4962 4963
f 4945 4963 4946
f 4946 4963 4964
f 4946 4964 4947
f 4947 4964 4965
f 4947 4965 4948
f 4948 4965 4966
f 4948 4966 4949
f 4949 4966 4967
f 4949 4967 4950
f 4950 4967 4968
f 4950 4968 4842
f 4951 4823 4969
f 4951 4969 4952
f 4952 4969 4970
f 4952 4970 4953
f 4953 4970 4971
f 4953 4971 4954
f 4954 4971 4972
f 4954 4972 4955
f 4955 4972 4973
f 4955 4973 4956
f 4956 4973 4974
f 4956 4974 4957
f 4957 4974 4975
f 4957 4975 4958
f 4958 4975 4976
f 4958 4976 4959
f 4959 4976 4977
f 4959 4977 4960
f 4960 4977 4978
f 4960 4978 4961
f 4961 4978 4979
f 4961 4979 4962
f 4962 4979 4980
f 4962 4980 4963
f 4963 4980 4981
f 4963 4981 4964
f 4964 4981 4982
f 4964 4982 4965
f 4965 4982 4983
f 4965 4983 4966
f 4966 4983 4984
f 4966 4984 4967
f 4967 4984 4985
f 4967 4985 4968
f 4968 4985 4986
f 4968 4986 4842
f 4969 4823 4987
f 4969 4987 4970
f 4970 4987 4988
f 4970 4988 4971
f 4971 4988 4989
f 4971 4989 4972
f 4972 4989 4990
f 4972 4990 4973
f 4973 4990 4991
f 4973 4991 4974
f 4974 4991 4992
f 4974 4992 4975
f 4975 4992 4993
f 4975 4993 4976
f 4976 4993 4994
f 4976 4994 4977
f 4977 4994 4995
f 4977 4995 4978
f 4978 4995 4996
f 4978 4996 4979
f 4979 4996 4997
f 4979 4997 4980
f 4980 4997 4998
f 4980 4998 4981
f 4981 4998 4999
f 4981 4999 4982
f 4982 4999 5000
f 4982 5000 4983
f 4983 5000 5001
f 4983 5001 4984
f 4984 5001 5002
f 4984 5002 4985
f 4985 5002 5003
f 4985 5003 4986
f 4986 5003 5004
f 4986 5004 4842
f 4987 4823 5005
f 4987 5005 4988
f 4988 5005 5006
f 4988 5006 4989
f 4989 5006 5007
f 4989 5007 4990
f 4990 5007 5008
f 4990 5008 4991
f 4991 5008 5009
f 4991 5009 4992
f 4992 5009 5010
f 4992 5010 4993
f 4993 5010 5011
f 4993 5011 4994
f 4994 5011 5012
f 4994 5012 4995
f 4995 5012 5013
f 4995 5013 4996
f 4996 5013 5014
f 4996 5014 4997
f 4997 5014 5015
f 4997 5015 4998
f 4998 5015 5016
f 4998 5016 4999
f 4999 5016 5017
f 4999 5017 5000
f 5000 5017 5018
f 5000 5018 5001
f 5001 5018 5019
f 5001 5019 5002
f 5002 5019 5020
f 5002 5020 5003
f 5003 5020 5021
f 5003 5021 5004
f 5004 5021 5022
f 5004 5022 4842
f 5005 4823 5023
f 5005 5023 5006
f 5006 5023 5024
f 5006 5024 5007
f 5007 5024 5025
f 5007 5025 5008
f 5008 5025 5026
f 5008 5026 5009
f 5009 5026 5027
f 5009 5027 5010
f 5010 5027 5028
f 5010 5028 5011
f 5011 5028 5029
f 5011 5029 5012
f 5012 5029 5030
f 5012 5030 5013
f 5013 5030 5031
f 5013 5031 5014
f 5014 5031 5032
f 5014 5032 5015
f 5015 5032 5033
f 5015 5033 5016
f 5016 5033 5034
f 5016 5034 5017
f 5017 5034 5035
f 5017 5035 5018
f 5018 5035 5036
f 5018 5036 5019
f 5019 5036 5037
f 5019 5037 5020
f 5020 5037 5038
f 5020 5038 5021
f 5021 5038 5039
f 5021 5039 5022
f 5022 5039 5040
f 5022 5040 4842
f 5023 4823 5041
f 5023 5041 5024
f 5024 5041 5042
f 5024 5042 5025
f 5025 5042 5043
f 5025 5043 5026
f 5026 5043 5044
f 5026 5044 5027
f 5027 5044 5045
f 5027 5045 5028
f 5028 5045 5046
f 5028 5046 5029
f 5029 5046 5047
f 5029 5047 5030
f 5030 5047 5048
f 5030 5048 5031
f 5031 5048 5049
f 5031 5049 5032
f 5032 5049 5050
f 5032 5050 5033
f 5033 5050 5051
f 5033 5051 5034
f 5034 5051 5052
f 5034 5052 5035
f 5035 5052 5053
f 5035 5053 5036
f 5036 5053 5054
f 5036 5054 5037
f 5037 5054 5055
f 5037 5055 5038
f 5038 5055 5056
f 5038 5056 5039
f 5039 5056 5057
f 5039 5057 5040
f 5040 5057 5058
f 5040 5058 4842
f 5041 4823 5059
f 5041 5059 5042
f 5042 5059 5060
f 5042 5060 5043
f 5043 5060 5061
f 5043 5061 5044
f 5044 5061 5062
f 5044 5062 5045
f 5045 5062 5063
f 5045 5063 5046
f 5046 5063 5064
f 5046 5064 5047
f 5047 5064 5065
f 5047 5065 5048
f 5048 5065 5066
f 5048 5066 5049
f 5049 5066 5067
f 5049 5067 5050
f 5050 5067 5068
f 5050 5068 5051
f 5051 5068 5069
f 5051 5069 5052
f 5052 5069 5070
f 5052 5070 5053
f 5053 5070 5071
f 5053 5071 5054
f 5054 5071 5072
f 5054 5072 5055
f 5055 5072 5073
f 5055 5073 5056
f 5056 5073 5074
f 5056 5074 5057
f 5057 5074 5075
f 5057 5075 5058
f 5058 5075 5076
f 5058 5076 4842
f 5059 4823 5077
f 5059 5077 5060
f 5060 5077 5078
f 5060 5078 5061
f 5061 5078 5079
f 5061 5079 5062
f 5062 5079 5080
f 5062 5080 5063
f 5063 5080 5081
f 5063 5081 5064
f 5064 5081 5082
f 5064 5082 5065
f 5065 5082 5083
f 5065 5083 5066
f 5066 5083 5084
f 5066 5084 5067
f 5067 5084 5085
f 5067 5085 5068
f 5068 5085 5086
f 5068 5086 5069
f 5069 5086 5087
f 5069 5087 5070
f 5070 5087 5088
f 5070 5088 5071
f 5071 5088 5089
f 5071 5089 5072
f 5072 5089 5090
f 5072 5090 5073
f 5073 5090 5091
f 5073 5091 5074
f 5074 5091 5092
f 5074 5092 5075
f 5075 5092 5093
f 5075 5093 5076
f 5076 5093 5094
f 5076 5094 4842
f 5077 4823 5095
f 5077 5095 5078
f 5078 5095 5096
f 5078 5096 5079
f 5079 5096 5097
f 5079 5097 5080
f 5080 5097 5098
f 5080 5098 5081
f 5081 5098 5099
f 5081 5099 5082
f 5082 5099 5100
f 5082 5100 5083
f 5083 5100 5101
f 5083 5101 5084
f 5084 5101 5102
f 5084 5102 5085
f 5085 5102 5103
f 5085 5103 5086
f 5086 5103 5104
f 5086 5104 5087
f 5087 5104 5105
f 5087 5105 5088
f 5088 5105 5106
f 5088 5106 5089
f 5089 5106 5107
f 5089 5107 5090
f 5090 5107 5108
f 5090 5108 5091
f 5091 5108 5109
f 5091 5109 5092
f 5092 5109 5110
f 5092 5110 5093
f 5093 5110 5111
f 5093 5111 5094
f 5094 5111 5112
f 5094 5112 4842
f 5095 4823 5113
f 5095 5113 5096
f 5096 5113 5114
f 5096 5114 5097
f 5097 5114 5115
f 5097 5115 5098
f 5098 5115 5116
f 5098 5116 5099
f 5099 5116 5117
f 5099 5117 5100
f 5100 5117 5118
f 5100 5118 5101
f 5101 5118 5119
f 5101 5119 5102
f 5102 5119 5120
f 5102 5120 5103
f 5103 5120 5121
f 5103 5121 5104
f 5104 5121 5122
f 5104 5122 5105
f 5105 5122 5123
f 5105 5123 5106
f 5106 5123 5124
f 5106 5124 5107
f 5107 5124 5125
f 5107 5125 5108
f 5108 5125 5126
f 5108 5126 5109
f 5109 5126 5127
f 5109 5127 5110
f 5110 5127 5128
f 5110 5128 5111
f 5111 5128 5129
f 5111 5129 5112
f 5112 5129 5130
f 5112 5130 4842
f 5113 4823 5131
f 5113 5131 5114
f 5114 5131 5132
f 5114 5132 5115
f 5115 5132 5133
f 5115 5133 5116
f 5116 5133 5134
f 5116 5134 5117
f 5117 5134 5135
f 5117 5135 5118
f 5118 5135 5136
f 5118 5136 5119
f 5119 5136 5137
f 5119 5137 5120
f 5120 5137 5138
f 5120 5138 5121
f 5121 5138 5139
f 5121 5139 5122
f 5122 5139 5140
f 5122 5140 5123
f 5123 5140 5141
f 5123 5141 5124
f 5124 5141 5142
f 5124 5142 5125
f 5125 5142 5143
f 5125 5143 5126
f 5126 5143 5144
f 5126 5144 5127
f 5127 5144 5145
f 5127 5145 5128
f 5128 5145 5146
f 5128 5146 5129
f 5129 5146 5147
f 5129 5147 5130
f 5130 5147 5148
f 5130 5148 4842
f 5131 4823 5149
f 5131 5149 5132
f 5132 5149 5150
f 5132 5150 5133
f 5133 5150 5151
f 5133 5151 5134
f 5134 5151 5152
f 5134 5152 5135
f 5135 5152 5153
f 5135 5153 5136
f 5136 5153 5154
f 5136 5154 5137
f 5137 5154 5155
f 5137 5155 5138
f 5138 5155 5156
f 5138 5156 5139
f 5139 5156 5157
f 5139 5157 5140
f 5140 5157 5158
f 5140 5158 5141
f 5141 5158 5159
f 5141 5159 5142
f 5142 5159 5160
f 5142 5160 5143
f 5143 5160 5161
f 5143 5161 5144
f 5144 5161 5162
f 5144 5162 5145
f 5145 5162 5163
f 5145 5163 5146
f 5146 5163 5164
f 5146 5164 5147
f 5147 5164 5165
f 5147 5165 5148
f 5148 5165 5166
f 5148 5166 4842
f 5149 4823 5167
f 5149 5167 5150
f 5150 5167 5168
f 5150 5168 5151
f 5151 5168 5169
f 5151 5169 5152
f 5152 5169 5170
f 5152 5170 5153
f 5153 5170 5171
f 5153 5171 5154
f 5154 5171 5172
f 5154 5172 5155
f 5155 5172 5173
f 5155 5173 5156
f 5156 5173 5174
f 5156 5174 5157
f 5157 5174 5175
f 5157 5175 5158
f 5158 5175 5176
f 5158 5176 5159
f 5159 5176 5177
f 5159 5177 5160
f 5160 5177 5178
f 5160 5178 5161
f 5161 5178 5179
f 5161 5179 5162
f 5162 5179 5180
f 5162 5180 5163
f 5163 5180 5181
f 5163 5181 5164
f 5164 5181 5182
f 5164 5182 5165
f 5165 5182 5183
f 5165 5183 5166
f 5166 5183 5184
f 5166 5184 4842
f 5167 4823 4824
f 5167 4824 5168
f 5168 4824 4825
f 5168 4825 5169
f 5169 4825 4826
f 5169 4826 5170
f 5170 4826 4827
f 5170 4827 5171
f 5171 4827 4828
f 5171 4828 5172
f 5172 4828 4829
f 5172 4829 5173
f 5173 4829 4830
f 5173 4830 5174
f 5174 4830 4831
f 5174 4831 5175
f 5175 4831 4832
f 5175 4832 5176
f 5176 4832 4833
f 5176 4833 5177
f 5177 4833 4834
f 5177 4834 5178
f 5178 4834 4835
f 5178 4835 5179
f 5179 4835 4836
f 5179 4836 5180
f 5180 4836 4837
f 5180 4837 5181
f 5181 4837 4838
f 5181 4838 5182
f 5182 4838 4839
f 5182 4839 5183
f 5183 4839 4840
f 5183 4840 5184
f 5184 4840 4841
f 5184 4841 4842
f 5186 5185 5209
f 5186 5209 5187
f 5187 5209 5210
f 5187 5210 5188
f 5188 5210 5211
f 5188 5211 5189
f 5189 5211 5212
f 5189 5212 5190
f 5190 5212 5213
f 5190 5213 5191
f 5191 5213 5214
f 5191 5214 5192
f 5192 5214 5215
f 5192 5215 5193
f 5193 5215 5216
f 5193 5216 5194
f 5194 5216 5217
f 5194 5217 5195
f 5195 5217 5218
f 5195 5218 5196
f 5196 5218 5219
f 5196 5219 5197
f 5197 5219 5220
f 5197 5220 5198
f 5198 5220 5221
f 5198 5221 5199
f 5199 5221 5222
f 5199 5222 5200
f 5200 5222 5223
f 5200 5223 5201
f 5201 5223 5224
f 5201 5224 5202
f 5202 5224 5225
f 5202 5225 5203
f 5203 5225 5226
f 5203 5226 5204
f 5204 5226 5227
f 5204 5227 5205
f 5205 5227 5228
f 5205 5228 5206
f 5206 5228 5229
f 5206 5229 5207
f 5207 5229 5230
f 5207 5230 5208
f 5209 5185 5231
f 5209 5231 5210
f 5210 5231 5232
f 5210 5232 5211
f 5211 5232 5233
f 5211 5233 5212
f 5212 5233 5234
f 5212 5234 5213
f 5213 5234 5235
f 5213 5235 5214
f 5214 5235 5236
f 5214 5236 5215
f 5215 5236 5237
f 5215 5237 5216
f 5216 5237 5238
f 5216 5238 5217
f 5217 5238 5239
f 5217 5239 5218
f 5218 5239 5240
f 5218 5240 5219
f 5219 5240 5241
f 5219 5241 5220
f 5220 5241 5242
f 5220 5242 5221
f 5221 5242 5243
f 5221 5243 5222
f 5222 5243 5244
f 5222 5244 5223
f 5223 5244 5245
f 5223 5245 5224
f 5224 5245 5246
f 5224 5246 5225
f 5225 5246 5247
f 5225 5247 5226
f 5226 5247 5248
f 5226 5248 5227
f 5227 5248 5249
f 5227 5249 5228
f 5228 5249 5250
f 5228 5250 5229
f 5229 5250 5251
f 5229 5251 5230
f 5230 5251 5252
f 5230 5252 5208
f 5231 5185 5253
f 5231 5253 5232
f 5232 5253 5254
f 5232 5254 5233
f 5233 5254 5255
f 5233 5255 5234
f 5234 5255 5256
f 5234 5256 5235
f 5235 5256 5257
f 5235 5257 5236
f 5236 5257 5258
f 5236 5258 5237
f 5237 5258 5259
f 5237 5259 5238
f 5238 5259 5260
f 5238 5260 5239
f 5239 5260 5261
f 5239 5261 5240
f 5240 5261 5262
f 5240 5262 5241
f 5241 5262 5263
f 5241 5263 5242
f 5242 5263 5264
f 5242 5264 5243
f 5243 5264 5265
f 5243 5265 5244
f 5244 5265 5266
f 5244 5266 5245
f 5245 5266 5267
f 5245 5267 5246
f 5246 5267 5268
f 5246 5268 5247
f 5247 5268 5269
f 5247 5269 5248
f 5248 5269 5270
f 5248 5270 5249
f 5249 5270 5271
f 5249 5271 5250
f 5250 5271 5272
f 5250 5272 5251
f 5251 5272 5273
f 5251 5273 5252
f 5252 5273 5274
f 5252 5274 5208
f 5253 5185 5275
f 5253 5275 5254
f 5254 5275 5276
f 5254 5276 5255
f 5255 5276 5277
f 5255 5277 5256
f 5256 5277 5278
f 5256 5278 5257
f 5257 5278 5279
f 5257 5279 5258
f 5258 5279 5280
f 5258 5280 5259
f 5259 5280 5281
f 5259 5281 5260
f 5260 5281 5282
f 5260 5282 5261
f 5261 5282 5283
f 5261 5283 5262
f 5262 5283 5284
f 5262 5284 5263
f 5263 5284 5285
f 5263 5285 5264
f 5264 5285 5286
f 5264 5286 5265
f 5265 5286 5287
f 5265 5287 5266
f 5266 5287 5288
f 5266 5288 5267
f 5267 5288 5289
f 5267 5289 5268
f 5268 5289 5290
f 5268 5290 5269
f 5269 5290 5291
f 5269 5291 5270
f 5270 5291 5292
f 5270 5292 5271
f 5271 5292 5293
f 5271 5293 5272
f 5272 5293 5294
f 5272 5294 5273
f 5273 5294 5295
f 5273 5295 5274
f 5274 5295 5296
f 5274 5296 5208
f 5275 5185 5297
f 5275 5297 5276
f 5276 5297 5298
f 5276 5298 5277
f 5277 5298 5299
f 5277 5299 5278
f 5278 5299 5300
f 5278 5300 5279
f 5279 5300 5301
f 5279 5301 5280
f 5280 5301 5302
f 5280 5302 5281
f 5281 5302 5303
f 5281 5303 5282
f 5282 5303 5304
f 5282 5304 5283
f 5283 5304 5305
f 5283 5305 5284
f 5284 5305 5306
f 5284 5306 5285
f 5285 5306 5307
f 5285 5307 5286
f 5286 5307 5308
f 5286 5308 5287
f 5287 5308 5309
f 5287 5309 5288
f 5288 5309 5310
f 5288 5310 5289
f 5289 5310 5311
f 5289 5311 5290
f 5290 5311 5312
f 5290 5312 5291
f 5291 5312 5313
f 5291 5313 5292
f 5292 5313 5314
f 5292 5314 5293
f 5293 5314 5315
f 5293 5315 5294
f 5294 5315 5316
f 5294 5316 5295
f 5295 5316 5317
f 5295 5317 5296
f 5296 5317 5318
f 5296 5318 5208
f 5297 5185 5319
f 5297 5319 5298
f 5298 5319 5320
f 5298 5320 5299
f 5299 5320 5321
f 5299 5321 5300
f 5300 5321 5322
f 5300 5322 5301
f 5301 5322 5323
f 5301 5323 5302
f 5302 5323 5324
f 5302 5324 5303
f 5303 5324 5325
f 5303 5325 5304
f 5304 5325 5326
f 5304 5326 5305
f 5305 5326 5327
f 5305 5327 5306
f 5306 5327 5328
f 5306 5328 5307
f 5307 5328 5329
f 5307 5329 5308
f 5308 5329 5330
f 5308 5330 5309
f 5309 5330 5331
f 5309 5331 5310
f 5310 5331 5332
f 5310 5332 5311
f 5311 5332 5333
f 5311 5333 5312
f 5312 5333 5334
f 5312 5334 5313
f 5313 5334 5335
f 5313 5335 5314
f 5314 5335 5336
f 5314 5336 5315
f 5315 5336 5337
f 5315 5337 5316
f 5316 5337 5338
f 5316 5338 5317
f 5317 5338 5339
f 5317 5339 5318
f 5318 5339 5340
f 5318 5340 5208
f 5319 5185 5341
f 5319 5341 5320
f 5320 5341 5342
f 5320 5342 5321
f 5321 5342 5343
f 5321 5343 5322
f 5322 5343 5344
f 5322 5344 5323
f 5323 5344 5345
f 5323 5345 5324
f 5324 5345 5346
f 5324 5346 5325
f 5325 5346 5347
f 5325 5347 5326
f 5326 5347 5348
f 5326 5348 5327
f 5327 5348 5349
f 5327 5349 5328
f 5328 5349 5350
f 5328 5350 5329
f 5329 5350 5351
f 5329 5351 5330
f 5330 5351 5352
f 5330 5352 5331
f 5331 5352 5353
f 5331 5353 5332
f 5332 5353 5354
f 5332 5354 5333
f 5333 5354 5355
f 5333 5355 5334
f 5334 5355 5356
f 5334 5356 5335
f 5335 5356 5357
f 5335 5357 5336
f 5336 5357 5358
f 5336 5358 5337
f 5337 5358 5359
f 5337 5359 5338
f 5338 5359 5360
f 5338 5360 5339
f 5339 5360 5361
f 5339 5361 5340
f 5340 5361 5362
f 5340 5362 5208
f 5341 5185 5363
f 5341 5363 5342
f 5342 5363 5364
f 5342 5364 5343
f 5343 5364 5365
f 5343 5365 5344
f 5344 5365 5366
f 5344 5366 5345
f 5345 5366 5367
f 5345 5367 5346
f 5346 5367 5368
f 5346 5368 5347
f 5347 5368 5369
f 5347 5369 5348
f 5348 5369 5370
f 5348 5370 5349
f 5349 5370 5371
f 5349 5371 5350
f 5350 5371 5372
f 5350 5372 5351
f 5351 5372 5373
f 5351 5373 5352
f 5352 5373 5374
f 5352 5374 5353
f 5353 5374 5375
f 5353 5375 5354
f 5354 5375 5376
f 5354 5376 5355
f 5355 5376 5377
f 5355 5377 5356
f 5356 5377 5378
f 5356 5378 5357
f 5357 5378 5379
f 5357 5379 5358
f 5358 5379 5380
f 5358 5380 5359
f 5359 5380 5381
f 5359 5381 5360
f 5360 5381 5382
f 5360 5382 5361
f 5361 5382 5383
f 5361 5383 5362
f 5362 5383 5384
f 5362 5384 5208
f 5363 5185 5385
f 5363 5385 5364
f 5364 5385 5386
f 5364 5386 5365
f 5365 5386 5387
f 5365 5387 5366
f 5366 5387 5388
f 5366 5388 5367
f 5367 5388 5389
f 5367 5389 5368
f 5368 5389 5390
f 5368 5390 5369
f 5369 5390 5391
f 5369 5391 5370
f 5370 5391 5392
f 5370 5392 5371
f 5371 5392 5393
f 5371 5393 5372
f 5372 5393 5394
f 5372 5394 5373
f 5373 5394 5395
f 5373 5395 5374
f 5374 5395 5396
f 5374 5396 5375
f 5375 5396 5397
f 5375 5397 5376
f 5376 5397 5398
f 5376 5398 5377
f 5377 5398 5399
f 5377 5399 5378
f 5378 5399 5400
f 5378 5400 5379
f 5379 5400 5401
f 5379 5401 5380
f 5380 5401 5402
f 5380 5402 5381
f 5381 5402 5403
f 5381 5403 5382
f 5382 5403 5404
f 5382 5404 5383
f 5383 5404 5405
f 5383 5405 5384
f 5384 5405 5406
f 5384 5406 5208
f 5385 5185 5407
f 5385 5407 5386
f 5386 5407 5408
f 5386 5408 5387
f 5387 5408 5409
f 5387 5409 5388
f 5388 5409 5410
f 5388 5410 5389
f 5389 5410 5411
f 5389 5411 5390
f 5390 5411 5412
f 5390 5412 5391
f 5391 5412 5413
f 5391 5413 5392
f 5392 5413 5414
f 5392 5414 5393
f 5393 5414 5415
f 5393 5415 5394
f 5394 5415 5416
f 5394 5416 5395
f 5395 5416 5417
f 5395 5417 5396
f 5396 5417 5418
f 5396 5418 5397
f 5397 5418 5419
f 5397 5419 5398
f 5398 5419 5420
f 5398 5420 5399
f 5399 5420 5421
f 5399 5421 5400
f 5400 5421 5422
f 5400 5422 5401
f 5401 5422 5423
f 5401 5423 5402
f 5402 5423 5424
f 5402 5424 5403
f 5403 5424 5425
f 5403 5425 5404
f 5404 5425 5426
f 5404 5426 5405
f 5405 5426 5427
f 5405 5427 5406
f 5406 5427 5428
f 5406 5428 5208
f 5407 5185 5429
f 5407 5429 5408
f 5408 5429 5430
f 5408 5430 5409
f 5409 5430 5431
f 5409 5431 5410
f 5410 5431 5432
f 5410 5432 5411
f 5411 5432 5433
f 5411 5433 5412
f 5412 5433 5434
f 5412 5434 5413
f 5413 5434 5435
f 5413 5435 5414
f 5414 5435 5436
f 5414 5436 5415
f 5415 5436 5437
f 5415 5437 5416
f 5416 5437 5438
f 5416 5438 5417
f 5417 5438 5439
f 5417 5439 5418
f 5418 5439 5440
f 5418 5440 5419
f 5419 5440 5441
f 5419 5441 5420
f 5420 5441 5442
f 5420 5442 5421
f 5421 5442 5443
f 5421 5443 5422
f 5422 5443 5444
f 5422 5444 5423
f 5423 5444 5445
f 5423 5445 5424
f 5424 5445 5446
f 5424 5446 5425
f 5425 5446 5447
f 5425 5447 5426
f 5426 5447 5448
f 5426 5448 5427
f 5427 5448 5449
f 5427 5449 5428
f 5428 5449 5450
f 5428 5450 5208
f 5429 5185 5451
f 5429 5451 5430
f 5430 5451 5452
f 5430 5452 5431
f 5431 5452 5453
f 5431 5453 5432
f 5432 5453 5454
f 5432 5454 5433
f 5433 5454 5455
f 5433 5455 5434
f 5434 5455 5456
f 5434 5456 5435
f 5435 5456 5457
f 5435 5457 5436
f 5436 5457 5458
f 5436 5458 5437
f 5437 5458 5459
f 5437 5459 5438
f 5438 5459 5460
f 5438 5460 5439
f 5439 5460 5461
f 5439 5461 5440
f 5440 5461 5462
f 5440 5462 5441
f 5441 5462 5463
f 5441 5463 5442
f 5442 5463 5464
f 5442 5464 5443
f 5443 5464 5465
f 5443 5465 5444
f 5444 5465 5466
f 5444 5466 5445
f 5445 5466 5467
f 5445 5467 5446
f 5446 5467 5468
f 5446 5468 5447
f 5447 5468 5469
f 5447 5469 5448
f 5448 5469 5470
f 5448 5470 5449
f 5449 5470 5471
f 5449 5471 5450
f 5450 5471 5472
f 5450 5472 5208
f 5451 5185 5473
f 5451 5473 5452
f 5452 5473 5474
f 5452 5474 5453
f 5453 5474 5475
f 5453 5475 5454
f 5454 5475 5476
f 5454 5476 5455
f 5455 5476 5477
f 5455 5477 5456
f 5456 5477 5478
f 5456 5478 5457
f 5457 5478 5479
f 5457 5479 5458
f 5458 5479 5480
f 5458 5480 5459
f 5459 5480 5481
f 5459 5481 5460
f 5460 5481 5482
f 5460 5482 5461
f 5461 5482 5483
f 5461 5483 5462
f 5462 5483 5484
f 5462 5484 5463
f 5463 5484 5485
f 5463 5485 5464
f 5464 5485 5486
f 5464 5486 5465
f 5465 5486 5487
f 5465 5487 5466
f 5466 5487 5488
f 5466 5488 5467
f 5467 5488 5489
f 5467 5489 5468
f 5468 5489 5490
f 5468 5490 5469
f 5469 5490 5491
f 5469 5491 5470
f 5470 5491 5492
f 5470 5492 5471
f 5471 5492 5493
f 5471 5493 5472
f 5472 5493 5494
f 5472 5494 5208
f 5473 5185 5495
f 5473 5495 5474
f 5474 5495 5496
f 5474 5496 5475
f 5475 5496 5497
f 5475 5497 5476
f 5476 5497 5498
f 5476 5498 5477
f 5477 5498 5499
f 5477 5499 5478
f 5478 5499 5500
f 5478 5500 5479
f 5479 5500 5501
f 5479 5501 5480
f 5480 5501 5502
f 5480 5502 5481
f 5481 5502 5503
f 5481 5503 5482
f 5482 5503 5504
f 5482 5504 5483
f 5483 5504 5505
f 5483 5505 5484
f 5484 5505 5506
f 5484 5506 5485
f 5485 5506 5507
f 5485 5507 5486
f 5486 5507 5508
f 5486 5508 5487
f 5487 5508 5509
f 5487 5509 5488
f 5488 5509 5510
f 5488 5510 5489
f 5489 5510 5511
f 5489 5511 5490
f 5490 5511 5512
f 5490 5512 5491
f 5491 5512 5513
f 5491 5513 5492
f 5492 5513 5514
f 5492 5514 5493
f 5493 5514 5515
f 5493 5515 5494
f 5494 5515 5516
f 5494 5516 5208
f 5495 5185 5517
f 5495 5517 5496
f 5496 5517 5518
f 5496 5518 5497
f 5497 5518 5519
f 5497 5519 5498
f 5498 5519 5520
f 5498 5520 5499
f 5499 5520 5521
f 5499 5521 5500
f 5500 5521 5522
f 5500 5522 5501
f 5501 5522 5523
f 5501 5523 5502
f 5502 5523 5524
f 5502 5524 5503
f 5503 5524 5525
f 5503 5525 5504
f 5504 5525 5526
f 5504 5526 5505
f 5505 5526 5527
f 5505 5527 5506
f 5506 5527 5528
f 5506 5528 5507
f 5507 5528 5529
f 5507 5529 5508
f 5508 5529 5530
f 5508 5530 5509
f 5509 5530 5531
f 5509 5531 5510
f 5510 5531 5532
f 5510 5532 5511
f 5511 5532 5533
f 5511 5533 5512
f 5512 5533 5534
f 5512 5534 5513
f 5513 5534 5535
f 5513 5535 5514
f 5514 5535 5536
f 5514 5536 5515
f 5515 5536 5537
f 5515 5537 5516
f 5516 5537 5538
f 5516 5538 5208
f 5517 5185 5539
f 5517 5539 5518
f 5518 5539 5540
f 5518 5540 5519
f 5519 5540 5541
f 5519 5541 5520
f 5520 5541 5542
f 5520 5542 5521
f 5521 5542 5543
f 5521 5543 5522
f 5522 5543 5544
f 5522 5544 5523
f 5523 5544 5545
f 5523 5545 5524
f 5524 5545 5546
f 5524 5546 5525
f 5525 5546 5547
f 5525 5547 5526
f 5526 5547 5548
f 5526 5548 5527
f 5527 5548 5549
f 5527 5549 5528
f 5528 5549 5550
f 5528 5550 5529
f 5529 5550 5551
f 5529 5551 5530
f 5530 5551 5552
f 5530 5552 5531
f 5531 5552 5553
f 5531 5553 5532
f 5532 5553 5554
f 5532 5554 5533
f 5533 5554 5555
f 5533 5555 5534
f 5534 5555 5556
f 5534 5556 5535
f 5535 5556 5557
f 5535 5557 5536
f 5536 5557 5558
f 5536 5558 5537
f 5537 5558 5559
f 5537 5559 5538
f 5538 5559 5560
f 5538 5560 5208
f 5539 5185 5561
f 5539 5561 5540
f 5540 5561 5562
f 5540 5562 5541
f 5541 5562 5563
f 5541 5563 5542
f 5542 5563 5564
f 5542 5564 5543
f 5543 5564 5565
f 5543 5565 5544
f 5544 5565 5566
f 5544 5566 5545
f 5545 5566 5567
f 5545 5567 5546
f 5546 5567 5568
f 5546 5568 5547
f 5547 5568 5569
f 5547 5569 5548
f 5548 5569 5570
f 5548 5570 5549
f 5549 5570 5571
f 5549 5571 5550
f 5550 5571 5572
f 5550 5572 5551
f 5551 5572 5573
f 5551 5573 5552
f 5552 5573 5574
f 5552 5574 5553
f 5553 5574 5575
f 5553 5575 5554
f 5554 5575 5576
f 5554 5576 5555
f 5555 5576 5577
f 5555 5577 5556
f 5556 5577 5578
f 5556 5578 5557
f 5557 5578 5579
f 5557 5579 5558
f 5558 5579 5580
f 5558 5580 5559
f 5559 5580 5581
f 5559 5581 5560
f 5560 5581 5582
f 5560 5582 5208
f 5561 5185 5583
f 5561 5583 5562
f 5562 5583 5584
f 5562 5584 5563
f 5563 5584 5585
f 5563 5585 5564
f 5564 5585 5586
f 5564 5586 5565
f 5565 5586 5587
f 5565 5587 5566
f 5566 5587 5588
f 5566 5588 5567
f 5567 5588 5589
f 5567 5589 5568
f 5568 5589 5590
f 5568 5590 5569
f 5569 5590 5591
f 5569 5591 5570
f 5570 5591 5592
f 5570 5592 5571
f 5571 5592 5593
f 5571 5593 5572
f 5572 5593 5594
f 5572 5594 5573
f 5573 5594 5595
f 5573 5595 5574
f 5574 5595 5596
f 5574 5596 5575
f 5575 5596 5597
f 5575 5597 5576
f 5576 5597 5598
f 5576 5598 5577
f 5577 5598 5599
f 5577 5599 5578
f 5578 5599 5600
f 5578 5600 5579
f 5579 5600 5601
f 5579 5601 5580
f 5580 5601 5602
f 5580 5602 5581
f 5581 5602 5603
f 5581 5603 5582
f 5582 5603 5604
f 5582 5604 5208
f 5583 5185 5605
f 5583 5605 5584
f 5584 5605 5606
f 5584 5606 5585
f 5585 5606 5607
f 5585 5607 5586
f 5586 5607 5608
f 5586 5608 5587
f 5587 5608 5609
f 5587 5609 5588
f 5588 5609 5610
f 5588 5610 5589
f 5589 5610 5611
f 5589 5611 5590
f 5590 5611 5612
f 5590 5612 5591
f 5591 5612 5613
f 5591 5613 5592
f 5592 5613 5614
f 5592 5614 5593
f 5593 5614 5615
f 5593 5615 5594
f 5594 5615 5616
f 5594 5616 5595
f 5595 5616 5617
f 5595 5617 5596
f 5596 5617 5618
f 5596 5618 5597
f 5597 5618 5619
f 5597 5619 5598
f 5598 5619 5620
f 5598 5620 5599
f 5599 5620 5621
f 5599 5621 5600
f 5600 5621 5622
f 5600 5622 5601
f 5601 5622 5623
f 5601 5623 5602
f 5602 5623 5624
f 5602 5624 5603
f 5603 5624 5625
f 5603 5625 5604
f 5604 5625 5626
f 5604 5626 5208
f 5605 5185 5627
f 5605 5627 5606
f 5606 5627 5628
f 5606 5628 5607
f 5607 5628 5629
f 5607 5629 5608
f 5608 5629 5630
f 5608 5630 5609
f 5609 5630 5631
f 5609 5631 5610
f 5610 5631 5632
f 5610 5632 5611
f 5611 5632 5633
f 5611 5633 5612
f 5612 5633 5634
f 5612 5634 5613
f 5613 5634 5635
f 5613 5635 5614
f 5614 5635 5636
f 5614 5636 5615
f 5615 5636 5637
f 5615 5637 5616
f 5616 5637 5638
f 5616 5638 5617
f 5617 5638 5639
f 5617 5639 5618
f 5618 5639 5640
f 5618 5640 5619
f 5619 5640 5641
f 5619 5641 5620
f 5620 5641 5642
f 5620 5642 5621
f 5621 5642 5643
f 5621 5643 5622
f 5622 5643 5644
f 5622 5644 5623
f 5623 5644 5645
f 5623 5645 5624
f 5624 5645 5646
f 5624 5646 5625
f 5625 5646 5647
f 5625 5647 5626
f 5626 5647 5648
f 5626 5648 5208
f 5627 5185 5649
f 5627 5649 5628
f 5628 5649 5650
f 5628 5650 5629
f 5629 5650 5651
f 5629 5651 5630
f 5630 5651 5652
f 5630 5652 5631
f 5631 5652 5653
f 5631 5653 5632
f 5632 5653 5654
f 5632 5654 5633
f 5633 5654 5655
f 5633 5655 5634
f 5634 5655 5656
f 5634 5656 5635
f 5635 5656 5657
f 5635 5657 5636
f 5636 5657 5658
f 5636 5658 5637
f 5637 5658 5659
f 5637 5659 5638
f 5638 5659 5660
f 5638 5660 5639
f 5639 5660 5661
f 5639 5661 5640
f 5640 5661 5662
f 5640 5662 5641
f 5641 5662 5663
f 5641 5663 5642
f 5642 5663 5664
f 5642 5664 5643
f 5643 5664 5665
f 5643 5665 5644
f 5644 5665 5666
f 5644 5666 5645
f 5645 5666 5667
f 5645 5667 5646
f 5646 5667 5668
f 5646 5668 5647
f 5647 5668 5669
f 5647 5669 5648
f 5648 5669 5670
f 5648 5670 5208
f 5649 5185 5671
f 5649 5671 5650
f 5650 5671 5672
f 5650 5672 5651
f 5651 5672 5673
f 5651 5673 5652
f 5652 5673 5674
f 5652 5674 5653
f 5653 5674 5675
f 5653 5675 5654
f 5654 5675 5676
f 5654 5676 5655
f 5655 5676 5677
f 5655 5677 5656
f 5656 5677 5678
f 5656 5678 5657
f 5657 5678 5679
f 5657 5679 5658
f 5658 5679 5680
f 5658 5680 5659
f 5659 5680 5681
f 5659 5681 5660
f 5660 5681 5682
f 5660 5682 5661
f 5661 5682 5683
f 5661 5683 5662
f 5662 5683 5684
f 5662 5684 5663
f 5663 5684 5685
f 5663 5685 5664
f 5664 5685 5686
f 5664 5686 5665
f 5665 5686 5687
f 5665 5687 5666
f 5666 5687 5688
f 5666 5688 5667
f 5667 5688 5689
f 5667 5689 5668
f 5668 5689 5690
f 5668 5690 5669
f 5669 5690 5691
f 5669 5691 5670
f 5670 5691 5692
f 5670 5692 5208
f 5671 5185 5693
f 5671 5693 5672
f 5672 5693 5694
f 5672 5694 5673
f 5673 5694 5695
f 5673 5695 5674
f 5674 5695 5696
f 5674 5696 5675
f 5675 5696 5697
f 5675 5697 5676
f 5676 5697 5698
f 5676 5698 5677
f 5677 5698 5699
f 5677 5699 5678
f 5678 5699 5700
f 5678 5700 5679
f 5679 5700 5701
f 5679 5701 5680
f 5680 5701 5702
f 5680 5702 5681
f 5681 5702 5703
f 5681 5703 5682
f 5682 5703 5704
f 5682 5704 5683
f 5683 5704 5705
f 5683 5705 5684
f 5684 5705 5706
f 5684 5706 5685
f 5685 5706 5707
f 5685 5707 5686
f 5686 5707 5708
f 5686 5708 5687
f 5687 5708 5709
f 5687 5709 5688
f 5688 5709 5710
f 5688 5710 5689
f 5689 5710 5711
f 5689 5711 5690
f 5690 5711 5712
f 5690 5712 5691
f 5691 5712 5713
f 5691 5713 5692
f 5692 5713 5714
f 5692 5714 5208
f 5693 5185 5186
f 5693 5186 5694
f 5694 5186 5187
f 5694 5187 5695
f 5695 5187 5188
f 5695 5188 5696
f 5696 5188 5189
f 5696 5189 5697
f 5697 5189 5190
f 5697 5190 5698
f 5698 5190 5191
f 5698 5191 5699
f 5699 5191 5192
f 5699 5192 5700
f 5700 5192 5193
f 5700 5193 5701
f 5701 5193 5194
f 5701 5194 5702
f 5702 5194 5195
f 5702 5195 5703
f 5703 5195 5196
f 5703 5196 5704
f 5704 5196 5197
f 5704 5197 5705
f 5705 5197 5198
f 5705 5198 5706
f 5706 5198 5199
f 5706 5199 5707
f 5707 5199 5200
f 5707 5200 5708
f 5708 5200 5201
f 5708 5201 5709
f 5709 5201 5202
f 5709 5202 5710
f 5710 5202 5203
f 5710 5203 5711
f 5711 5203 5204
f 5711 5204 5712
f 5712 5204 5205
f 5712 5205 5713
f 5713 5205 5206
f 5713 5206 5714
f 5714 5206 5207
f 5714 5207 5208
f 5716 5715 5739
f 5716 5739 5717
f 5717 5739 5740
f 5717 5740 5718
f 5718 5740 5741
f 5718 5741 5719
f 5719 5741 5742
f 5719 5742 5720
f 5720 5742 5743
f 5720 5743 5721
f 5721 5743 5744
f 5721 5744 5722
f 5722 5744 5745
f 5722 5745 5723
f 5723 5745 5746
f 5723 5746 5724
f 5724 5746 5747
f 5724 5747 5725
f 5725 5747 5748
f 5725 5748 5726
f 5726 5748 5749
f 5726 5749 5727
f 5727 5749 5750
f 5727 5750 5728
f 5728 5750 5751
f 5728 5751 5729
f 5729 5751 5752
f 5729 5752 5730
f 5730 5752 5753
f 5730 5753 5731
f 5731 5753 5754
f 5731 5754 5732
f 5732 5754 5755
f 5732 5755 5733
f 5733 5755 5756
f 5733 5756 5734
f 5734 5756 5757
f 5734 5757 5735
f 5735 5757 5758
f 5735 5758 5736
f 5736 5758 5759
f 5736 5759 5737
f 5737 5759 5760
f 5737 5760 5738
f 5739 5715 5761
f 5739 5761 5740
f 5740 5761 5762
f 5740 5762 5741
f 5741 5762 5763
f 5741 5763 5742
f 5742 5763 5764
f 5742 5764 5743
f 5743 5764 5765
f 5743 5765 5744
f 5744 5765 5766
f 5744 5766 5745
f 5745 5766 5767
f 5745 5767 5746
f 5746 5767 5768
f 5746 5768 5747
f 5747 5768 5769
f 5747 5769 5748
f 5748 5769 5770
f 5748 5770 5749
f 5749 5770 5771
f 5749 5771 5750
f 5750 5771 5772
f 5750 5772 5751
f 5751 5772 5773
f 5751 5773 5752
f 5752 5773 5774
f 5752 5774 5753
f 5753 5774 5775
f 5753 5775 5754
f 5754 5775 5776
f 5754 5776 5755
f 5755 5776 5777
f 5755 5777 5756
f 5756 5777 5778
f 5756 5778 5757
f 5757 5778 5779
f 5757 5779 5758
f 5758 5779 5780
f 5758 5780 5759
f 5759 5780 5781
f 5759 5781 5760
f 5760 5781 5782
f 5760 5782 5738
f 5761 5715 5783
f 5761 5783 5762
f 5762 5783 5784
f 5762 5784 5763
f 5763 5784 5785
f 5763 5785 5764
f 5764 5785 5786
f 5764 5786 5765
f 5765 5786 5787
f 5765 5787 5766
f 5766 5787 5788
f 5766 5788 5767
f 5767 5788 5789
f 5767 5789 5768
f 5768 5789 5790
f 5768 5790 5769
f 5769 5790 5791
f 5769 5791 5770
f 5770 5791 5792
f 5770 5792 5771
f 5771 5792 5793
f 5771 5793 5772
f 5772 5793 5794
f 5772 5794 5773
f 5773 5794 5795
f 5773 5795 5774
f 5774 5795 5796
f 5774 5796 5775
f 5775 5796 5797
f 5775 5797 5776
f 5776 5797 5798
f 5776 5798 5777
f 5777 5798 5799
f 5777 5799 5778
f 5778 5799 5800
f 5778 5800 5779
f 5779 5800 5801
f 5779 5801 5780
f 5780 5801 5802
f 5780 5802 5781
f 5781 5802 5803
f 5781 5803 5782
f 5782 5803 5804
f 5782 5804 5738
f 5783 5715 5805
f 5783 5805 5784
f 5784 5805 5806
f 5784 5806 5785
f 5785 5806 5807
f 5785 5807 5786
f 5786 5807 5808
f 5786 5808 5787
f 5787 5808 5809
f 5787 5809 5788
f 5788 5809 5810
f 5788 5810 5789
f 5789 5810 5811
f 5789 5811 5790
f 5790 5811 5812
f 5790 5812 5791
f 5791 5812 5813
f 5791 5813 5792
f 5792 5813 5814
f 5792 5814 5793
f 5793 5814 5815
f 5793 5815 5794
f 5794 5815 5816
f 5794 5816 5795
f 5795 5816 5817
f 5795 5817 5796
f 5796 5817 5818
f 5796 5818 5797
f 5797 5818 5819
f 5797 5819 5798
f 5798 5819 5820
f 5798 5820 5799
f 5799 5820 5821
f 5799 5821 5800
f 5800 5821 5822
f 5800 5822 5801
f 5801 5822 5823
f 5801 5823 5802
f 5802 5823 5824
f 5802 5824 5803
f 5803 5824 5825
f 5803 5825 5804
f 5804 5825 5826
f 5804 5826 5738
f 5805 5715 5827
f 5805 5827 5806
f 5806 5827 5828
f 5806 5828 5807
f 5807 5828 5829
f 5807 5829 5808
f 5808 5829 5830
f 5808 5830 5809
f 5809 5830 5831
f 5809 5831 5810
f 5810 5831 5832
f 5810 5832 5811
f 5811 5832 5833
f 5811 5833 5812
f 5812 5833 5834
f 5812 5834 5813
f 5813 5834 5835
f 5813 5835 5814
f 5814 5835 5836
f 5814 5836 5815
f 5815 5836 5837
f 5815 5837 5816
f 5816 5837 5838
f 5816 5838 5817
f 5817 5838 5839
f 5817 5839 5818
f 5818 5839 5840
f 5818 5840 5819
f 5819 5840 5841
f 5819 5841 5820
f 5820 5841 5842
f 5820 5842 5821
f 5821 5842 5843
f 5821 5843 5822
f 5822 5843 5844
f 5822 5844 5823
f 5823 5844 5845
f 5823 5845 5824
f 5824 5845 5846
f 5824 5846 5825
f 5825 5846 5847
f 5825 5847 5826
f 5826 5847 5848
f 5826 5848 5738
f 5827 5715 5849
f 5827 5849 5828
f 5828 5849 5850
f 5828 5850 5829
f 5829 5850 5851
f 5829 5851 5830
f 5830 5851 5852
f 5830 5852 5831
f 5831 5852 5853
f 5831 5853 5832
f 5832 5853 5854
f 5832 5854 5833
f 5833 5854 5855
f 5833 5855 5834
f 5834 5855 5856
f 5834 5856 5835
f 5835 5856 5857
f 5835 5857 5836
f 5836 5857 5858
f 5836 5858 5837
f 5837 5858 5859
f 5837 5859 5838
f 5838 5859 5860
f 5838 5860 5839
f 5839 5860 5861
f 5839 5861 5840
f 5840 5861 5862
f 5840 5862 5841
f 5841 5862 5863
f 5841 5863 5842
f 5842 5863 5864
f 5842 5864 5843
f 5843 5864 5865
f 5843 5865 5844
f 5844 5865 5866
f 5844 5866 5845
f 5845 5866 5867
f 5845 5867 5846
f 5846 5867 5868
f 5846 5868 5847
f 5847 5868 5869
f 5847 5869 5848
f 5848 5869 5870
f 5848 5870 5738
f 5849 5715 5871
f 5849 5871 5850
f 5850 5871 5872
f 5850 5872 5851
f 5851 5872 5873
f 5851 5873 5852
f 5852 5873 5874
f 5852 5874 5853
f 5853 5874 5875
f 5853 5875 5854
f 5854 5875 5876
f 5854 5876 5855
f 5855 5876 5877
f 5855 5877 5856
f 5856 5877 5878
f 5856 5878 5857
f 5857 5878 5879
f 5857 5879 5858
f 5858 5879 5880
f 5858 5880 5859
f 5859 5880 5881
f 5859 5881 5860
f 5860 5881 5882
f 5860 5882 5861
f 5861 5882 5883
f 5861 5883 5862
f 5862 5883 5884
f 5862 5884 5863
f 5863 5884 5885
f 5863 5885 5864
f 5864 5885 5886
f 5864 5886 5865
f 5865 5886 5887
f 5865 5887 5866
f 5866 5887 5888
f 5866 5888 5867
f 5867 5888 5889
f 5867 5889 5868
f 5868 5889 5890
f 5868 5890 5869
f 5869 5890 5891
f 5869 5891 5870
f 5870 5891 5892
f 5870 5892 5738
f 5871 5715 5893
f 5871 5893 5872
f 5872 5893 5894
f 5872 5894 5873
f 5873 5894 5895
f 5873 5895 5874
f 5874 5895 5896
f 5874 5896 5875
f 5875 5896 5897
f 5875 5897 5876
f 5876 5897 5898
f 5876 5898 5877
f 5877 5898 5899
f 5877 5899 5878
f 5878 5899 5900
f 5878 5900 5879
f 5879 5900 5901
f 5879 5901 5880
f 5880 5901 5902
f 5880 5902 5881
f 5881 5902 5903
f 5881 5903 5882
f 5882 5903 5904
f 5882 5904 5883
f 5883 5904 5905
f 5883 5905 5884
f 5884 5905 5906
f 5884 5906 5885
f 5885 5906 5907
f 5885 5907 5886
f 5886 5907 5908
f 5886 5908 5887
f 5887 5908 5909
f 5887 5909 5888
f 5888 5909 5910
f 5888 5910 5889
f 5889 5910 5911
f 5889 5911 5890
f 5890 5911 5912
f 5890 5912 5891
f 5891 5912 5913
f 5891 5913 5892
f 5892 5913 5914
f 5892 5914 5738
f 5893 5715 5915
f 5893 5915 5894
f 5894 5915 5916
f 5894 5916 5895
f 5895 5916 5917
f 5895 5917 5896
f 5896 5917 5918
f 5896 5918 5897
f 5897 5918 5919
f 5897 5919 5898
f 5898 5919 5920
f 5898 5920 5899
f 5899 5920 5921
f 5899 5921 5900
f 5900 5921 5922
f 5900 5922 5901
f 5901 5922 5923
f 5901 5923 5902
f 5902 5923 5924
f 5902 5924 5903
f 5903 5924 5925
f 5903 5925 5904
f 5904 5925 5926
f 5904 5926 5905
f 5905 5926 5927
f 5905 5927 5906
f 5906 5927 5928
f 5906 5928 5907
f 5907 5928 5929
f 5907 5929 5908
f 5908 5929 5930
f 5908 5930 5909
f 5909 5930 5931
f 5909 5931 5910
f 5910 5931 5932
f 5910 5932 5911
f 5911 5932 5933
f 5911 5933 5912
f 5912 5933 5934
f 5912 5934 5913
f 5913 5934 5935
f 5913 5935 5914
f 5914 5935 5936
f 5914 5936 5738
f 5915 5715 5937
f 5915 5937 5916
f 5916 5937 5938
f 5916 5938 5917
f 5917 5938 5939
f 5917 5939 5918
f 5918 5939 5940
f 5918 5940 5919
f 5919 5940 5941
f 5919 5941 5920
f 5920 5941 5942
f 5920 5942 5921
f 5921 5942 5943
f 5921 5943 5922
f 5922 5943 5944
f 5922 5944 5923
f 5923 5944 5945
f 5923 5945 5924
f 5924 5945 5946
f 5924 5946 5925
f 5925 5946 5947
f 5925 5947 5926
f 5926 5947 5948
f 5926 5948 5927
f 5927 5948 5949
f 5927 5949 5928
f 5928 5949 5950
f 5928 5950 5929
f 5929 5950 5951
f 5929 5951 5930
f 5930 5951 5952
f 5930 5952 5931
f 5931 5952 5953
f 5931 5953 5932
f 5932 5953 5954
f 5932 5954 5933
f 5933 5954 5955
f 5933 5955 5934
f 5934 5955 5956
f 5934 5956 5935
f 5935 5956 5957
f 5935 5957 5936
f 5936 5957 5958
f 5936 5958 5738
f 5937 5715 5959
f 5937 5959 5938
f 5938 5959 5960
f 5938 5960 5939
f 5939 5960 5961
f 5939 5961 5940
f 5940 5961 5962
f 5940 5962 5941
f 5941 5962 5963
f 5941 5963 5942
f 5942 5963 5964
f 5942 5964 5943
f 5943 5964 5965
f 5943 5965 5944
f 5944 5965 5966
f 5944 5966 5945
f 5945 5966 5967
f 5945 5967 5946
f 5946 5967 5968
f 5946 5968 5947
f 5947 5968 5969
f 5947 5969 5948
f 5948 5969 5970
f 5948 5970 5949
f 5949 5970 5971
f 5949 5971 5950
f 5950 5971 5972
f 5950 5972 5951
f 5951 5972 5973
f 5951 5973 5952
f 5952 5973 5974
f 5952 5974 5953
f 5953 5974 5975
f 5953 5975 5954
f 5954 5975 5976
f 5954 5976 5955
f 5955 5976 5977
f 5955 5977 5956
f 5956 5977 5978
f 5956 5978 5957
f 5957 5978 5979
f 5957 5979 5958
f 5958 5979 5980
f 5958 5980 5738
f 5959 5715 5981
f 5959 5981 5960
f 5960 5981 5982
f 5960 5982 5961
f 5961 5982 5983
f 5961 5983 5962
f 5962 5983 5984
f 5962 5984 5963
f 5963 5984 5985
f 5963 5985 5964
f 5964 5985 5986
f 5964 5986 5965
f 5965 5986 5987
f 5965 5987 5966
f 5966 5987 5988
f 5966 5988 5967
f 5967 5988 5989
f 5967 5989 5968
f 5968 5989 5990
f 5968 5990 5969
f 5969 5990 5991
f 5969 5991 5970
f 5970 5991 5992
f 5970 5992 5971
f 5971 5992 5993
f 5971 5993 5972
f 5972 5993 5994
f 5972 5994 5973
f 5973 5994 5995
f 5973 5995 5974
f 5974 5995 5996
f 5974 5996 5975
f 5975 5996 5997
f 5975 5997 5976
f 5976 5997 5998
f 5976 5998 5977
f 5977 5998 5999
f 5977 5999 5978
f 5978 5999 6000
f 5978 6000 5979
f 5979 6000 6001
f 5979 6001 5980
f 5980 6001 6002
f 5980 6002 5738
f 5981 5715 6003
f 5981 6003 5982
f 5982 6003 6004
f 5982 6004 5983
f 5983 6004 6005
f 5983 6005 5984
f 5984 6005 6006
f 5984 6006 5985
f 5985 6006 6007
f 5985 6007 5986
f 5986 6007 6008
f 5986 6008 5987
f 5987 6008 6009
f 5987 6009 5988
f 5988 6009 6010
f 5988 6010 5989
f 5989 6010 6011
f 5989 6011 5990
f 5990 6011 6012
f 5990 6012 5991
f 5991 6012 6013
f 5991 6013 5992
f 5992 6013 6014
f 5992 6014 5993
f 5993 6014 6015
f 5993 6015 5994
f 5994 6015 6016
f 5994 6016 5995
f 5995 6016 6017
f 5995 6017 5996
f 5996 6017 6018
f 5996 6018 5997
f 5997 6018 6019
f 5997 6019 5998
f 5998 6019 6020
f 5998 6020 5999
f 5999 6020 6021
f 5999 6021 6000
f 6000 6021 6022
f 6000 6022 6001
f 6001 6022 6023
f 6001 6023 6002
f 6002 6023 6024
f 6002 6024 5738
f 6003 5715 6025
f 6003 6025 6004
f 6004 6025 6026
f 6004 6026 6005
f 6005 6026 6027
f 6005 6027 6006
f 6006 6027 6028
f 6006 6028 6007
f 6007 6028 6029
f 6007 6029 6008
f 6008 6029 6030
f 6008 6030 6009
f 6009 6030 6031
f 6009 6031 6010
f 6010 6031 6032
f 6010 6032 6011
f 6011 6032 6033
f 6011 6033 6012
f 6012 6033 6034
f 6012 6034 6013
f 6013 6034 6035
f 6013 6035 6014
f 6014 6035 6036
f 6014 6036 6015
f 6015 6036 6037
f 6015 6037 6016
f 6016 6037 6038
f 6016 6038 6017
f 6017 6038 6039
f 6017 6039 6018
f 6018 6039 6040
f 6018 6040 6019
f 6019 6040 6041
f 6019 6041 6020
f 6020 6041 6042
f 6020 6042 6021
f 6021 6042 6043
f 6021 6043 6022
f 6022 6043 6044
f 6022 6044 6023
f 6023 6044 6045
f 6023 6045 6024
f 6024 6045 6046
f 6024 6046 5738
f 6025 5715 6047
f 6025 6047 6026
f 6026 6047 6048
f 6026 6048 6027
f 6027 6048 6049
f 6027 6049 6028
f 6028 6049 6050
f 6028 6050 6029
f 6029 6050 6051
f 6029 6051 6030
f 6030 6051 6052
f 6030 6052 6031
f 6031 6052 6053
f 6031 6053 6032
f 6032 6053 6054
f 6032 6054 6033
f 6033 6054 6055
f 6033 6055 6034
f 6034 6055 6056
f 6034 6056 6035
f 6035 6056 6057
f 6035 6057 6036
f 6036 6057 6058
f 6036 6058 6037
f 6037 6058 6059
f 6037 6059 6038
f 6038 6059 6060
f 6038 6060 6039
f 6039 6060 6061
f 6039 6061 6040
f 6040 6061 6062
f 6040 6062 6041
f 6041 6062 6063
f 6041 6063 6042
f 6042 6063 6064
f 6042 6064 6043
f 6043 6064 6065
f 6043 6065 6044
f 6044 6065 6066
f 6044 6066 6045
f 6045 6066 6067
f 6045 6067 6046
f 6046 6067 6068
f 6046 6068 5738
f 6047 5715 6069
f 6047 6069 6048
f 6048 6069 6070
f 6048 6070 6049
f 6049 6070 6071
f 6049 6071 6050
f 6050 6071 6072
f 6050 6072 6051
f 6051 6072 6073
f 6051 6073 6052
f 6052 6073 6074
f 6052 6074 6053
f 6053 6074 6075
f 6053 6075 6054
f 6054 6075 6076
f 6054 6076 6055
f 6055 6076 6077
f 6055 6077 6056
f 6056 6077 6078
f 6056 6078 6057
f 6057 6078 6079
f 6057 6079 6058
f 6058 6079 6080
f 6058 6080 6059
f 6059 6080 6081
f 6059 6081 6060
f 6060 6081 6082
f 6060 6082 6061
f 6061 6082 6083
f 6061 6083 6062
f 6062 6083 6084
f 6062 6084 6063
f 6063 6084 6085
f 6063 6085 6064
f 6064 6085 6086
f 6064 6086 6065
f 6065 6086 6087
f 6065 6087 6066
f 6066 6087 6088
f 6066 6088 6067
f 6067 6088 6089
f 6067 6089 6068
f 6068 6089 6090
f 6068 6090 5738
f 6069 5715 6091
f 6069 6091 6070
f 6070 6091 6092
f 6070 6092 6071
f 6071 6092 6093
f 6071 6093 6072
f 6072 6093 6094
f 6072 6094 6073
f 6073 6094 6095
f 6073 6095 6074
f 6074 6095 6096
f 6074 6096 6075
f 6075 6096 6097
f 6075 6097 6076
f 6076 6097 6098
f 6076 6098 6077
f 6077 6098 6099
f 6077 6099 6078
f 6078 6099 6100
f 6078 6100 6079
f 6079 6100 6101
f 6079 6101 6080
f 6080 6101 6102
f 6080 6102 6081
f 6081 6102 6103
f 6081 6103 6082
f 6082 6103 6104
f 6082 6104 6083
f 6083 6104 6105
f 6083 6105 6084
f 6084 6105 6106
f 6084 6106 6085
f 6085 6106 6107
f 6085 6107 6086
f 6086 6107 6108
f 6086 6108 6087
f 6087 6108 6109
f 6087 6109 6088
f 6088 6109 6110
f 6088 6110 6089
f 6089 6110 6111
f 6089 6111 6090
f 6090 6111 6112
f 6090 6112 5738
f 6091 5715 6113
f 6091 6113 6092
f 6092 6113 6114
f 6092 6114 6093
f 6093 6114 6115
f 6093 6115 6094
f 6094 6115 6116
f 6094 6116 6095
f 6095 6116 6117
f 6095 6117 6096
f 6096 6117 6118
f 6096 6118 6097
f 6097 6118 6119
f 6097 6119 6098
f 6098 6119 6120
f 6098 6120 6099
f 6099 6120 6121
f 6099 6121 6100
f 6100 6121 6122
f 6100 6122 6101
f 6101 6122 6123
f 6101 6123 6102
f 6102 6123 6124
f 6102 6124 6103
f 6103 6124 6125
f 6103 6125 6104
f 6104 6125 6126
f 6104 6126 6105
f 6105 6126 6127
f 6105 6127 6106
f 6106 6127 6128
f 6106 6128 6107
f 6107 6128 6129
f 6107 6129 6108
f 6108 6129 6130
f 6108 6130 6109
f 6109 6130 6131
f 6109 6131 6110
f 6110 6131 6132
f 6110 6132 6111
f 6111 6132 6133
f 6111 6133 6112
f 6112 6133 6134
f 6112 6134 5738
f 6113 5715 6135
f 6113 6135 6114
f 6114 6135 6136
f 6114 6136 6115
f 6115 6136 6137
f 6115 6137 6116
f 6116 6137 6138
f 6116 6138 6117
f 6117 6138 6139
f 6117 6139 6118
f 6118 6139 6140
f 6118 6140 6119
f 6119 6140 6141
f 6119 6141 6120
f 6120 6141 6142
f 6120 6142 6121
f 6121 6142 6143
f 6121 6143 6122
f 6122 6143 6144
f 6122 6144 6123
f 6123 6144 6145
f 6123 6145 6124
f 6124 6145 6146
f 6124 6146 6125
f 6125 6146 6147
f 6125 6147 6126
f 6126 6147 6148
f 6126 6148 6127
f 6127 6148 6149
f 6127 6149 6128
f 6128 6149 6150
f 6128 6150 6129
f 6129 6150 6151
f 6129 6151 6130
f 6130 6151 6152
f 6130 6152 6131
f 6131 6152 6153
f 6131 6153 6132
f 6132 6153 6154
f 6132 6154 6133
f 6133 6154 6155
f 6133 6155 6134
f 6134 6155 6156
f 6134 6156 5738
f 6135 5715 6157
f 6135 6157 6136
f 6136 6157 6158
f 6136 6158 6137
f 6137 6158 6159
f 6137 6159 6138
f 6138 6159 6160
f 6138 6160 6139
f 6139 6160 6161
f 6139 6161 6140
f 6140 6161 6162
f 6140 6162 6141
f 6141 6162 6163
f 6141 6163 6142
f 6142 6163 6164
f 6142 6164 6143
f 6143 6164 6165
f 6143 6165 6144
f 6144 6165 6166
f 6144 6166 6145
f 6145 6166 6167
f 6145 6167 6146
f 6146 6167 6168
f 6146 6168 6147
f 6147 6168 6169
f 6147 6169 6148
f 6148 6169 6170
f 6148 6170 6149
f 6149 6170 6171
f 6149 6171 6150
f 6150 6171 6172
f 6150 6172 6151
f 6151 6172 6173
f 6151 6173 6152
f 6152 6173 6174
f 6152 6174 6153
f 6153 6174 6175
f 6153 6175 6154
f 6154 6175 6176
f 6154 6176 6155
f 6155 6176 6177
f 6155 6177 6156
f 6156 6177 6178
f 6156 6178 5738
f 6157 5715 6179
f 6157 6179 6158
f 6158 6179 6180
f 6158 6180 6159
f 6159 6180 6181
f 6159 6181 6160
f 6160 6181 6182
f 6160 6182 6161
f 6161 6182 6183
f 6161 6183 6162
f 6162 6183 6184
f 6162 6184 6163
f 6163 6184 6185
f 6163 6185 6164
f 6164 6185 6186
f 6164 6186 6165
f 6165 6186 6187
f 6165 6187 6166
f 6166 6187 6188
f 6166 6188 6167
f 6167 6188 6189
f 6167 6189 6168
f 6168 6189 6190
f 6168 6190 6169
f 6169 6190 6191
f 6169 6191 6170
f 6170 6191 6192
f 6170 6192 6171
f 6171 6192 6193
f 6171 6193 6172
f 6172 6193 6194
f 6172 6194 6173
f 6173 6194 6195
f 6173 6195 6174
f 6174 6195 6196
f 6174 6196 6175
f 6175 6196 6197
f 6175 6197 6176
f 6176 6197 6198
f 6176 6198 6177
f 6177 6198 6199
f 6177 6199 6178
f 6178 6199 6200
f 6178 6200 5738
f 6179 5715 6201
f 6179 6201 6180
f 6180 6201 6202
f 6180 6202 6181
f 6181 6202 6203
f 6181 6203 6182
f 6182 6203 6204
f 6182 6204 6183
f 6183 6204 6205
f 6183 6205 6184
f 6184 6205 6206
f 6184 6206 6185
f 6185 6206 6207
f 6185 6207 6186
f 6186 6207 6208
f 6186 6208 6187
f 6187 6208 6209
f 6187 6209 6188
f 6188 6209 6210
f 6188 6210 6189
f 6189 6210 6211
f 6189 6211 6190
f 6190 6211 6212
f 6190 6212 6191
f 6191 6212 6213
f 6191 6213 6192
f 6192 6213 6214
f 6192 6214 6193
f 6193 6214 6215
f 6193 6215 6194
f 6194 6215 6216
f 6194 6216 6195
f 6195 6216 6217
f 6195 6217 6196
f 6196 6217 6218
f 6196 6218 6197
f 6197 6218 6219
f 6197 6219 6198
f 6198 6219 6220
f 6198 6220 6199
f 6199 6220 6221
f 6199 6221 6200
f 6200 6221 6222
f 6200 6222 5738
f 6201 5715 6223
f 6201 6223 6202
f 6202 6223 6224
f 6202 6224 6203
f 6203 6224 6225
f 6203 6225 6204
f 6204 6225 6226
f 6204 6226 6205
f 6205 6226 6227
f 6205 6227 6206
f 6206 6227 6228
f 6206 6228 6207
f 6207 6228 6229
f 6207 6229 6208
f 6208 6229 6230
f 6208 6230 6209
f 6209 6230 6231
f 6209 6231 6210
f 6210 6231 6232
f 6210 6232 6211
f 6211 6232 6233
f 6211 6233 6212
f 6212 6233 6234
f 6212 6234 6213
f 6213 6234 6235
f 6213 6235 6214
f 6214 6235 6236
f 6214 6236 6215
f 6215 6236 6237
f 6215 6237 6216
f 6216 6237 6238
f 6216 6238 6217
f 6217 6238 6239
f 6217 6239 6218
f 6218 6239 6240
f 6218 6240 6219
f 6219 6240 6241
f 6219 6241 6220
f 6220 6241 6242
f 6220 6242 6221
f 6221 6242 6243
f 6221 6243 6222
f 6222 6243 6244
f 6222 6244 5738
f 6223 5715 5716
f 6223 5716 6224
f 6224 5716 5717
f 6224 5717 6225
f 6225 5717 5718
f 6225 5718 6226
f 6226 5718 5719
f 6226 5719 6227
f 6227 5719 5720
f 6227 5720 6228
f 6228 5720 5721
f 6228 5721 6229
f 6229 5721 5722
f 6229 5722 6230
f 6230 5722 5723
f 6230 5723 6231
f 6231 5723 5724
f 6231 5724 6232
f 6232 5724 5725
f 6232 5725 6233
f 6233 5725 5726
f 6233 5726 6234
f 6234 5726 5727
f 6234 5727 6235
f 6235 5727 5728
f 6235 5728 6236
f 6236 5728 5729
f 6236 5729 6237
f 6237 5729 5730
f 6237 5730 6238
f 6238 5730 5731
f 6238 5731 6239
f 6239 5731 5732
f 6239 5732 6240
f 6240 5732 5733
f 6240 5733 6241
f 6241 5733 5734
f 6241 5734 6242
f 6242 5734 5735
f 6242 5735 6243
f 6243 5735 5736
f 6243 5736 6244
f 6244 5736 5737
f 6244 5737 5738
f 6246 6245 6249
f 6246 6249 6247
f 6247 6249 6250
f 6247 6250 6248
f 6249 6245 6251
f 6249 6251 6250
f 6250 6251 6252
f 6250 6252 6248
f 6251 6245 6253
f 6251 6253 6252
f 6252 6253 6254
f 6252 6254 6248
f 6253 6245 6255
f 6253 6255 6254
f 6254 6255 6256
f 6254 6256 6248
f 6255 6245 6257
f 6255 6257 6256
f 6256 6257 6258
f 6256 6258 6248
f 6257 6245 6259
f 6257 6259 6258
f 6258 6259 6260
f 6258 6260 6248
f 6259 6245 6261
f 6259 6261 6260
f 6260 6261 6262
f 6260 6262 6248
f 6261 6245 6263
f 6261 6263 6262
f 6262 6263 6264
f 6262 6264 6248
f 6263 6245 6265
f 6263 6265 6264
f 6264 6265 6266
f 6264 6266 6248
f 6265 6245 6267
f 6265 6267 6266
f 6266 6267 6268
f 6266 6268 6248
f 6267 6245 6269
f 6267 6269 6268
f 6268 6269 6270
f 6268 6270 6248
f 6269 6245 6271
f 6269 6271 6270
f 6270 6271 6272
f 6270 6272 6248
f 6271 6245 6273
f 6271 6273 6272
f 6272 6273 6274
f 6272 6274 6248
f 6273 6245 6275
f 6273 6275 6274
f 6274 6275 6276
f 6274 6276 6248
f 6275 6245 6277
f 6275 6277 6276
f 6276 6277 6278
f 6276 6278 6248
f 6277 6245 6279
f 6277 6279 6278
f 6278 6279 6280
f 6278 6280 6248
f 6279 6245 6281
f 6279 6281 6280
f 6280 6281 6282
f 6280 6282 6248
f 6281 6245 6283
f 6281 6283 6282
f 6282 6283 6284
f 6282 6284 6248
f 6283 6245 6285
f 6283 6285 6284
f 6284 6285 6286
f 6284 6286 6248
f 6285 6245 6246
f 6285 6246 6286
f 6286 6246 6247
f 6286 6247 6248
f 6288 6287 6307
f 6288 6307 6289
f 6289 6307 6308
f 6289 6308 6290
f 6290 6308 6309
f 6290 6309 6291
f 6291 6309 6310
f 6291 6310 6292
f 6292 6310 6311
f 6292 6311 6293
f 6293 6311 6312
f 6293 6312 6294
f 6294 6312 6313
f 6294 6313 6295
f 6295 6313 6314
f 6295 6314 6296
f 6296 6314 6315
f 6296 6315 6297
f 6297 6315 6316
f 6297 6316 6298
f 6298 6316 6317
f 6298 6317 6299
f 6299 6317 6318
f 6299 6318 6300
f 6300 6318 6319
f 6300 6319 6301
f 6301 6319 6320
f 6301 6320 6302
f 6302 6320 6321
f 6302 6321 6303
f 6303 6321 6322
f 6303 6322 6304
f 6304 6322 6323
f 6304 6323 6305
f 6305 6323 6324
f 6305 6324 6306
f 6307 6287 6325
f 6307 6325 6308
f 6308 6325 6326
f 6308 6326 6309
f 6309 6326 6327
f 6309 6327 6310
f 6310 6327 6328
f 6310 6328 6311
f 6311 6328 6329
f 6311 6329 6312
f 6312 6329 6330
f 6312 6330 6313
f 6313 6330 6331
f 6313 6331 6314
f 6314 6331 6332
f 6314 6332 6315
f 6315 6332 6333
f 6315 6333 6316
f 6316 6333 6334
f 6316 6334 6317
f 6317 6334 6335
f 6317 6335 6318
f 6318 6335 6336
f 6318 6336 6319
f 6319 6336 6337
f 6319 6337 6320
f 6320 6337 6338
f 6320 6338 6321
f 6321 6338 6339
f 6321 6339 6322
f 6322 6339 6340
f 6322 6340 6323
f 6323 6340 6341
f 6323 6341 6324
f 6324 6341 6342
f 6324 6342 6306
f 6325 6287 6343
f 6325 6343 6326
f 6326 6343 6344
f 6326 6344 6327
f 6327 6344 6345
f 6327 6345 6328
f 6328 6345 6346
f 6328 6346 6329
f 6329 6346 6347
f 6329 6347 6330
f 6330 6347 6348
f 6330 6348 6331
f 6331 6348 6349
f 6331 6349 6332
f 6332 6349 6350
f 6332 6350 6333
f 6333 6350 6351
f 6333 6351 6334
f 6334 6351 6352
f 6334 6352 6335
f 6335 6352 6353
f 6335 6353 6336
f 6336 6353 6354
f 6336 6354 6337
f 6337 6354 6355
f 6337 6355 6338
f 6338 6355 6356
f 6338 6356 6339
f 6339 6356 6357
f 6339 6357 6340
f 6340 6357 6358
f 6340 6358 6341
f 6341 6358 6359
f 6341 6359 6342
f 6342 6359 6360
f 6342 6360 6306
f 6343 6287 6361
f 6343 6361 6344
f 6344 6361 6362
f 6344 6362 6345
f 6345 6362 6363
f 6345 6363 6346
f 6346 6363 6364
f 6346 6364 6347
f 6347 6364 6365
f 6347 6365 6348
f 6348 6365 6366
f 6348 6366 6349
f 6349 6366 6367
f 6349 6367 6350
f 6350 6367 6368
f 6350 6368 6351
f 6351 6368 6369
f 6351 6369 6352
f 6352 6369 6370
f 6352 6370 6353
f 6353 6370 6371
f 6353 6371 6354
f 6354 6371 6372
f 6354 6372 6355
f 6355 6372 6373
f 6355 6373 6356
f 6356 6373 6374
f 6356 6374 6357
f 6357 6374 6375
f 6357 6375 6358
f 6358 6375 6376
f 6358 6376 6359
f 6359 6376 6377
f 6359 6377 6360
f 6360 6377 6378
f 6360 6378 6306
f 6361 6287 6379
f 6361 6379 6362
f 6362 6379 6380
f 6362 6380 6363
f 6363 6380 6381
f 6363 6381 6364
f 6364 6381 6382
f 6364 6382 6365
f 6365 6382 6383
f 6365 6383 6366
f 6366 6383 6384
f 6366 6384 6367
f 6367 6384 6385
f 6367 6385 6368
f 6368 6385 6386
f 6368 6386 6369
f 6369 6386 6387
f 6369 6387 6370
f 6370 6387 6388
f 6370 6388 6371
f 6371 6388 6389
f 6371 6389 6372
f 6372 6389 6390
f 6372 6390 6373
f 6373 6390 6391
f 6373 6391 6374
f 6374 6391 6392
f 6374 6392 6375
f 6375 6392 6393
f 6375 6393 6376
f 6376 6393 6394
f 6376 6394 6377
f 6377 6394 6395
f 6377 6395 6378
f 6378 6395 6396
f 6378 6396 6306
f 6379 6287 6397
f 6379 6397 6380
f 6380 6397 6398
f 6380 6398 6381
f 6381 6398 6399
f 6381 6399 6382
f 6382 6399 6400
f 6382 6400 6383
f 6383 6400 6401
f 6383 6401 6384
f 6384 6401 6402
f 6384 6402 6385
f 6385 6402 6403
f 6385 6403 6386
f 6386 6403 6404
f 6386 6404 6387
f 6387 6404 6405
f 6387 6405 6388
f 6388 6405 6406
f 6388 6406 6389
f 6389 6406 6407
f 6389 6407 6390
f 6390 6407 6408
f 6390 6408 6391
f 6391 6408 6409
f 6391 6409 6392
f 6392 6409 6410
f 6392 6410 6393
f 6393 6410 6411
f 6393 6411 6394
f 6394 6411 6412
f 6394 6412 6395
f 6395 6412 6413
f 6395 6413 6396
f 6396 6413 6414
f 6396 6414 6306
f 6397 6287 6415
f 6397 6415 6398
f 6398 6415 6416
f 6398 6416 6399
f 6399 6416 6417
f 6399 6417 6400
f 6400 6417 6418
f 6400 6418 6401
f 6401 6418 6419
f 6401 6419 6402
f 6402 6419 6420
f 6402 6420 6403
f 6403 6420 6421
f 6403 6421 6404
f 6404 6421 6422
f 6404 6422 6405
f 6405 6422 6423
f 6405 6423 6406
f 6406 6423 6424
f 6406 6424 6407
f 6407 6424 6425
f 6407 6425 6408
f 6408 6425 6426
f 6408 6426 6409
f 6409 6426 6427
f 6409 6427 6410
f 6410 6427 6428
f 6410 6428 6411
f 6411 6428 6429
f 6411 6429 6412
f 6412 6429 6430
f 6412 6430 6413
f 6413 6430 6431
f 6413 6431 6414
f 6414 6431 6432
f 6414 6432 6306
f 6415 6287 6433
f 6415 6433 6416
f 6416 6433 6434
f 6416 6434 6417
f 6417 6434 6435
f 6417 6435 6418
f 6418 6435 6436
f 6418 6436 6419
f 6419 6436 6437
f 6419 6437 6420
f 6420 6437 6438
f 6420 6438 6421
f 6421 6438 6439
f 6421 6439 6422
f 6422 6439 6440
f 6422 6440 6423
f 6423 6440 6441
f 6423 6441 6424
f 6424 6441 6442
f 6424 6442 6425
f 6425 6442 6443
f 6425 6443 6426
f 6426 6443 6444
f 6426 6444 6427
f 6427 6444 6445
f 6427 6445 6428
f 6428 6445 6446
f 6428 6446 6429
f 6429 6446 6447
f 6429 6447 6430
f 6430 6447 6448
f 6430 6448 6431
f 6431 6448 6449
f 6431 6449 6432
f 6432 6449 6450
f 6432 6450 6306
f 6433 6287 6451
f 6433 6451 6434
f 6434 6451 6452
f 6434 6452 6435
f 6435 6452 6453
f 6435 6453 6436
f 6436 6453 6454
f 6436 6454 6437
f 6437 6454 6455
f 6437 6455 6438
f 6438 6455 6456
f 6438 6456 6439
f 6439 6456 6457
f 6439 6457 6440
f 6440 6457 6458
f 6440 6458 6441
f 6441 6458 6459
f 6441 6459 6442
f 6442 6459 6460
f 6442 6460 6443
f 6443 6460 6461
f 6443 6461 6444
f 6444 6461 6462
f 6444 6462 6445
f 6445 6462 6463
f 6445 6463 6446
f 6446 6463 6464
f 6446 6464 6447
f 6447 6464 6465
f 6447 6465 6448
f 6448 6465 6466
f 6448 6466 6449
f 6449 6466 6467
f 6449 6467 6450
f 6450 6467 6468
f 6450 6468 6306
f 6451 6287 6469
f 6451 6469 6452
f 6452 6469 6470
f 6452 6470 6453
f 6453 6470 6471
f 6453 6471 6454
f 6454 6471 6472
f 6454 6472 6455
f 6455 6472 6473
f 6455 6473 6456
f 6456 6473 6474
f 6456 6474 6457
f 6457 6474 6475
f 6457 6475 6458
f 6458 6475 6476
f 6458 6476 6459
f 6459 6476 6477
f 6459 6477 6460
f 6460 6477 6478
f 6460 6478 6461
f 6461 6478 6479
f 6461 6479 6462
f 6462 6479 6480
f 6462 6480 6463
f 6463 6480 6481
f 6463 6481 6464
f 6464 6481 6482
f 6464 6482 6465
f 6465 6482 6483
f 6465 6483 6466
f 6466 6483 6484
f 6466 6484 6467
f 6467 6484 6485
f 6467 6485 6468
f 6468 6485 6486
f 6468 6486 6306
f 6469 6287 6487
f 6469 6487 6470
f 6470 6487 6488
f 6470 6488 6471
f 6471 6488 6489
f 6471 6489 6472
f 6472 6489 6490
f 6472 6490 6473
f 6473 6490 6491
f 6473 6491 6474
f 6474 6491 6492
f 6474 6492 6475
f 6475 6492 6493
f 6475 6493 6476
f 6476 6493 6494
f 6476 6494 6477
f 6477 6494 6495
f 6477 6495 6478
f 6478 6495 6496
f 6478 6496 6479
f 6479 6496 6497
f 6479 6497 6480
f 6480 6497 6498
f 6480 6498 6481
f 6481 6498 6499
f 6481 6499 6482
f 6482 6499 6500
f 6482 6500 6483
f 6483 6500 6501
f 6483 6501 6484
f 6484 6501 6502
f 6484 6502 6485
f 6485 6502 6503
f 6485 6503 6486
f 6486 6503 6504
f 6486 6504 6306
f 6487 6287 6505
f 6487 6505 6488
f 6488 6505 6506
f 6488 6506 6489
f 6489 6506 6507
f 6489 6507 6490
f 6490 6507 6508
f 6490 6508 6491
f 6491 6508 6509
f 6491 6509 6492
f 6492 6509 6510
f 6492 6510 6493
f 6493 6510 6511
f 6493 6511 6494
f 6494 6511 6512
f 6494 6512 6495
f 6495 6512 6513
f 6495 6513 6496
f 6496 6513 6514
f 6496 6514 6497
f 6497 6514 6515
f 6497 6515 6498
f 6498 6515 6516
f 6498 6516 6499
f 6499 6516 6517
f 6499 6517 6500
f 6500 6517 6518
f 6500 6518 6501
f 6501 6518 6519
f 6501 6519 6502
f 6502 6519 6520
f 6502 6520 6503
f 6503 6520 6521
f 6503 6521 6504
f 6504 6521 6522
f 6504 6522 6306
f 6505 6287 6523
f 6505 6523 6506
f 6506 6523 6524
f 6506 6524 6507
f 6507 6524 6525
f 6507 6525 6508
f 6508 6525 6526
f 6508 6526 6509
f 6509 6526 6527
f 6509 6527 6510
f 6510 6527 6528
f 6510 6528 6511
f 6511 6528 6529
f 6511 6529 6512
f 6512 6529 6530
f 6512 6530 6513
f 6513 6530 6531
f 6513 6531 6514
f 6514 6531 6532
f 6514 6532 6515
f 6515 6532 6533
f 6515 6533 6516
f 6516 6533 6534
f 6516 6534 6517
f 6517 6534 6535
f 6517 6535 6518
f 6518 6535 6536
f 6518 6536 6519
f 6519 6536 6537
f 6519 6537 6520
f 6520 6537 6538
f 6520 6538 6521
f 6521 6538 6539
f 6521 6539 6522
f 6522 6539 6540
f 6522 6540 6306
f 6523 6287 6541
f 6523 6541 6524
f 6524 6541 6542
f 6524 6542 6525
f 6525 6542 6543
f 6525 6543 6526
f 6526 6543 6544
f 6526 6544 6527
f 6527 6544 6545
f 6527 6545 6528
f 6528 6545 6546
f 6528 6546 6529
f 6529 6546 6547
f 6529 6547 6530
f 6530 6547 6548
f 6530 6548 6531
f 6531 6548 6549
f 6531 6549 6532
f 6532 6549 6550
f 6532 6550 6533
f 6533 6550 6551
f 6533 6551 6534
f 6534 6551 6552
f 6534 6552 6535
f 6535 6552 6553
f 6535 6553 6536
f 6536 6553 6554
f 6536 6554 6537
f 6537 6554 6555
f 6537 6555 6538
f 6538 6555 6556
f 6538 6556 6539
f 6539 6556 6557
f 6539 6557 6540
f 6540 6557 6558
f 6540 6558 6306
f 6541 6287 6559
f 6541 6559 6542
f 6542 6559 6560
f 6542 6560 6543
f 6543 6560 6561
f 6543 6561 6544
f 6544 6561 6562
f 6544 6562 6545
f 6545 6562 6563
f 6545 6563 6546
f 6546 6563 6564
f 6546 6564 6547
f 6547 6564 6565
f 6547 6565 6548
f 6548 6565 6566
f 6548 6566 6549
f 6549 6566 6567
f 6549 6567 6550
f 6550 6567 6568
f 6550 6568 6551
f 6551 6568 6569
f 6551 6569 6552
f 6552 6569 6570
f 6552 6570 6553
f 6553 6570 6571
f 6553 6571 6554
f 6554 6571 6572
f 6554 6572 6555
f 6555 6572 6573
f 6555 6573 6556
f 6556 6573 6574
f 6556 6574 6557
f 6557 6574 6575
f 6557 6575 6558
f 6558 6575 6576
f 6558 6576 6306
f 6559 6287 6577
f 6559 6577 6560
f 6560 6577 6578
f 6560 6578 6561
f 6561 6578 6579
f 6561 6579 6562
f 6562 6579 6580
f 6562 6580 6563
f 6563 6580 6581
f 6563 6581 6564
f 6564 6581 6582
f 6564 6582 6565
f 6565 6582 6583
f 6565 6583 6566
f 6566 6583 6584
f 6566 6584 6567
f 6567 6584 6585
f 6567 6585 6568
f 6568 6585 6586
f 6568 6586 6569
f 6569 6586 6587
f 6569 6587 6570
f 6570 6587 6588
f 6570 6588 6571
f 6571 6588 6589
f 6571 6589 6572
f 6572 6589 6590
f 6572 6590 6573
f 6573 6590 6591
f 6573 6591 6574
f 6574 6591 6592
f 6574 6592 6575
f 6575 6592 6593
f 6575 6593 6576
f 6576 6593 6594
f 6576 6594 6306
f 6577 6287 6595
f 6577 6595 6578
f 6578 6595 6596
f 6578 6596 6579
f 6579 6596 6597
f 6579 6597 6580
f 6580 6597 6598
f 6580 6598 6581
f 6581 6598 6599
f 6581 6599 6582
f 6582 6599 6600
f 6582 6600 6583
f 6583 6600 6601
f 6583 6601 6584
f 6584 6601 6602
f 6584 6602 6585
f 6585 6602 6603
f 6585 6603 6586
f 6586 6603 6604
f 6586 6604 6587
f 6587 6604 6605
f 6587 6605 6588
f 6588 6605 6606
f 6588 6606 6589
f 6589 6606 6607
f 6589 6607 6590
f 6590 6607 6608
f 6590 6608 6591
f 6591 6608 6609
f 6591 6609 6592
f 6592 6609 6610
f 6592 6610 6593
f 6593 6610 6611
f 6593 6611 6594
f 6594 6611 6612
f 6594 6612 6306
f 6595 6287 6613
f 6595 6613 6596
f 6596 6613 6614
f 6596 6614 6597
f 6597 6614 6615
f 6597 6615 6598
f 6598 6615 6616
f 6598 6616 6599
f 6599 6616 6617
f 6599 6617 6600
f 6600 6617 6618
f 6600 6618 6601
f 6601 6618 6619
f 6601 6619 6602
f 6602 6619 6620
f 6602 6620 6603
f 6603 6620 6621
f 6603 6621 6604
f 6604 6621 6622
f 6604 6622 6605
f 6605 6622 6623
f 6605 6623 6606
f 6606 6623 6624
f 6606 6624 6607
f 6607 6624 6625
f 6607 6625 6608
f 6608 6625 6626
f 6608 6626 6609
f 6609 6626 6627
f 6609 6627 6610
f 6610 6627 6628
f 6610 6628 6611
f 6611 6628 6629
f 6611 6629 6612
f 6612 6629 6630
f 6612 6630 6306
f 6613 6287 6631
f 6613 6631 6614
f 6614 6631 6632
f 6614 6632 6615
f 6615 6632 6633
f 6615 6633 6616
f 6616 6633 6634
f 6616 6634 6617
f 6617 6634 6635
f 6617 6635 6618
f 6618 6635 6636
f 6618 6636 6619
f 6619 6636 6637
f 6619 6637 6620
f 6620 6637 6638
f 6620 6638 6621
f 6621 6638 6639
f 6621 6639 6622
f 6622 6639 6640
f 6622 6640 6623
f 6623 6640 6641
f 6623 6641 6624
f 6624 6641 6642
f 6624 6642 6625
f 6625 6642 6643
f 6625 6643 6626
f 6626 6643 6644
f 6626 6644 6627
f 6627 6644 6645
f 6627 6645 6628
f 6628 6645 6646
f 6628 6646 6629
f 6629 6646 6647
f 6629 6647 6630
f 6630 6647 6648
f 6630 6648 6306
f 6631 6287 6288
f 6631 6288 6632
f 6632 6288 6289
f 6632 6289 6633
f 6633 6289 6290
f 6633 6290 6634
f 6634 6290 6291
f 6634 6291 6635
f 6635 6291 6292
f 6635 6292 6636
f 6636 6292 6293
f 6636 6293 6637
f 6637 6293 6294
f 6637 6294 6638
f 6638 6294 6295
f 6638 6295 6639
f 6639 6295 6296
f 6639 6296 6640
f 6640 6296 6297
f 6640 6297 6641
f 6641 6297 6298
f 6641 6298 6642
f 6642 6298 6299
f 6642 6299 6643
f 6643 6299 6300
f 6643 6300 6644
f 6644 6300 6301
f 6644 6301 6645
f 6645 6301 6302
f 6645 6302 6646
f 6646 6302 6303
f 6646 6303 6647
f 6647 6303 6304
f 6647 6304 6648
f 6648 6304 6305
f 6648 6305 6306
f 6650 6649 6669
f 6650 6669 6651
f 6651 6669 6670
f 6651 6670 6652
f 6652 6670 6671
f 6652 6671 6653
f 6653 6671 6672
f 6653 6672 6654
f 6654 6672 6673
f 6654 6673 6655
f 6655 6673 6674
f 6655 6674 6656
f 6656 6674 6675
f 6656 6675 6657
f 6657 6675 6676
f 6657 6676 6658
f 6658 6676 6677
f 6658 6677 6659
f 6659 6677 6678
f 6659 6678 6660
f 6660 6678 6679
f 6660 6679 6661
f 6661 6679 6680
f 6661 6680 6662
f 6662 6680 6681
f 6662 6681 6663
f 6663 6681 6682
f 6663 6682 6664
f 6664 6682 6683
f 6664 6683 6665
f 6665 6683 6684
f 6665 6684 6666
f 6666 6684 6685
f 6666 6685 6667
f 6667 6685 6686
f 6667 6686 6668
f 6669 6649 6687
f 6669 6687 6670
f 6670 6687 6688
f 6670 6688 6671
f 6671 6688 6689
f 6671 6689 6672
f 6672 6689 6690
f 6672 6690 6673
f 6673 6690 6691
f 6673 6691 6674
f 6674 6691 6692
f 6674 6692 6675
f 6675 6692 6693
f 6675 6693 6676
f 6676 6693 6694
f 6676 6694 6677
f 6677 6694 6695
f 6677 6695 6678
f 6678 6695 6696
f 6678 6696 6679
f 6679 6696 6697
f 6679 6697 6680
f 6680 6697 6698
f 6680 6698 6681
f 6681 6698 6699
f 6681 6699 6682
f 6682 6699 6700
f 6682 6700 6683
f 6683 6700 6701
f 6683 6701 6684
f 6684 6701 6702
f 6684 6702 6685
f 6685 6702 6703
f 6685 6703 6686
f 6686 6703 6704
f 6686 6704 6668
f 6687 6649 6705
f 6687 6705 6688
f 6688 6705 6706
f 6688 6706 6689
f 6689 6706 6707
f 6689 6707 6690
f 6690 6707 6708
f 6690 6708 6691
f 6691 6708 6709
f 6691 6709 6692
f 6692 6709 6710
f 6692 6710 6693
f 6693 6710 6711
f 6693 6711 6694
f 6694 6711 6712
f 6694 6712 6695
f 6695 6712 6713
f 6695 6713 6696
f 6696 6713 6714
f 6696 6714 6697
f 6697 6714 6715
f 6697 6715 6698
f 6698 6715 6716
f 6698 6716 6699
f 6699 6716 6717
f 6699 6717 6700
f 6700 6717 6718
f 6700 6718 6701
f 6701 6718 6719
f 6701 6719 6702
f 6702 6719 6720
f 6702 6720 6703
f 6703 6720 6721
f 6703 6721 6704
f 6704 6721 6722
f 6704 6722 6668
f 6705 6649 6723
f 6705 6723 6706
f 6706 6723 6724
f 6706 6724 6707
f 6707 6724 6725
f 6707 6725 6708
f 6708 6725 6726
f 6708 6726 6709
f 6709 6726 6727
f 6709 6727 6710
f 6710 6727 6728
f 6710 6728 6711
f 6711 6728 6729
f 6711 6729 6712
f 6712 6729 6730
f 6712 6730 6713
f 6713 6730 6731
f 6713 6731 6714
f 6714 6731 6732
f 6714 6732 6715
f 6715 6732 6733
f 6715 6733 6716
f 6716 6733 6734
f 6716 6734 6717
f 6717 6734 6735
f 6717 6735 6718
f 6718 6735 6736
f 6718 6736 6719
f 6719 6736 6737
f 6719 6737 6720
f 6720 6737 6738
f 6720 6738 6721
f 6721 6738 6739
f 6721 6739 6722
f 6722 6739 6740
f 6722 6740 6668
f 6723 6649 6741
f 6723 6741 6724
f 6724 6741 6742
f 6724 6742 6725
f 6725 6742 6743
f 6725 6743 6726
f 6726 6743 6744
f 6726 6744 6727
f 6727 6744 6745
f 6727 6745 6728
f 6728 6745 6746
f 6728 6746 6729
f 6729 6746 6747
f 6729 6747 6730
f 6730 6747 6748
f 6730 6748 6731
f 6731 6748 6749
f 6731 6749 6732
f 6732 6749 6750
f 6732 6750 6733
f 6733 6750 6751
f 6733 6751 6734
f 6734 6751 6752
f 6734 6752 6735
f 6735 6752 6753
f 6735 6753 6736
f 6736 6753 6754
f 6736 6754 6737
f 6737 6754 6755
f 6737 6755 6738
f 6738 6755 6756
f 6738 6756 6739
f 6739 6756 6757
f 6739 6757 6740
f 6740 6757 6758
f 6740 6758 6668
f 6741 6649 6759
f 6741 6759 6742
f 6742 6759 6760
f 6742 6760 6743
f 6743 6760 6761
f 6743 6761 6744
f 6744 6761 6762
f 6744 6762 6745
f 6745 6762 6763
f 6745 6763 6746
f 6746 6763 6764
f 6746 6764 6747
f 6747 6764 6765
f 6747 6765 6748
f 6748 6765 6766
f 6748 6766 6749
f 6749 6766 6767
f 6749 6767 6750
f 6750 6767 6768
f 6750 6768 6751
f 6751 6768 6769
f 6751 6769 6752
f 6752 6769 6770
f 6752 6770 6753
f 6753 6770 6771
f 6753 6771 6754
f 6754 6771 6772
f 6754 6772 6755
f 6755 6772 6773
f 6755 6773 6756
f 6756 6773 6774
f 6756 6774 6757
f 6757 6774 6775
f 6757 6775 6758
f 6758 6775 6776
f 6758 6776 6668
f 6759 6649 6777
f 6759 6777 6760
f 6760 6777 6778
f 6760 6778 6761
f 6761 6778 6779
f 6761 6779 6762
f 6762 6779 6780
f 6762 6780 6763
f 6763 6780 6781
f 6763 6781 6764
f 6764 6781 6782
f 6764 6782 6765
f 6765 6782 6783
f 6765 6783 6766
f 6766 6783 6784
f 6766 6784 6767
f 6767 6784 6785
f 6767 6785 6768
f 6768 6785 6786
f 6768 6786 6769
f 6769 6786 6787
f 6769 6787 6770
f 6770 6787 6788
f 6770 6788 6771
f 6771 6788 6789
f 6771 6789 6772
f 6772 6789 6790
f 6772 6790 6773
f 6773 6790 6791
f 6773 6791 6774
f 6774 6791 6792
f 6774 6792 6775
f 6775 6792 6793
f 6775 6793 6776
f 6776 6793 6794
f 6776 6794 6668
f 6777 6649 6795
f 6777 6795 6778
f 6778 6795 6796
f 6778 6796 6779
f 6779 6796 6797
f 6779 6797 6780
f 6780 6797 6798
f 6780 6798 6781
f 6781 6798 6799
f 6781 6799 6782
f 6782 6799 6800
f 6782 6800 6783
f 6783 6800 6801
f 6783 6801 6784
f 6784 6801 6802
f 6784 6802 6785
f 6785 6802 6803
f 6785 6803 6786
f 6786 6803 6804
f 6786 6804 6787
f 6787 6804 6805
f 6787 6805 6788
f 6788 6805 6806
f 6788 6806 6789
f 6789 6806 6807
f 6789 6807 6790
f 6790 6807 6808
f 6790 6808 6791
f 6791 6808 6809
f 6791 6809 6792
f 6792 6809 6810
f 6792 6810 6793
f 6793 6810 6811
f 6793 6811 6794
f 6794 6811 6812
f 6794 6812 6668
f 6795 6649 6813
f 6795 6813 6796
f 6796 6813 6814
f 6796 6814 6797
f 6797 6814 6815
f 6797 6815 6798
f 6798 6815 6816
f 6798 6816 6799
f 6799 6816 6817
f 6799 6817 6800
f 6800 6817 6818
f 6800 6818 6801
f 6801 6818 6819
f 6801 6819 6802
f 6802 6819 6820
f 6802 6820 6803
f 6803 6820 6821
f 6803 6821 6804
f 6804 6821 6822
f 6804 6822 6805
f 6805 6822 6823
f 6805 6823 6806
f 6806 6823 6824
f 6806 6824 6807
f 6807 6824 6825
f 6807 6825 6808
f 6808 6825 6826
f 6808 6826 6809
f 6809 6826 6827
f 6809 6827 6810
f 6810 6827 6828
f 6810 6828 6811
f 6811 6828 6829
f 6811 6829 6812
f 6812 6829 6830
f 6812 6830 6668
f 6813 6649 6831
f 6813 6831 6814
f 6814 6831 6832
f 6814 6832 6815
f 6815 6832 6833
f 6815 6833 6816
f 6816 6833 6834
f 6816 6834 6817
f 6817 6834 6835
f 6817 6835 6818
f 6818 6835 6836
f 6818 6836 6819
f 6819 6836 6837
f 6819 6837 6820
f 6820 6837 6838
f 6820 6838 6821
f 6821 6838 6839
f 6821 6839 6822
f 6822 6839 6840
f 6822 6840 6823
f 6823 6840 6841
f 6823 6841 6824
f 6824 6841 6842
f 6824 6842 6825
f 6825 6842 6843
f 6825 6843 6826
f 6826 6843 6844
f 6826 6844 6827
f 6827 6844 6845
f 6827 6845 6828
f 6828 6845 6846
f 6828 6846 6829
f 6829 6846 6847
f 6829 6847 6830
f 6830 6847 6848
f 6830 6848 6668
f 6831 6649 6849
f 6831 6849 6832
f 6832 6849 6850
f 6832 6850 6833
f 6833 6850 6851
f 6833 6851 6834
f 6834 6851 6852
f 6834 6852 6835
f 6835 6852 6853
f 6835 6853 6836
f 6836 6853 6854
f 6836 6854 6837
f 6837 6854 6855
f 6837 6855 6838
f 6838 6855 6856
f 6838 6856 6839
f 6839 6856 6857
f 6839 6857 6840
f 6840 6857 6858
f 6840 6858 6841
f 6841 6858 6859
f 6841 6859 6842
f 6842 6859 6860
f 6842 6860 6843
f 6843 6860 6861
f 6843 6861 6844
f 6844 6861 6862
f 6844 6862 6845
f 6845 6862 6863
f 6845 6863 6846
f 6846 6863 6864
f 6846 6864 6847
f 6847 6864 6865
f 6847 6865 6848
f 6848 6865 6866
f 6848 6866 6668
f 6849 6649 6867
f 6849 6867 6850
f 6850 6867 6868
f 6850 6868 6851
f 6851 6868 6869
f 6851 6869 6852
f 6852 6869 6870
f 6852 6870 6853
f 6853 6870 6871
f 6853 6871 6854
f 6854 6871 6872
f 6854 6872 6855
f 6855 6872 6873
f 6855 6873 6856
f 6856 6873 6874
f 6856 6874 6857
f 6857 6874 6875
f 6857 6875 6858
f 6858 6875 6876
f 6858 6876 6859
f 6859 6876 6877
f 6859 6877 6860
f 6860 6877 6878
f 6860 6878 6861
f 6861 6878 6879
f 6861 6879 6862
f 6862 6879 6880
f 6862 6880 6863
f 6863 6880 6881
f 6863 6881 6864
f 6864 6881 6882
f 6864 6882 6865
f 6865 6882 6883
f 6865 6883 6866
f 6866 6883 6884
f 6866 6884 6668
f 6867 6649 6885
f 6867 6885 6868
f 6868 6885 6886
f 6868 6886 6869
f 6869 6886 6887
f 6869 6887 6870
f 6870 6887 6888
f 6870 6888 6871
f 6871 6888 6889
f 6871 6889 6872
f 6872 6889 6890
f 6872 6890 6873
f 6873 6890 6891
f 6873 6891 6874
f 6874 6891 6892
f 6874 6892 6875
f 6875 6892 6893
f 6875 6893 6876
f 6876 6893 6894
f 6876 6894 6877
f 6877 6894 6895
f 6877 6895 6878
f 6878 6895 6896
f 6878 6896 6879
f 6879 6896 6897
f 6879 6897 6880
f 6880 6897 6898
f 6880 6898 6881
f 6881 6898 6899
f 6881 6899 6882
f 6882 6899 6900
f 6882 6900 6883
f 6883 6900 6901
f 6883 6901 6884
f 6884 6901 6902
f 6884 6902 6668
f 6885 6649 6903
f 6885 6903 6886
f 6886 6903 6904
f 6886 6904 6887
f 6887 6904 6905
f 6887 6905 6888
f 6888 6905 6906
f 6888 6906 6889
f 6889 6906 6907
f 6889 6907 6890
f 6890 6907 6908
f 6890 6908 6891
f 6891 6908 6909
f 6891 6909 6892
f 6892 6909 6910
f 6892 6910 6893
f 6893 6910 6911
f 6893 6911 6894
f 6894 6911 6912
f 6894 6912 6895
f 6895 6912 6913
f 6895 6913 6896
f 6896 6913 6914
f 6896 6914 6897
f 6897 6914 6915
f 6897 6915 6898
f 6898 6915 6916
f 6898 6916 6899
f 6899 6916 6917
f 6899 6917 6900
f 6900 6917 6918
f 6900 6918 6901
f 6901 6918 6919
f 6901 6919 6902
f 6902 6919 6920
f 6902 6920 6668
f 6903 6649 6921
f 6903 6921 6904
f 6904 6921 6922
f 6904 6922 6905
f 6905 6922 6923
f 6905 6923 6906
f 6906 6923 6924
f 6906 6924 6907
f 6907 6924 6925
f 6907 6925 6908
f 6908 6925 6926
f 6908 6926 6909
f 6909 6926 6927
f 6909 6927 6910
f 6910 6927 6928
f 6910 6928 6911
f 6911 6928 6929
f 6911 6929 6912
f 6912 6929 6930
f 6912 6930 6913
f 6913 6930 6931
f 6913 6931 6914
f 6914 6931 6932
f 6914 6932 6915
f 6915 6932 6933
f 6915 6933 6916
f 6916 6933 6934
f 6916 6934 6917
f 6917 6934 6935
f 6917 6935 6918
f 6918 6935 6936
f 6918 6936 6919
f 6919 6936 6937
f 6919 6937 6920
f 6920 6937 6938
f 6920 6938 6668
f 6921 6649 6939
f 6921 6939 6922
f 6922 6939 6940
f 6922 6940 6923
f 6923 6940 6941
f 6923 6941 6924
f 6924 6941 6942
f 6924 6942 6925
f 6925 6942 6943
f 6925 6943 6926
f 6926 6943 6944
f 6926 6944 6927
f 6927 6944 6945
f 6927 6945 6928
f 6928 6945 6946
f 6928 6946 6929
f 6929 6946 6947
f 6929 6947 6930
f 6930 6947 6948
f 6930 6948 6931
f 6931 6948 6949
f 6931 6949 6932
f 6932 6949 6950
f 6932 6950 6933
f 6933 6950 6951
f 6933 6951 6934
f 6934 6951 6952
f 6934 6952 6935
f 6935 6952 6953
f 6935 6953 6936
f 6936 6953 6954
f 6936 6954 6937
f 6937 6954 6955
f 6937 6955 6938
f 6938 6955 6956
f 6938 6956 6668
f 6939 6649 6957
f 6939 6957 6940
f 6940 6957 6958
f 6940 6958 6941
f 6941 6958 6959
f 6941 6959 6942
f 6942 6959 6960
f 6942 6960 6943
f 6943 6960 6961
f 6943 6961 6944
f 6944 6961 6962
f 6944 6962 6945
f 6945 6962 6963
f 6945 6963 6946
f 6946 6963 6964
f 6946 6964 6947
f 6947 6964 6965
f 6947 6965 6948
f 6948 6965 6966
f 6948 6966 6949
f 6949 6966 6967
f 6949 6967 6950
f 6950 6967 6968
f 6950 6968 6951
f 6951 6968 6969
f 6951 6969 6952
f 6952 6969 6970
f 6952 6970 6953
f 6953 6970 6971
f 6953 6971 6954
f 6954 6971 6972
f 6954 6972 6955
f 6955 6972 6973
f 6955 6973 6956
f 6956 6973 6974
f 6956 6974 6668
f 6957 6649 6975
f 6957 6975 6958
f 6958 6975 6976
f 6958 6976 6959
f 6959 6976 6977
f 6959 6977 6960
f 6960 6977 6978
f 6960 6978 6961
f 6961 6978 6979
f 6961 6979 6962
f 6962 6979 6980
f 6962 6980 6963
f 6963 6980 6981
f 6963 6981 6964
f 6964 6981 6982
f 6964 6982 6965
f 6965 6982 6983
f 6965 6983 6966
f 6966 6983 6984
f 6966 6984 6967
f 6967 6984 6985
f 6967 6985 6968
f 6968 6985 6986
f 6968 6986 6969
f 6969 6986 6987
f 6969 6987 6970
f 6970 6987 6988
f 6970 6988 6971
f 6971 6988 6989
f 6971 6989 6972
f 6972 6989 6990
f 6972 6990 6973
f 6973 6990 6991
f 6973 6991 6974
f 6974 6991 6992
f 6974 6992 6668
f 6975 6649 6993
f 6975 6993 6976
f 6976 6993 6994
f 6976 6994 6977
f 6977 6994 6995
f 6977 6995 6978
f 6978 6995 6996
f 6978 6996 6979
f 6979 6996 6997
f 6979 6997 6980
f 6980 6997 6998
f 6980 6998 6981
f 6981 6998 6999
f 6981 6999 6982
f 6982 6999 7000
f 6982 7000 6983
f 6983 7000 7001
f 6983 7001 6984
f 6984 7001 7002
f 6984 7002 6985
f 6985 7002 7003
f 6985 7003 6986
f 6986 7003 7004
f 6986 7004 6987
f 6987 7004 7005
f 6987 7005 6988
f 6988 7005 7006
f 6988 7006 6989
f 6989 7006 7007
f 6989 7007 6990
f 6990 7007 7008
f 6990 7008 6991
f 6991 7008 7009
f 6991 7009 6992
f 6992 7009 7010
f 6992 7010 6668
f 6993 6649 6650
f 6993 6650 6994
f 6994 6650 6651
f 6994 6651 6995
f 6995 6651 6652
f 6995 6652 6996
f 6996 6652 6653
f 6996 6653 6997
f 6997 6653 6654
f 6997 6654 6998
f 6998 6654 6655
f 6998 6655 6999
f 6999 6655 6656
f 6999 6656 7000
f 7000 6656 6657
f 7000 6657 7001
f 7001 6657 6658
f 7001 6658 7002
f 7002 6658 6659
f 7002 6659 7003
f 7003 6659 6660
f 7003 6660 7004
f 7004 6660 6661
f 7004 6661 7005
f 7005 6661 6662
f 7005 6662 7006
f 7006 6662 6663
f 7006 6663 7007
f 7007 6663 6664
f 7007 6664 7008
f 7008 6664 6665
f 7008 6665 7009
f 7009 6665 6666
f 7009 6666 7010
f 7010 6666 6667
f 7010 6667 6668
f 7012 7011 7035
f 7012 7035 7013
f 7013 7035 7036
f 7013 7036 7014
f 7014 7036 7037
f 7014 7037 7015
f 7015 7037 7038
f 7015 7038 7016
f 7016 7038 7039
f 7016 7039 7017
f 7017 7039 7040
f 7017 7040 7018
f 7018 7040 7041
f 7018 7041 7019
f 7019 7041 7042
f 7019 7042 7020
f 7020 7042 7043
f 7020 7043 7021
f 7021 7043 7044
f 7021 7044 7022
f 7022 7044 7045
f 7022 7045 7023
f 7023 7045 7046
f 7023 7046 7024
f 7024 7046 7047
f 7024 7047 7025
f 7025 7047 7048
f 7025 7048 7026
f 7026 7048 7049
f 7026 7049 7027
f 7027 7049 7050
f 7027 7050 7028
f 7028 7050 7051
f 7028 7051 7029
f 7029 7051 7052
f 7029 7052 7030
f 7030 7052 7053
f 7030 7053 7031
f 7031 7053 7054
f 7031 7054 7032
f 7032 7054 7055
f 7032 7055 7033
f 7033 7055 7056
f 7033 7056 7034
f 7035 7011 7057
f 7035 7057 7036
f 7036 7057 7058
f 7036 7058 7037
f 7037 7058 7059
f 7037 7059 7038
f 7038 7059 7060
f 7038 7060 7039
f 7039 7060 7061
f 7039 7061 7040
f 7040 7061 7062
f 7040 7062 7041
f 7041 7062 7063
f 7041 7063 7042
f 7042 7063 7064
f 7042 7064 7043
f 7043 7064 7065
f 7043 7065 7044
f 7044 7065 7066
f 7044 7066 7045
f 7045 7066 7067
f 7045 7067 7046
f 7046 7067 7068
f 7046 7068 7047
f 7047 7068 7069
f 7047 7069 7048
f 7048 7069 7070
f 7048 7070 7049
f 7049 7070 7071
f 7049 7071 7050
f 7050 7071 7072
f 7050 7072 7051
f 7051 7072 7073
f 7051 7073 7052
f 7052 7073 7074
f 7052 7074 7053
f 7053 7074 7075
f 7053 7075 7054
f 7054 7075 7076
f 7054 7076 7055
f 7055 7076 7077
f 7055 7077 7056
f 7056 7077 7078
f 7056 7078 7034
f 7057 7011 7079
f 7057 7079 7058
f 7058 7079 7080
f 7058 7080 7059
f 7059 7080 7081
f 7059 7081 7060
f 7060 7081 7082
f 7060 7082 7061
f 7061 7082 7083
f 7061 7083 7062
f 7062 7083 7084
f 7062 7084 7063
f 7063 7084 7085
f 7063 7085 7064
f 7064 7085 7086
f 7064 7086 7065
f 7065 7086 7087
f 7065 7087 7066
f 7066 7087 7088
f 7066 7088 7067
f 7067 7088 7089
f 7067 7089 7068
f 7068 7089 7090
f 7068 7090 7069
f 7069 7090 7091
f 7069 7091 7070
f 7070 7091 7092
f 7070 7092 7071
f 7071 7092 7093
f 7071 7093 7072
f 7072 7093 7094
f 7072 7094 7073
f 7073 7094 7095
f 7073 7095 7074
f 7074 7095 7096
f 7074 7096 7075
f 7075 7096 7097
f 7075 7097 7076
f 7076 7097 7098
f 7076 7098 7077
f 7077 7098 7099
f 7077 7099 7078
f 7078 7099 7100
f 7078 7100 7034
f 7079 7011 7101
f 7079 7101 7080
f 7080 7101 7102
f 7080 7102 7081
f 7081 7102 7103
f 7081 7103 7082
f 7082 7103 7104
f 7082 7104 7083
f 7083 7104 7105
f 7083 7105 7084
f 7084 7105 7106
f 7084 7106 7085
f 7085 7106 7107
f 7085 7107 7086
f 7086 7107 7108
f 7086 7108 7087
f 7087 7108 7109
f 7087 7109 7088
f 7088 7109 7110
f 7088 7110 7089
f 7089 7110 7111
f 7089 7111 7090
f 7090 7111 7112
f 7090 7112 7091
f 7091 7112 7113
f 7091 7113 7092
f 7092 7113 7114
f 7092 7114 7093
f 7093 7114 7115
f 7093 7115 7094
f 7094 7115 7116
f 7094 7116 7095
f 7095 7116 7117
f 7095 7117 7096
f 7096 7117 7118
f 7096 7118 7097
f 7097 7118 7119
f 7097 7119 7098
f 7098 7119 7120
f 7098 7120 7099
f 7099 7120 7121
f 7099 7121 7100
f 7100 7121 7122
f 7100 7122 7034
f 7101 7011 7123
f 7101 7123 7102
f 7102 7123 7124
f 7102 7124 7103
f 7103 7124 7125
f 7103 7125 7104
f 7104 7125 7126
f 7104 7126 7105
f 7105 7126 7127
f 7105 7127 7106
f 7106 7127 7128
f 7106 7128 7107
f 7107 7128 7129
f 7107 7129 7108
f 7108 7129 7130
f 7108 7130 7109
f 7109 7130 7131
f 7109 7131 7110
f 7110 7131 7132
f 7110 7132 7111
f 7111 7132 7133
f 7111 7133 7112
f 7112 7133 7134
f 7112 7134 7113
f 7113 7134 7135
f 7113 7135 7114
f 7114 7135 7136
f 7114 7136 7115
f 7115 7136 7137
f 7115 7137 7116
f 7116 7137 7138
f 7116 7138 7117
f 7117 7138 7139
f 7117 7139 7118
f 7118 7139 7140
f 7118 7140 7119
f 7119 7140 7141
f 7119 7141 7120
f 7120 7141 7142
f 7120 7142 7121
f 7121 7142 7143
f 7121 7143 7122
f 7122 7143 7144
f 7122 7144 7034
f 7123 7011 7145
f 7123 7145 7124
f 7124 7145 7146
f 7124 7146 7125
f 7125 7146 7147
f 7125 7147 7126
f 7126 7147 7148
f 7126 7148 7127
f 7127 7148 7149
f 7127 7149 7128
f 7128 7149 7150
f 7128 7150 7129
f 7129 7150 7151
f 7129 7151 7130
f 7130 7151 7152
f 7130 7152 7131
f 7131 7152 7153
f 7131 7153 7132
f 7132 7153 7154
f 7132 7154 7133
f 7133 7154 7155
f 7133 7155 7134
f 7134 7155 7156
f 7134 7156 7135
f 7135 7156 7157
f 7135 7157 7136
f 7136 7157 7158
f 7136 7158 7137
f 7137 7158 7159
f 7137 7159 7138
f 7138 7159 7160
f 7138 7160 7139
f 7139 7160 7161
f 7139 7161 7140
f 7140 7161 7162
f 7140 7162 7141
f 7141 7162 7163
f 7141 7163 7142
f 7142 7163 7164
f 7142 7164 7143
f 7143 7164 7165
f 7143 7165 7144
f 7144 7165 7166
f 7144 7166 7034
f 7145 7011 7167
f 7145 7167 7146
f 7146 7167 7168
f 7146 7168 7147
f 7147 7168 7169
f 7147 7169 7148
f 7148 7169 7170
f 7148 7170 7149
f 7149 7170 7171
f 7149 7171 7150
f 7150 7171 7172
f 7150 7172 7151
f 7151 7172 7173
f 7151 7173 7152
f 7152 7173 7174
f 7152 7174 7153
f 7153 7174 7175
f 7153 7175 7154
f 7154 7175 7176
f 7154 7176 7155
f 7155 7176 7177
f 7155 7177 7156
f 7156 7177 7178
f 7156 7178 7157
f 7157 7178 7179
f 7157 7179 7158
f 7158 7179 7180
f 7158 7180 7159
f 7159 7180 7181
f 7159 7181 7160
f 7160 7181 7182
f 7160 7182 7161
f 7161 7182 7183
f 7161 7183 7162
f 7162 7183 7184
f 7162 7184 7163
f 7163 7184 7185
f 7163 7185 7164
f 7164 7185 7186
f 7164 7186 7165
f 7165 7186 7187
f 7165 7187 7166
f 7166 7187 7188
f 7166 7188 7034
f 7167 7011 7189
f 7167 7189 7168
f 7168 7189 7190
f 7168 7190 7169
f 7169 7190 7191
f 7169 7191 7170
f 7170 7191 7192
f 7170 7192 7171
f 7171 7192 7193
f 7171 7193 7172
f 7172 7193 7194
f 7172 7194 7173
f 7173 7194 7195
f 7173 7195 7174
f 7174 7195 7196
f 7174 7196 7175
f 7175 7196 7197
f 7175 7197 7176
f 7176 7197 7198
f 7176 7198 7177
f 7177 7198 7199
f 7177 7199 7178
f 7178 7199 7200
f 7178 7200 7179
f 7179 7200 7201
f 7179 7201 7180
f 7180 7201 7202
f 7180 7202 7181
f 7181 7202 7203
f 7181 7203 7182
f 7182 7203 7204
f 7182 7204 7183
f 7183 7204 7205
f 7183 7205 7184
f 7184 7205 7206
f 7184 7206 7185
f 7185 7206 7207
f 7185 7207 7186
f 7186 7207 7208
f 7186 7208 7187
f 7187 7208 7209
f 7187 7209 7188
f 7188 7209 7210
f 7188 7210 7034
f 7189 7011 7211
f 7189 7211 7190
f 7190 7211 7212
f 7190 7212 7191
f 7191 7212 7213
f 7191 7213 7192
f 7192 7213 7214
f 7192 7214 7193
f 7193 7214 7215
f 7193 7215 7194
f 7194 7215 7216
f 7194 7216 7195
f 7195 7216 7217
f 7195 7217 7196
f 7196 7217 7218
f 7196 7218 7197
f 7197 7218 7219
f 7197 7219 7198
f 7198 7219 7220
f 7198 7220 7199
f 7199 7220 7221
f 7199 7221 7200
f 7200 7221 7222
f 7200 7222 7201
f 7201 7222 7223
f 7201 7223 7202
f 7202 7223 7224
f 7202 7224 7203
f 7203 7224 7225
f 7203 7225 7204
f 7204 7225 7226
f 7204 7226 7205
f 7205 7226 7227
f 7205 7227 7206
f 7206 7227 7228
f 7206 7228 7207
f 7207 7228 7229
f 7207 7229 7208
f 7208 7229 7230
f 7208 7230 7209
f 7209 7230 7231
f 7209 7231 7210
f 7210 7231 7232
f 7210 7232 7034
f 7211 7011 7233
f 7211 7233 7212
f 7212 7233 7234
f 7212 7234 7213
f 7213 7234 7235
f 7213 7235 7214
f 7214 7235 7236
f 7214 7236 7215
f 7215 7236 7237
f 7215 7237 7216
f 7216 7237 7238
f 7216 7238 7217
f 7217 7238 7239
f 7217 7239 7218
f 7218 7239 7240
f 7218 7240 7219
f 7219 7240 7241
f 7219 7241 7220
f 7220 7241 7242
f 7220 7242 7221
f 7221 7242 7243
f 7221 7243 7222
f 7222 7243 7244
f 7222 7244 7223
f 7223 7244 7245
f 7223 7245 7224
f 7224 7245 7246
f 7224 7246 7225
f 7225 7246 7247
f 7225 7247 7226
f 7226 7247 7248
f 7226 7248 7227
f 7227 7248 7249
f 7227 7249 7228
f 7228 7249 7250
f 7228 7250 7229
f 7229 7250 7251
f 7229 7251 7230
f 7230 7251 7252
f 7230 7252 7231
f 7231 7252 7253
f 7231 7253 7232
f 7232 7253 7254
f 7232 7254 7034
f 7233 7011 7255
f 7233 7255 7234
f 7234 7255 7256
f 7234 7256 7235
f 7235 7256 7257
f 7235 7257 7236
f 7236 7257 7258
f 7236 7258 7237
f 7237 7258 7259
f 7237 7259 7238
f 7238 7259 7260
f 7238 7260 7239
f 7239 7260 7261
f 7239 7261 7240
f 7240 7261 7262
f 7240 7262 7241
f 7241 7262 7263
f 7241 7263 7242
f 7242 7263 7264
f 7242 7264 7243
f 7243 7264 7265
f 7243 7265 7244
f 7244 7265 7266
f 7244 7266 7245
f 7245 7266 7267
f 7245 7267 7246
f 7246 7267 7268
f 7246 7268 7247
f 7247 7268 7269
f 7247 7269 7248
f 7248 7269 7270
f 7248 7270 7249
f 7249 7270 7271
f 7249 7271 7250
f 7250 7271 7272
f 7250 7272 7251
f 7251 7272 7273
f 7251 7273 7252
f 7252 7273 7274
f 7252 7274 7253
f 7253 7274 7275
f 7253 7275 7254
f 7254 7275 7276
f 7254 7276 7034
f 7255 7011 7277
f 7255 7277 7256
f 7256 7277 7278
f 7256 7278 7257
f 7257 7278 7279
f 7257 7279 7258
f 7258 7279 7280
f 7258 7280 7259
f 7259 7280 7281
f 7259 7281 7260
f 7260 7281 7282
f 7260 7282 7261
f 7261 7282 7283
f 7261 7283 7262
f 7262 7283 7284
f 7262 7284 7263
f 7263 7284 7285
f 7263 7285 7264
f 7264 7285 7286
f 7264 7286 7265
f 7265 7286 7287
f 7265 7287 7266
f 7266 7287 7288
f 7266 7288 7267
f 7267 7288 7289
f 7267 7289 7268
f 7268 7289 7290
f 7268 7290 7269
f 7269 7290 7291
f 7269 7291 7270
f 7270 7291 7292
f 7270 7292 7271
f 7271 7292 7293
f 7271 7293 7272
f 7272 7293 7294
f 7272 7294 7273
f 7273 7294 7295
f 7273 7295 7274
f 7274 7295 7296
f 7274 7296 7275
f 7275 7296 7297
f 7275 7297 7276
f 7276 7297 7298
f 7276 7298 7034
f 7277 7011 7299
f 7277 7299 7278
f 7278 7299 7300
f 7278 7300 7279
f 7279 7300 7301
f 7279 7301 7280
f 7280 7301 7302
f 7280 7302 7281
f 7281 7302 7303
f 7281 7303 7282
f 7282 7303 7304
f 7282 7304 7283
f 7283 7304 7305
f 7283 7305 7284
f 7284 7305 7306
f 7284 7306 7285
f 7285 7306 7307
f 7285 7307 7286
f 7286 7307 7308
f 7286 7308 7287
f 7287 7308 7309
f 7287 7309 7288
f 7288 7309 7310
f 7288 7310 7289
f 7289 7310 7311
f 7289 7311 7290
f 7290 7311 7312
f 7290 7312 7291
f 7291 7312 7313
f 7291 7313 7292
f 7292 7313 7314
f 7292 7314 7293
f 7293 7314 7315
f 7293 7315 7294
f 7294 7315 7316
f 7294 7316 7295
f 7295 7316 7317
f 7295 7317 7296
f 7296 7317 7318
f 7296 7318 7297
f 7297 7318 7319
f 7297 7319 7298
f 7298 7319 7320
f 7298 7320 7034
f 7299 7011 7321
f 7299 7321 7300
f 7300 7321 7322
f 7300 7322 7301
f 7301 7322 7323
f 7301 7323 7302
f 7302 7323 7324
f 7302 7324 7303
f 7303 7324 7325
f 7303 7325 7304
f 7304 7325 7326
f 7304 7326 7305
f 7305 7326 7327
f 7305 7327 7306
f 7306 7327 7328
f 7306 7328 7307
f 7307 7328 7329
f 7307 7329 7308
f 7308 7329 7330
f 7308 7330 7309
f 7309 7330 7331
f 7309 7331 7310
f 7310 7331 7332
f 7310 7332 7311
f 7311 7332 7333
f 7311 7333 7312
f 7312 7333 7334
f 7312 7334 7313
f 7313 7334 7335
f 7313 7335 7314
f 7314 7335 7336
f 7314 7336 7315
f 7315 7336 7337
f 7315 7337 7316
f 7316 7337 7338
f 7316 7338 7317
f 7317 7338 7339
f 7317 7339 7318
f 7318 7339 7340
f 7318 7340 7319
f 7319 7340 7341
f 7319 7341 7320
f 7320 7341 7342
f 7320 7342 7034
f 7321 7011 7343
f 7321 7343 7322
f 7322 7343 7344
f 7322 7344 7323
f 7323 7344 7345
f 7323 7345 7324
f 7324 7345 7346
f 7324 7346 7325
f 7325 7346 7347
f 7325 7347 7326
f 7326 7347 7348
f 7326 7348 7327
f 7327 7348 7349
f 7327 7349 7328
f 7328 7349 7350
f 7328 7350 7329
f 7329 7350 7351
f 7329 7351 7330
f 7330 7351 7352
f 7330 7352 7331
f 7331 7352 7353
f 7331 7353 7332
f 7332 7353 7354
f 7332 7354 7333
f 7333 7354 7355
f 7333 7355 7334
f 7334 7355 7356
f 7334 7356 7335
f 7335 7356 7357
f 7335 7357 7336
f 7336 7357 7358
f 7336 7358 7337
f 7337 7358 7359
f 7337 7359 7338
f 7338 7359 7360
f 7338 7360 7339
f 7339 7360 7361
f 7339 7361 7340
f 7340 7361 7362
f 7340 7362 7341
f 7341 7362 7363
f 7341 7363 7342
f 7342 7363 7364
f 7342 7364 7034
f 7343 7011 7365
f 7343 7365 7344
f 7344 7365 7366
f 7344 7366 7345
f 7345 7366 7367
f 7345 7367 7346
f 7346 7367 7368
f 7346 7368 7347
f 7347 7368 7369
f 7347 7369 7348
f 7348 7369 7370
f 7348 7370 7349
f 7349 7370 7371
f 7349 7371 7350
f 7350 7371 7372
f 7350 7372 7351
f 7351 7372 7373
f 7351 7373 7352
f 7352 7373 7374
f 7352 7374 7353
f 7353 7374 7375
f 7353 7375 7354
f 7354 7375 7376
f 7354 7376 7355
f 7355 7376 7377
f 7355 7377 7356
f 7356 7377 7378
f 7356 7378 7357
f 7357 7378 7379
f 7357 7379 7358
f 7358 7379 7380
f 7358 7380 7359
f 7359 7380 7381
f 7359 7381 7360
f 7360 7381 7382
f 7360 7382 7361
f 7361 7382 7383
f 7361 7383 7362
f 7362 7383 7384
f 7362 7384 7363
f 7363 7384 7385
f 7363 7385 7364
f 7364 7385 7386
f 7364 7386 7034
f 7365 7011 7387
f 7365 7387 7366
f 7366 7387 7388
f 7366 7388 7367
f 7367 7388 7389
f 7367 7389 7368
f 7368 7389 7390
f 7368 7390 7369
f 7369 7390 7391
f 7369 7391 7370
f 7370 7391 7392
f 7370 7392 7371
f 7371 7392 7393
f 7371 7393 7372
f 7372 7393 7394
f 7372 7394 7373
f 7373 7394 7395
f 7373 7395 7374
f 7374 7395 7396
f 7374 7396 7375
f 7375 7396 7397
f 7375 7397 7376
f 7376 7397 7398
f 7376 7398 7377
f 7377 7398 7399
f 7377 7399 7378
f 7378 7399 7400
f 7378 7400 7379
f 7379 7400 7401
f 7379 7401 7380
f 7380 7401 7402
f 7380 7402 7381
f 7381 7402 7403
f 7381 7403 7382
f 7382 7403 7404
f 7382 7404 7383
f 7383 7404 7405
f 7383 7405 7384
f 7384 7405 7406
f 7384 7406 7385
f 7385 7406 7407
f 7385 7407 7386
f 7386 7407 7408
f 7386 7408 7034
f 7387 7011 7409
f 7387 7409 7388
f 7388 7409 7410
f 7388 7410 7389
f 7389 7410 7411
f 7389 7411 7390
f 7390 7411 7412
f 7390 7412 7391
f 7391 7412 7413
f 7391 7413 7392
f 7392 7413 7414
f 7392 7414 7393
f 7393 7414 7415
f 7393 7415 7394
f 7394 7415 7416
f 7394 7416 7395
f 7395 7416 7417
f 7395 7417 7396
f 7396 7417 7418
f 7396 7418 7397
f 7397 7418 7419
f 7397 7419 7398
f 7398 7419 7420
f 7398 7420 7399
f 7399 7420 7421
f 7399 7421 7400
f 7400 7421 7422
f 7400 7422 7401
f 7401 7422 7423
f 7401 7423 7402
f 7402 7423 7424
f 7402 7424 7403
f 7403 7424 7425
f 7403 7425 7404
f 7404 7425 7426
f 7404 7426 7405
f 7405 7426 7427
f 7405 7427 7406
f 7406 7427 7428
f 7406 7428 7407
f 7407 7428 7429
f 7407 7429 7408
f 7408 7429 7430
f 7408 7430 7034
f 7409 7011 7431
f 7409 7431 7410
f 7410 7431 7432
f 7410 7432 7411
f 7411 7432 7433
f 7411 7433 7412
f 7412 7433 7434
f 7412 7434 7413
f 7413 7434 7435
f 7413 7435 7414
f 7414 7435 7436
f 7414 7436 7415
f 7415 7436 7437
f 7415 7437 7416
f 7416 7437 7438
f 7416 7438 7417
f 7417 7438 7439
f 7417 7439 7418
f 7418 7439 7440
f 7418 7440 7419
f 7419 7440 7441
f 7419 7441 7420
f 7420 7441 7442
f 7420 7442 7421
f 7421 7442 7443
f 7421 7443 7422
f 7422 7443 7444
f 7422 7444 7423
f 7423 7444 7445
f 7423 7445 7424
f 7424 7445 7446
f 7424 7446 7425
f 7425 7446 7447
f 7425 7447 7426
f 7426 7447 7448
f 7426 7448 7427
f 7427 7448 7449
f 7427 7449 7428
f 7428 7449 7450
f 7428 7450 7429
f 7429 7450 7451
f 7429 7451 7430
f 7430 7451 7452
f 7430 7452 7034
f 7431 7011 7453
f 7431 7453 7432
f 7432 7453 7454
f 7432 7454 7433
f 7433 7454 7455
f 7433 7455 7434
f 7434 7455 7456
f 7434 7456 7435
f 7435 7456 7457
f 7435 7457 7436
f 7436 7457 7458
f 7436 7458 7437
f 7437 7458 7459
f 7437 7459 7438
f 7438 7459 7460
f 7438 7460 7439
f 7439 7460 7461
f 7439 7461 7440
f 7440 7461 7462
f 7440 7462 7441
f 7441 7462 7463
f 7441 7463 7442
f 7442 7463 7464
f 7442 7464 7443
f 7443 7464 7465
f 7443 7465 7444
f 7444 7465 7466
f 7444 7466 7445
f 7445 7466 7467
f 7445 7467 7446
f 7446 7467 7468
f 7446 7468 7447
f 7447 7468 7469
f 7447 7469 7448
f 7448 7469 7470
f 7448 7470 7449
f 7449 7470 7471
f 7449 7471 7450
f 7450 7471 7472
f 7450 7472 7451
f 7451 7472 7473
f 7451 7473 7452
f 7452 7473 7474
f 7452 7474 7034
f 7453 7011 7475
f 7453 7475 7454
f 7454 7475 7476
f 7454 7476 7455
f 7455 7476 7477
f 7455 7477 7456
f 7456 7477 7478
f 7456 7478 7457
f 7457 7478 7479
f 7457 7479 7458
f 7458 7479 7480
f 7458 7480 7459
f 7459 7480 7481
f 7459 7481 7460
f 7460 7481 7482
f 7460 7482 7461
f 7461 7482 7483
f 7461 7483 7462
f 7462 7483 7484
f 7462 7484 7463
f 7463 7484 7485
f 7463 7485 7464
f 7464 7485 7486
f 7464 7486 7465
f 7465 7486 7487
f 7465 7487 7466
f 7466 7487 7488
f 7466 7488 7467
f 7467 7488 7489
f 7467 7489 7468
f 7468 7489 7490
f 7468 7490 7469
f 7469 7490 7491
f 7469 7491 7470
f 7470 7491 7492
f 7470 7492 7471
f 7471 7492 7493
f 7471 7493 7472
f 7472 7493 7494
f 7472 7494 7473
f 7473 7494 7495
f 7473 7495 7474
f 7474 7495 7496
f 7474 7496 7034
f 7475 7011 7497
f 7475 7497 7476
f 7476 7497 7498
f 7476 7498 7477
f 7477 7498 7499
f 7477 7499 7478
f 7478 7499 7500
f 7478 7500 7479
f 7479 7500 7501
f 7479 7501 7480
f 7480 7501 7502
f 7480 7502 7481
f 7481 7502 7503
f 7481 7503 7482
f 7482 7503 7504
f 7482 7504 7483
f 7483 7504 7505
f 7483 7505 7484
f 7484 7505 7506
f 7484 7506 7485
f 7485 7506 7507
f 7485 7507 7486
f 7486 7507 7508
f 7486 7508 7487
f 7487 7508 7509
f 7487 7509 7488
f 7488 7509 7510
f 7488 7510 7489
f 7489 7510 7511
f 7489 7511 7490
f 7490 7511 7512
f 7490 7512 7491
f 7491 7512 7513
f 7491 7513 7492
f 7492 7513 7514
f 7492 7514 7493
f 7493 7514 7515
f 7493 7515 7494
f 7494 7515 7516
f 7494 7516 7495
f 7495 7516 7517
f 7495 7517 7496
f 7496 7517 7518
f 7496 7518 7034
f 7497 7011 7519
f 7497 7519 7498
f 7498 7519 7520
f 7498 7520 7499
f 7499 7520 7521
f 7499 7521 7500
f 7500 7521 7522
f 7500 7522 7501
f 7501 7522 7523
f 7501 7523 7502
f 7502 7523 7524
f 7502 7524 7503
f 7503 7524 7525
f 7503 7525 7504
f 7504 7525 7526
f 7504 7526 7505
f 7505 7526 7527
f 7505 7527 7506
f 7506 7527 7528
f 7506 7528 7507
f 7507 7528 7529
f 7507 7529 7508
f 7508 7529 7530
f 7508 7530 7509
f 7509 7530 7531
f 7509 7531 7510
f 7510 7531 7532
f 7510 7532 7511
f 7511 7532 7533
f 7511 7533 7512
f 7512 7533 7534
f 7512 7534 7513
f 7513 7534 7535
f 7513 7535 7514
f 7514 7535 7536
f 7514 7536 7515
f 7515 7536 7537
f 7515 7537 7516
f 7516 7537 7538
f 7516 7538 7517
f 7517 7538 7539
f 7517 7539 7518
f 7518 7539 7540
f 7518 7540 7034
f 7519 7011 7012
f 7519 7012 7520
f 7520 7012 7013
f 7520 7013 7521
f 7521 7013 7014
f 7521 7014 7522
f 7522 7014 7015
f 7522 7015 7523
f 7523 7015 7016
f 7523 7016 7524
f 7524 7016 7017
f 7524 7017 7525
f 7525 7017 7018
f 7525 7018 7526
f 7526 7018 7019
f 7526 7019 7527
f 7527 7019 7020
f 7527 7020 7528
f 7528 7020 7021
f 7528 7021 7529
f 7529 7021 7022
f 7529 7022 7530
f 7530 7022 7023
f 7530 7023 7531
f 7531 7023 7024
f 7531 7024 7532
f 7532 7024 7025
f 7532 7025 7533
f 7533 7025 7026
f 7533 7026 7534
f 7534 7026 7027
f 7534 7027 7535
f 7535 7027 7028
f 7535 7028 7536
f 7536 7028 7029
f 7536 7029 7537
f 7537 7029 7030
f 7537 7030 7538
f 7538 7030 7031
f 7538 7031 7539
f 7539 7031 7032
f 7539 7032 7540
f 7540 7032 7033
f 7540 7033 7034
f 7542 7541 7565
f 7542 7565 7543
f 7543 7565 7566
f 7543 7566 7544
f 7544 7566 7567
f 7544 7567 7545
f 7545 7567 7568
f 7545 7568 7546
f 7546 7568 7569
f 7546 7569 7547
f 7547 7569 7570
f 7547 7570 7548
f 7548 7570 7571
f 7548 7571 7549
f 7549 7571 7572
f 7549 7572 7550
f 7550 7572 7573
f 7550 7573 7551
f 7551 7573 7574
f 7551 7574 7552
f 7552 7574 7575
f 7552 7575 7553
f 7553 7575 7576
f 7553 7576 7554
f 7554 7576 7577
f 7554 7577 7555
f 7555 7577 7578
f 7555 7578 7556
f 7556 7578 7579
f 7556 7579 7557
f 7557 7579 7580
f 7557 7580 7558
f 7558 7580 7581
f 7558 7581 7559
f 7559 7581 7582
f 7559 7582 7560
f 7560 7582 7583
f 7560 7583 7561
f 7561 7583 7584
f 7561 7584 7562
f 7562 7584 7585
f 7562 7585 7563
f 7563 7585 7586
f 7563 7586 7564
f 7565 7541 7587
f 7565 7587 7566
f 7566 7587 7588
f 7566 7588 7567
f 7567 7588 7589
f 7567 7589 7568
f 7568 7589 7590
f 7568 7590 7569
f 7569 7590 7591
f 7569 7591 7570
f 7570 7591 7592
f 7570 7592 7571
f 7571 7592 7593
f 7571 7593 7572
f 7572 7593 7594
f 7572 7594 7573
f 7573 7594 7595
f 7573 7595 7574
f 7574 7595 7596
f 7574 7596 7575
f 7575 7596 7597
f 7575 7597 7576
f 7576 7597 7598
f 7576 7598 7577
f 7577 7598 7599
f 7577 7599 7578
f 7578 7599 7600
f 7578 7600 7579
f 7579 7600 7601
f 7579 7601 7580
f 7580 7601 7602
f 7580 7602 7581
f 7581 7602 7603
f 7581 7603 7582
f 7582 7603 7604
f 7582 7604 7583
f 7583 7604 7605
f 7583 7605 7584
f 7584 7605 7606
f 7584 7606 7585
f 7585 7606 7607
f 7585 7607 7586
f 7586 7607 7608
f 7586 7608 7564
f 7587 7541 7609
f 7587 7609 7588
f 7588 7609 7610
f 7588 7610 7589
f 7589 7610 7611
f 7589 7611 7590
f 7590 7611 7612
f 7590 7612 7591
f 7591 7612 7613
f 7591 7613 7592
f 7592 7613 7614
f 7592 7614 7593
f 7593 7614 7615
f 7593 7615 7594
f 7594 7615 7616
f 7594 7616 7595
f 7595 7616 7617
f 7595 7617 7596
f 7596 7617 7618
f 7596 7618 7597
f 7597 7618 7619
f 7597 7619 7598
f 7598 7619 7620
f 7598 7620 7599
f 7599 7620 7621
f 7599 7621 7600
f 7600 7621 7622
f 7600 7622 7601
f 7601 7622 7623
f 7601 7623 7602
f 7602 7623 7624
f 7602 7624 7603
f 7603 7624 7625
f 7603 7625 7604
f 7604 7625 7626
f 7604 7626 7605
f 7605 7626 7627
f 7605 7627 7606
f 7606 7627 7628
f 7606 7628 7607
f 7607 7628 7629
f 7607 7629 7608
f 7608 7629 7630
f 7608 7630 7564
f 7609 7541 7631
f 7609 7631 7610
f 7610 7631 7632
f 7610 7632 7611
f 7611 7632 7633
f 7611 7633 7612
f 7612 7633 7634
f 7612 7634 7613
f 7613 7634 7635
f 7613 7635 7614
f 7614 7635 7636
f 7614 7636 7615
f 7615 7636 7637
f 7615 7637 7616
f 7616 7637 7638
f 7616 7638 7617
f 7617 7638 7639
f 7617 7639 7618
f 7618 7639 7640
f 7618 7640 7619
f 7619 7640 7641
f 7619 7641 7620
f 7620 7641 7642
f 7620 7642 7621
f 7621 7642 7643
f 7621 7643 7622
f 7622 7643 7644
f 7622 7644 7623
f 7623 7644 7645
f 7623 7645 7624
f 7624 7645 7646
f 7624 7646 7625
f 7625 7646 7647
f 7625 7647 7626
f 7626 7647 7648
f 7626 7648 7627
f 7627 7648 7649
f 7627 7649 7628
f 7628 7649 7650
f 7628 7650 7629
f 7629 7650 7651
f 7629 7651 7630
f 7630 7651 7652
f 7630 7652 7564
f 7631 7541 7653
f 7631 7653 7632
f 7632 7653 7654
f 7632 7654 7633
f 7633 7654 7655
f 7633 7655 7634
f 7634 7655 7656
f 7634 7656 7635
f 7635 7656 7657
f 7635 7657 7636
f 7636 7657 7658
f 7636 7658 7637
f 7637 7658 7659
f 7637 7659 7638
f 7638 7659 7660
f 7638 7660 7639
f 7639 7660 7661
f 7639 7661 7640
f 7640 7661 7662
f 7640 7662 7641
f 7641 7662 7663
f 7641 7663 7642
f 7642 7663 7664
f 7642 7664 7643
f 7643 7664 7665
f 7643 7665 7644
f 7644 7665 7666
f 7644 7666 7645
f 7645 7666 7667
f 7645 7667 7646
f 7646 7667 7668
f 7646 7668 7647
f 7647 7668 7669
f 7647 7669 7648
f 7648 7669 7670
f 7648 7670 7649
f 7649 7670 7671
f 7649 7671 7650
f 7650 7671 7672
f 7650 7672 7651
f 7651 7672 7673
f 7651 7673 7652
f 7652 7673 7674
f 7652 7674 7564
f 7653 7541 7675
f 7653 7675 7654
f 7654 7675 7676
f 7654 7676 7655
f 7655 7676 7677
f 7655 7677 7656
f 7656 7677 7678
f 7656 7678 7657
f 7657 7678 7679
f 7657 7679 7658
f 7658 7679 7680
f 7658 7680 7659
f 7659 7680 7681
f 7659 7681 7660
f 7660 7681 7682
f 7660 7682 7661
f 7661 7682 7683
f 7661 7683 7662
f 7662 7683 7684
f 7662 7684 7663
f 7663 7684 7685
f 7663 7685 7664
f 7664 7685 7686
f 7664 7686 7665
f 7665 7686 7687
f 7665 7687 7666
f 7666 7687 7688
f 7666 7688 7667
f 7667 7688 7689
f 7667 7689 7668
f 7668 7689 7690
f 7668 7690 7669
f 7669 7690 7691
f 7669 7691 7670
f 7670 7691 7692
f 7670 7692 7671
f 7671 7692 7693
f 7671 7693 7672
f 7672 7693 7694
f 7672 7694 7673
f 7673 7694 7695
f 7673 7695 7674
f 7674 7695 7696
f 7674 7696 7564
f 7675 7541 7697
f 7675 7697 7676
f 7676 7697 7698
f 7676 7698 7677
f 7677 7698 7699
f 7677 7699 7678
f 7678 7699 7700
f 7678 7700 7679
f 7679 7700 7701
f 7679 7701 7680
f 7680 7701 7702
f 7680 7702 7681
f 7681 7702 7703
f 7681 7703 7682
f 7682 7703 7704
f 7682 7704 7683
f 7683 7704 7705
f 7683 7705 7684
f 7684 7705 7706
f 7684 7706 7685
f 7685 7706 7707
f 7685 7707 7686
f 7686 7707 7708
f 7686 7708 7687
f 7687 7708 7709
f 7687 7709 7688
f 7688 7709 7710
f 7688 7710 7689
f 7689 7710 7711
f 7689 7711 7690
f 7690 7711 7712
f 7690 7712 7691
f 7691 7712 7713
f 7691 7713 7692
f 7692 7713 7714
f 7692 7714 7693
f 7693 7714 7715
f 7693 7715 7694
f 7694 7715 7716
f 7694 7716 7695
f 7695 7716 7717
f 7695 7717 7696
f 7696 7717 7718
f 7696 7718 7564
f 7697 7541 7719
f 7697 7719 7698
f 7698 7719 7720
f 7698 7720 7699
f 7699 7720 7721
f 7699 7721 7700
f 7700 7721 7722
f 7700 7722 7701
f 7701 7722 7723
f 7701 7723 7702
f 7702 7723 7724
f 7702 7724 7703
f 7703 7724 7725
f 7703 7725 7704
f 7704 7725 7726
f 7704 7726 7705
f 7705 7726 7727
f 7705 7727 7706
f 7706 7727 7728
f 7706 7728 7707
f 7707 7728 7729
f 7707 7729 7708
f 7708 7729 7730
f 7708 7730 7709
f 7709 7730 7731
f 7709 7731 7710
f 7710 7731 7732
f 7710 7732 7711
f 7711 7732 7733
f 7711 7733 7712
f 7712 7733 7734
f 7712 7734 7713
f 7713 7734 7735
f 7713 7735 7714
f 7714 7735 7736
f 7714 7736 7715
f 7715 7736 7737
f 7715 7737 7716
f 7716 7737 7738
f 7716 7738 7717
f 7717 7738 7739
f 7717 7739 7718
f 7718 7739 7740
f 7718 7740 7564
f 7719 7541 7741
f 7719 7741 7720
f 7720 7741 7742
f 7720 7742 7721
f 7721 7742 7743
f 7721 7743 7722
f 7722 7743 7744
f 7722 7744 7723
f 7723 7744 7745
f 7723 7745 7724
f 7724 7745 7746
f 7724 7746 7725
f 7725 7746 7747
f 7725 7747 7726
f 7726 7747 7748
f 7726 7748 7727
f 7727 7748 7749
f 7727 7749 7728
f 7728 7749 7750
f 7728 7750 7729
f 7729 7750 7751
f 7729 7751 7730
f 7730 7751 7752
f 7730 7752 7731
f 7731 7752 7753
f 7731 7753 7732
f 7732 7753 7754
f 7732 7754 7733
f 7733 7754 7755
f 7733 7755 7734
f 7734 7755 7756
f 7734 7756 7735
f 7735 7756 7757
f 7735 7757 7736
f 7736 7757 7758
f 7736 7758 7737
f 7737 7758 7759
f 7737 7759 7738
f 7738 7759 7760
f 7738 7760 7739
f 7739 7760 7761
f 7739 7761 7740
f 7740 7761 7762
f 7740 7762 7564
f 7741 7541 7763
f 7741 7763 7742
f 7742 7763 7764
f 7742 7764 7743
f 7743 7764 7765
f 7743 7765 7744
f 7744 7765 7766
f 7744 7766 7745
f 7745 7766 7767
f 7745 7767 7746
f 7746 7767 7768
f 7746 7768 7747
f 7747 7768 7769
f 7747 7769 7748
f 7748 7769 7770
f 7748 7770 7749
f 7749 7770 7771
f 7749 7771 7750
f 7750 7771 7772
f 7750 7772 7751
f 7751 7772 7773
f 7751 7773 7752
f 7752 7773 7774
f 7752 7774 7753
f 7753 7774 7775
f 7753 7775 7754
f 7754 7775 7776
f 7754 7776 7755
f 7755 7776 7777
f 7755 7777 7756
f 7756 7777 7778
f 7756 7778 7757
f 7757 7778 7779
f 7757 7779 7758
f 7758 7779 7780
f 7758 7780 7759
f 7759 7780 7781
f 7759 7781 7760
f 7760 7781 7782
f 7760 7782 7761
f 7761 7782 7783
f 7761 7783 7762
f 7762 7783 7784
f 7762 7784 7564
f 7763 7541 7785
f 7763 7785 7764
f 7764 7785 7786
f 7764 7786 7765
f 7765 7786 7787
f 7765 7787 7766
f 7766 7787 7788
f 7766 7788 7767
f 7767 7788 7789
f 7767 7789 7768
f 7768 7789 7790
f 7768 7790 7769
f 7769 7790 7791
f 7769 7791 7770
f 7770 7791 7792
f 7770 7792 7771
f 7771 7792 7793
f 7771 7793 7772
f 7772 7793 7794
f 7772 7794 7773
f 7773 7794 7795
f 7773 7795 7774
f 7774 7795 7796
f 7774 7796 7775
f 7775 7796 7797
f 7775 7797 7776
f 7776 7797 7798
f 7776 7798 7777
f 7777 7798 7799
f 7777 7799 7778
f 7778 7799 7800
f 7778 7800 7779
f 7779 7800 7801
f 7779 7801 7780
f 7780 7801 7802
f 7780 7802 7781
f 7781 7802 7803
f 7781 7803 7782
f 7782 7803 7804
f 7782 7804 7783
f 7783 7804 7805
f 7783 7805 7784
f 7784 7805 7806
f 7784 7806 7564
f 7785 7541 7807
f 7785 7807 7786
f 7786 7807 7808
f 7786 7808 7787
f 7787 7808 7809
f 7787 7809 7788
f 7788 7809 7810
f 7788 7810 7789
f 7789 7810 7811
f 7789 7811 7790
f 7790 7811 7812
f 7790 7812 7791
f 7791 7812 7813
f 7791 7813 7792
f 7792 7813 7814
f 7792 7814 7793
f 7793 7814 7815
f 7793 7815 7794
f 7794 7815 7816
f 7794 7816 7795
f 7795 7816 7817
f 7795 7817 7796
f 7796 7817 7818
f 7796 7818 7797
f 7797 7818 7819
f 7797 7819 7798
f 7798 7819 7820
f 7798 7820 7799
f 7799 7820 7821
f 7799 7821 7800
f 7800 7821 7822
f 7800 7822 7801
f 7801 7822 7823
f 7801 7823 7802
f 7802 7823 7824
f 7802 7824 7803
f 7803 7824 7825
f 7803 7825 7804
f 7804 7825 7826
f 7804 7826 7805
f 7805 7826 7827
f 7805 7827 7806
f 7806 7827 7828
f 7806 7828 7564
f 7807 7541 7829
f 7807 7829 7808
f 7808 7829 7830
f 7808 7830 7809
f 7809 7830 7831
f 7809 7831 7810
f 7810 7831 7832
f 7810 7832 7811
f 7811 7832 7833
f 7811 7833 7812
f 7812 7833 7834
f 7812 7834 7813
f 7813 7834 7835
f 7813 7835 7814
f 7814 7835 7836
f 7814 7836 7815
f 7815 7836 7837
f 7815 7837 7816
f 7816 7837 7838
f 7816 7838 7817
f 7817 7838 7839
f 7817 7839 7818
f 7818 7839 7840
f 7818 7840 7819
f 7819 7840 7841
f 7819 7841 7820
f 7820 7841 7842
f 7820 7842 7821
f 7821 7842 7843
f 7821 7843 7822
f 7822 7843 7844
f 7822 7844 7823
f 7823 7844 7845
f 7823 7845 7824
f 7824 7845 7846
f 7824 7846 7825
f 7825 7846 7847
f 7825 7847 7826
f 7826 7847 7848
f 7826 7848 7827
f 7827 7848 7849
f 7827 7849 7828
f 7828 7849 7850
f 7828 7850 7564
f 7829 7541 7851
f 7829 7851 7830
f 7830 7851 7852
f 7830 7852 7831
f 7831 7852 7853
f 7831 7853 7832
f 7832 7853 7854
f 7832 7854 7833
f 7833 7854 7855
f 7833 7855 7834
f 7834 7855 7856
f 7834 7856 7835
f 7835 7856 7857
f 7835 7857 7836
f 7836 7857 7858
f 7836 7858 7837
f 7837 7858 7859
f 7837 7859 7838
f 7838 7859 7860
f 7838 7860 7839
f 7839 7860 7861
f 7839 7861 7840
f 7840 7861 7862
f 7840 7862 7841
f 7841 7862 7863
f 7841 7863 7842
f 7842 7863 7864
f 7842 7864 7843
f 7843 7864 7865
f 7843 7865 7844
f 7844 7865 7866
f 7844 7866 7845
f 7845 7866 7867
f 7845 7867 7846
f 7846 7867 7868
f 7846 7868 7847
f 7847 7868 7869
f 7847 7869 7848
f 7848 7869 7870
f 7848 7870 7849
f 7849 7870 7871
f 7849 7871 7850
f 7850 7871 7872
f 7850 7872 7564
f 7851 7541 7873
f 7851 7873 7852
f 7852 7873 7874
f 7852 7874 7853
f 7853 7874 7875
f 7853 7875 7854
f 7854 7875 7876
f 7854 7876 7855
f 7855 7876 7877
f 7855 7877 7856
f 7856 7877 7878
f 7856 7878 7857
f 7857 7878 7879
f 7857 7879 7858
f 7858 7879 7880
f 7858 7880 7859
f 7859 7880 7881
f 7859 7881 7860
f 7860 7881 7882
f 7860 7882 7861
f 7861 7882 7883
f 7861 7883 7862
f 7862 7883 7884
f 7862 7884 7863
f 7863 7884 7885
f 7863 7885 7864
f 7864 7885 7886
f 7864 7886 7865
f 7865 7886 7887
f 7865 7887 7866
f 7866 7887 7888
f 7866 7888 7867
f 7867 7888 7889
f 7867 7889 7868
f 7868 7889 7890
f 7868 7890 7869
f 7869 7890 7891
f 7869 7891 7870
f 7870 7891 7892
f 7870 7892 7871
f 7871 7892 7893
f 7871 7893 7872
f 7872 7893 7894
f 7872 7894 7564
f 7873 7541 7895
f 7873 7895 7874
f 7874 7895 7896
f 7874 7896 7875
f 7875 7896 7897
f 7875 7897 7876
f 7876 7897 7898
f 7876 7898 7877
f 7877 7898 7899
f 7877 7899 7878
f 7878 7899 7900
f 7878 7900 7879
f 7879 7900 7901
f 7879 7901 7880
f 7880 7901 7902
f 7880 7902 7881
f 7881 7902 7903
f 7881 7903 7882
f 7882 7903 7904
f 7882 7904 7883
f 7883 7904 7905
f 7883 7905 7884
f 7884 7905 7906
f 7884 7906 7885
f 7885 7906 7907
f 7885 7907 7886
f 7886 7907 7908
f 7886 7908 7887
f 7887 7908 7909
f 7887 7909 7888
f 7888 7909 7910
f 7888 7910 7889
f 7889 7910 7911
f 7889 7911 7890
f 7890 7911 7912
f 7890 7912 7891
f 7891 7912 7913
f 7891 7913 7892
f 7892 7913 7914
f 7892 7914 7893
f 7893 7914 7915
f 7893 7915 7894
f 7894 7915 7916
f 7894 7916 7564
f 7895 7541 7917
f 7895 7917 7896
f 7896 7917 7918
f 7896 7918 7897
f 7897 7918 7919
f 7897 7919 7898
f 7898 7919 7920
f 7898 7920 7899
f 7899 7920 7921
f 7899 7921 7900
f 7900 7921 7922
f 7900 7922 7901
f 7901 7922 7923
f 7901 7923 7902
f 7902 7923 7924
f 7902 7924 7903
f 7903 7924 7925
f 7903 7925 7904
f 7904 7925 7926
f 7904 7926 7905
f 7905 7926 7927
f 7905 7927 7906
f 7906 7927 7928
f 7906 7928 7907
f 7907 7928 7929
f 7907 7929 7908
f 7908 7929 7930
f 7908 7930 7909
f 7909 7930 7931
f 7909 7931 7910
f 7910 7931 7932
f 7910 7932 7911
f 7911 7932 7933
f 7911 7933 7912
f 7912 7933 7934
f 7912 7934 7913
f 7913 7934 7935
f 7913 7935 7914
f 7914 7935 7936
f 7914 7936 7915
f 7915 7936 7937
f 7915 7937 7916
f 7916 7937 7938
f 7916 7938 7564
f 7917 7541 7939
f 7917 7939 7918
f 7918 7939 7940
f 7918 7940 7919
f 7919 7940 7941
f 7919 7941 7920
f 7920 7941 7942
f 7920 7942 7921
f 7921 7942 7943
f 7921 7943 7922
f 7922 7943 7944
f 7922 7944 7923
f 7923 7944 7945
f 7923 7945 7924
f 7924 7945 7946
f 7924 7946 7925
f 7925 7946 7947
f 7925 7947 7926
f 7926 7947 7948
f 7926 7948 7927
f 7927 7948 7949
f 7927 7949 7928
f 7928 7949 7950
f 7928 7950 7929
f 7929 7950 7951
f 7929 7951 7930
f 7930 7951 7952
f 7930 7952 7931
f 7931 7952 7953
f 7931 7953 7932
f 7932 7953 7954
f 7932 7954 7933
f 7933 7954 7955
f 7933 7955 7934
f 7934 7955 7956
f 7934 7956 7935
f 7935 7956 7957
f 7935 7957 7936
f 7936 7957 7958
f 7936 7958 7937
f 7937 7958 7959
f 7937 7959 7938
f 7938 7959 7960
f 7938 7960 7564
f 7939 7541 7961
f 7939 7961 7940
f 7940 7961 7962
f 7940 7962 7941
f 7941 7962 7963
f 7941 7963 7942
f 7942 7963 7964
f 7942 7964 7943
f 7943 7964 7965
f 7943 7965 7944
f 7944 7965 7966
f 7944 7966 7945
f 7945 7966 7967
f 7945 7967 7946
f 7946 7967 7968
f 7946 7968 7947
f 7947 7968 7969
f 7947 7969 7948
f 7948 7969 7970
f 7948 7970 7949
f 7949 7970 7971
f 7949 7971 7950
f 7950 7971 7972
f 7950 7972 7951
f 7951 7972 7973
f 7951 7973 7952
f 7952 7973 7974
f 7952 7974 7953
f 7953 7974 7975
f 7953 7975 7954
f 7954 7975 7976
f 7954 7976 7955
f 7955 7976 7977
f 7955 7977 7956
f 7956 7977 7978
f 7956 7978 7957
f 7957 7978 7979
f 7957 7979 7958
f 7958 7979 7980
f 7958 7980 7959
f 7959 7980 7981
f 7959 7981 7960
f 7960 7981 7982
f 7960 7982 7564
f 7961 7541 7983
f 7961 7983 7962
f 7962 7983 7984
f 7962 7984 7963
f 7963 7984 7985
f 7963 7985 7964
f 7964 7985 7986
f 7964 7986 7965
f 7965 7986 7987
f 7965 7987 7966
f 7966 7987 7988
f 7966 7988 7967
f 7967 7988 7989
f 7967 7989 7968
f 7968 7989 7990
f 7968 7990 7969
f 7969 7990 7991
f 7969 7991 7970
f 7970 7991 7992
f 7970 7992 7971
f 7971 7992 7993
f 7971 7993 7972
f 7972 7993 7994
f 7972 7994 7973
f 7973 7994 7995
f 7973 7995 7974
f 7974 7995 7996
f 7974 7996 7975
f 7975 7996 7997
f 7975 7997 7976
f 7976 7997 7998
f 7976 7998 7977
f 7977 7998 7999
f 7977 7999 7978
f 7978 7999 8000
f 7978 8000 7979
f 7979 8000 8001
f 7979 8001 7980
f 7980 8001 8002
f 7980 8002 7981
f 7981 8002 8003
f 7981 8003 7982
f 7982 8003 8004
f 7982 8004 7564
f 7983 7541 8005
f 7983 8005 7984
f 7984 8005 8006
f 7984 8006 7985
f 7985 8006 8007
f 7985 8007 7986
f 7986 8007 8008
f 7986 8008 7987
f 7987 8008 8009
f 7987 8009 7988
f 7988 8009 8010
f 7988 8010 7989
f 7989 8010 8011
f 7989 8011 7990
f 7990 8011 8012
f 7990 8012 7991
f 7991 8012 8013
f 7991 8013 7992
f 7992 8013 8014
f 7992 8014 7993
f 7993 8014 8015
f 7993 8015 7994
f 7994 8015 8016
f 7994 8016 7995
f 7995 8016 8017
f 7995 8017 7996
f 7996 8017 8018
f 7996 8018 7997
f 7997 8018 8019
f 7997 8019 7998
f 7998 8019 8020
f 7998 8020 7999
f 7999 8020 8021
f 7999 8021 8000
f 8000 8021 8022
f 8000 8022 8001
f 8001 8022 8023
f 8001 8023 8002
f 8002 8023 8024
f 8002 8024 8003
f 8003 8024 8025
f 8003 8025 8004
f 8004 8025 8026
f 8004 8026 7564
f 8005 7541 8027
f 8005 8027 8006
f 8006 8027 8028
f 8006 8028 8007
f 8007 8028 8029
f 8007 8029 8008
f 8008 8029 8030
f 8008 8030 8009
f 8009 8030 8031
f 8009 8031 8010
f 8010 8031 8032
f 8010 8032 8011
f 8011 8032 8033
f 8011 8033 8012
f 8012 8033 8034
f 8012 8034 8013
f 8013 8034 8035
f 8013 8035 8014
f 8014 8035 8036
f 8014 8036 8015
f 8015 8036 8037
f 8015 8037 8016
f 8016 8037 8038
f 8016 8038 8017
f 8017 8038 8039
f 8017 8039 8018
f 8018 8039 8040
f 8018 8040 8019
f 8019 8040 8041
f 8019 8041 8020
f 8020 8041 8042
f 8020 8042 8021
f 8021 8042 8043
f 8021 8043 8022
f 8022 8043 8044
f 8022 8044 8023
f 8023 8044 8045
f 8023 8045 8024
f 8024 8045 8046
f 8024 8046 8025
f 8025 8046 8047
f 8025 8047 8026
f 8026 8047 8048
f 8026 8048 7564
f 8027 7541 8049
f 8027 8049 8028
f 8028 8049 8050
f 8028 8050 8029
f 8029 8050 8051
f 8029 8051 8030
f 8030 8051 8052
f 8030 8052 8031
f 8031 8052 8053
f 8031 8053 8032
f 8032 8053 8054
f 8032 8054 8033
f 8033 8054 8055
f 8033 8055 8034
f 8034 8055 8056
f 8034 8056 8035
f 8035 8056 8057
f 8035 8057 8036
f 8036 8057 8058
f 8036 8058 8037
f 8037 8058 8059
f 8037 8059 8038
f 8038 8059 8060
f 8038 8060 8039
f 8039 8060 8061
f 8039 8061 8040
f 8040 8061 8062
f 8040 8062 8041
f 8041 8062 8063
f 8041 8063 8042
f 8042 8063 8064
f 8042 8064 8043
f 8043 8064 8065
f 8043 8065 8044
f 8044 8065 8066
f 8044 8066 8045
f 8045 8066 8067
f 8045 8067 8046
f 8046 8067 8068
f 8046 8068 8047
f 8047 8068 8069
f 8047 8069 8048
f 8048 8069 8070
f 8048 8070 7564
f 8049 7541 7542
f 8049 7542 8050
f 8050 7542 7543
f 8050 7543 8051
f 8051 7543 7544
f 8051 7544 8052
f 8052 7544 7545
f 8052 7545 8053
f 8053 7545 7546
f 8053 7546 8054
f 8054 7546 7547
f 8054 7547 8055
f 8055 7547 7548
f 8055 7548 8056
f 8056 7548 7549
f 8056 7549 8057
f 8057 7549 7550
f 8057 7550 8058
f 8058 7550 7551
f 8058 7551 8059
f 8059 7551 7552
f 8059 7552 8060
f 8060 7552 7553
f 8060 7553 8061
f 8061 7553 7554
f 8061 7554 8062
f 8062 7554 7555
f 8062 7555 8063
f 8063 7555 7556
f 8063 7556 8064
f 8064 7556 7557
f 8064 7557 8065
f 8065 7557 7558
f 8065 7558 8066
f 8066 7558 7559
f 8066 7559 8067
f 8067 7559 7560
f 8067 7560 8068
f 8068 7560 7561
f 8068 7561 8069
f 8069 7561 7562
f 8069 7562 8070
f 8070 7562 7563
f 8070 7563 7564

